feed_name,raw_column,status_labels,never_loaded,dropped,loaded_but_unused,meaning_or_example,example_values,is_renamed_to,is_stored,is_used,where_dropped,drop_reason,where_used,recommendation
isbe_committees_tsv,DispFunds95,dropped,no,yes,no,Stores in bulk_committees_clean.residual_funds_per_ilcs_9_5,False | True,residual_funds_per_ilcs_9_5,bulk_committees_clean.residual_funds_per_ilcs_9_5,yes,scripts/isbe_sunshine_etl.py:1243,implicitly lost (collision with DispFundsDescrip -> disp_funds_95),webapp/routes/committees.py; webapp/routes/lobbying.py; database/analytics.py,Preserve this column in sunshine-import (distinct target column) or commit an explicit denylist decision.
isbe_committees_tsv,LocalID,dropped,no,yes,no,Stores in bulk_committees_clean.local_committee_id_obsolete,10040 | 14554 | 0,local_committee_id_obsolete,bulk_committees_clean.local_committee_id_obsolete,yes,scripts/isbe_sunshine_etl.py:55,explicitly excluded (sunshine FILE_COLUMNS omits LocalID),webapp/routes/committees.py; webapp/routes/lobbying.py; database/analytics.py,Preserve this column in sunshine-import (distinct target column) or commit an explicit denylist decision.
isbe_committees_tsv,StateID,dropped,no,yes,no,Stores in bulk_committees_clean.state_committee_id_obsolete,7775 | 9692 | 0,state_committee_id_obsolete,bulk_committees_clean.state_committee_id_obsolete,yes,scripts/isbe_sunshine_etl.py:55,explicitly excluded (sunshine FILE_COLUMNS omits StateID),webapp/routes/committees.py; webapp/routes/lobbying.py; database/analytics.py,Preserve this column in sunshine-import (distinct target column) or commit an explicit denylist decision.
isbe_d2totals_tsv,LoanMadeI,dropped,no,yes,no,Stores in bulk_d2_totals_clean.loans_made_itemized,0 | 2000 | 2500,loans_made_itemized,bulk_d2_totals_clean.loans_made_itemized,yes,scripts/isbe_sunshine_etl.py:1306,implicitly lost (mapped to expenditures_itemized then overwritten by ExpendI),database/analytics.py; scripts/build_triple_pipeline.py,Preserve this column in sunshine-import (distinct target column) or commit an explicit denylist decision.
isbe_d2totals_tsv,LoanMadeNI,dropped,no,yes,no,Stores in bulk_d2_totals_clean.loans_made_non_itemized,0 | 190.84 | 699.6,loans_made_non_itemized,bulk_d2_totals_clean.loans_made_non_itemized,yes,scripts/isbe_sunshine_etl.py:1307,implicitly lost (mapped to expenditures_non_itemized then overwritten by ExpendNI),database/analytics.py; scripts/build_triple_pipeline.py,Preserve this column in sunshine-import (distinct target column) or commit an explicit denylist decision.
isbe_d2totals_tsv,XferOutI,dropped,no,yes,no,Stores in bulk_d2_totals_clean.transfers_out_itemized,2582 | 211.53 | 0,transfers_out_itemized,bulk_d2_totals_clean.transfers_out_itemized,yes,scripts/isbe_sunshine_etl.py:1304,implicitly lost (mapped to expenditures_itemized then overwritten by ExpendI),database/analytics.py; scripts/build_triple_pipeline.py,Preserve this column in sunshine-import (distinct target column) or commit an explicit denylist decision.
isbe_d2totals_tsv,XferOutNI,dropped,no,yes,no,Stores in bulk_d2_totals_clean.transfers_out_non_itemized,0 | 836 | 220,transfers_out_non_itemized,bulk_d2_totals_clean.transfers_out_non_itemized,yes,scripts/isbe_sunshine_etl.py:1305,implicitly lost (mapped to expenditures_non_itemized then overwritten by ExpendNI),database/analytics.py; scripts/build_triple_pipeline.py,Preserve this column in sunshine-import (distinct target column) or commit an explicit denylist decision.
isbe_filed_docs_tsv,Amend,never_loaded|dropped,yes,yes,no,Example: True | False,True | False,,,no,database/bulk_download_loader.py:1362,explicitly excluded (import-bulk-download never selects this file type),,Either migrate consumers to sunshine-import outputs or extend import-bulk-download to include this file family.
isbe_filed_docs_tsv,Archived,never_loaded|dropped,yes,yes,no,Example: False | True,False | True,,,no,database/bulk_download_loader.py:1362,explicitly excluded (import-bulk-download never selects this file type),,Either migrate consumers to sunshine-import outputs or extend import-bulk-download to include this file family.
isbe_filed_docs_tsv,B9SignerFirstName,never_loaded|dropped,yes,yes,no,No clear mapping; see drop_reason,,,,no,database/bulk_download_loader.py:1362,explicitly excluded (import-bulk-download never selects this file type),,Either migrate consumers to sunshine-import outputs or extend import-bulk-download to include this file family.
isbe_filed_docs_tsv,B9SignerLastOnlyName,never_loaded|dropped,yes,yes,no,No clear mapping; see drop_reason,,,,no,database/bulk_download_loader.py:1362,explicitly excluded (import-bulk-download never selects this file type),,Either migrate consumers to sunshine-import outputs or extend import-bulk-download to include this file family.
isbe_filed_docs_tsv,Clarification,never_loaded|dropped,yes,yes,no,No clear mapping; see drop_reason,,,,no,database/bulk_download_loader.py:1362,explicitly excluded (import-bulk-download never selects this file type),,Either migrate consumers to sunshine-import outputs or extend import-bulk-download to include this file family.
isbe_filed_docs_tsv,Comment,never_loaded|dropped,yes,yes,no,Example: Changed Name Of Committee | Annual And Final Report | Schedule A Attached,Changed Name Of Committee | Annual And Final Report | Schedule A Attached,,,no,database/bulk_download_loader.py:1362,explicitly excluded (import-bulk-download never selects this file type),,Either migrate consumers to sunshine-import outputs or extend import-bulk-download to include this file family.
isbe_filed_docs_tsv,CommitteeID,never_loaded|dropped,yes,yes,no,Example: 586 | 1464 | 1463,586 | 1464 | 1463,,,no,database/bulk_download_loader.py:1362,explicitly excluded (import-bulk-download never selects this file type),,Either migrate consumers to sunshine-import outputs or extend import-bulk-download to include this file family.
isbe_filed_docs_tsv,DocName,never_loaded|dropped,yes,yes,no,Example: Statement of Organization | Final | Pre-election,Statement of Organization | Final | Pre-election,,,no,database/bulk_download_loader.py:1362,explicitly excluded (import-bulk-download never selects this file type),,Either migrate consumers to sunshine-import outputs or extend import-bulk-download to include this file family.
isbe_filed_docs_tsv,ElectionType,never_loaded|dropped,yes,yes,no,Example: CE | GE | GP,CE | GE | GP,,,no,database/bulk_download_loader.py:1362,explicitly excluded (import-bulk-download never selects this file type),,Either migrate consumers to sunshine-import outputs or extend import-bulk-download to include this file family.
isbe_filed_docs_tsv,ElectionYear,never_loaded|dropped,yes,yes,no,Example: 1989 | 1988 | 1990,1989 | 1988 | 1990,,,no,database/bulk_download_loader.py:1362,explicitly excluded (import-bulk-download never selects this file type),,Either migrate consumers to sunshine-import outputs or extend import-bulk-download to include this file family.
isbe_filed_docs_tsv,FiledDocType,never_loaded|dropped,yes,yes,no,Example: 05 | 30 | 10,05 | 30 | 10,,,no,database/bulk_download_loader.py:1362,explicitly excluded (import-bulk-download never selects this file type),,Either migrate consumers to sunshine-import outputs or extend import-bulk-download to include this file family.
isbe_filed_docs_tsv,ID,never_loaded|dropped,yes,yes,no,Example: 1 | 2 | 3,1 | 2 | 3,,,no,database/bulk_download_loader.py:1362,explicitly excluded (import-bulk-download never selects this file type),,Either migrate consumers to sunshine-import outputs or extend import-bulk-download to include this file family.
isbe_filed_docs_tsv,Pages,never_loaded|dropped,yes,yes,no,Example: 2 | 0 | 3,2 | 0 | 3,,,no,database/bulk_download_loader.py:1362,explicitly excluded (import-bulk-download never selects this file type),,Either migrate consumers to sunshine-import outputs or extend import-bulk-download to include this file family.
isbe_filed_docs_tsv,Provider,never_loaded|dropped,yes,yes,no,No clear mapping; see drop_reason,,,,no,database/bulk_download_loader.py:1362,explicitly excluded (import-bulk-download never selects this file type),,Either migrate consumers to sunshine-import outputs or extend import-bulk-download to include this file family.
isbe_filed_docs_tsv,RcvdAt,never_loaded|dropped,yes,yes,no,Example: S | C,S | C,,,no,database/bulk_download_loader.py:1362,explicitly excluded (import-bulk-download never selects this file type),,Either migrate consumers to sunshine-import outputs or extend import-bulk-download to include this file family.
isbe_filed_docs_tsv,RcvdDateTime,never_loaded|dropped,yes,yes,no,Example: 1989-05-30 10:54:00 | 1989-05-30 16:02:00 | 1989-05-30 10:57:00,1989-05-30 10:54:00 | 1989-05-30 16:02:00 | 1989-05-30 10:57:00,,,no,database/bulk_download_loader.py:1362,explicitly excluded (import-bulk-download never selects this file type),,Either migrate consumers to sunshine-import outputs or extend import-bulk-download to include this file family.
isbe_filed_docs_tsv,RedactionRequested,never_loaded|dropped,yes,yes,no,Example: False,False,,,no,database/bulk_download_loader.py:1362,explicitly excluded (import-bulk-download never selects this file type),,Either migrate consumers to sunshine-import outputs or extend import-bulk-download to include this file family.
isbe_filed_docs_tsv,RptPdBegDate,never_loaded|dropped,yes,yes,no,Example: 1989-01-07 00:00:00 | 1988-07-01 00:00:00 | 1989-01-08 00:00:00,1989-01-07 00:00:00 | 1988-07-01 00:00:00 | 1989-01-08 00:00:00,,,no,database/bulk_download_loader.py:1362,explicitly excluded (import-bulk-download never selects this file type),,Either migrate consumers to sunshine-import outputs or extend import-bulk-download to include this file family.
isbe_filed_docs_tsv,RptPdEndDate,never_loaded|dropped,yes,yes,no,Example: 1989-03-17 00:00:00 | 1989-05-25 00:00:00 | 1989-03-05 00:00:00,1989-03-17 00:00:00 | 1989-05-25 00:00:00 | 1989-03-05 00:00:00,,,no,database/bulk_download_loader.py:1362,explicitly excluded (import-bulk-download never selects this file type),,Either migrate consumers to sunshine-import outputs or extend import-bulk-download to include this file family.
isbe_filed_docs_tsv,SbmttrAddress1,never_loaded|dropped,yes,yes,no,No clear mapping; see drop_reason,,,,no,database/bulk_download_loader.py:1362,explicitly excluded (import-bulk-download never selects this file type),,Either migrate consumers to sunshine-import outputs or extend import-bulk-download to include this file family.
isbe_filed_docs_tsv,SbmttrAddress2,never_loaded|dropped,yes,yes,no,No clear mapping; see drop_reason,,,,no,database/bulk_download_loader.py:1362,explicitly excluded (import-bulk-download never selects this file type),,Either migrate consumers to sunshine-import outputs or extend import-bulk-download to include this file family.
isbe_filed_docs_tsv,SbmttrCity,never_loaded|dropped,yes,yes,no,No clear mapping; see drop_reason,,,,no,database/bulk_download_loader.py:1362,explicitly excluded (import-bulk-download never selects this file type),,Either migrate consumers to sunshine-import outputs or extend import-bulk-download to include this file family.
isbe_filed_docs_tsv,SbmttrFirstName,never_loaded|dropped,yes,yes,no,No clear mapping; see drop_reason,,,,no,database/bulk_download_loader.py:1362,explicitly excluded (import-bulk-download never selects this file type),,Either migrate consumers to sunshine-import outputs or extend import-bulk-download to include this file family.
isbe_filed_docs_tsv,SbmttrLastOnlyName,never_loaded|dropped,yes,yes,no,No clear mapping; see drop_reason,,,,no,database/bulk_download_loader.py:1362,explicitly excluded (import-bulk-download never selects this file type),,Either migrate consumers to sunshine-import outputs or extend import-bulk-download to include this file family.
isbe_filed_docs_tsv,SbmttrState,never_loaded|dropped,yes,yes,no,No clear mapping; see drop_reason,,,,no,database/bulk_download_loader.py:1362,explicitly excluded (import-bulk-download never selects this file type),,Either migrate consumers to sunshine-import outputs or extend import-bulk-download to include this file family.
isbe_filed_docs_tsv,SbmttrZip,never_loaded|dropped,yes,yes,no,No clear mapping; see drop_reason,,,,no,database/bulk_download_loader.py:1362,explicitly excluded (import-bulk-download never selects this file type),,Either migrate consumers to sunshine-import outputs or extend import-bulk-download to include this file family.
isbe_filed_docs_tsv,SignerFirstName,never_loaded|dropped,yes,yes,no,No clear mapping; see drop_reason,,,,no,database/bulk_download_loader.py:1362,explicitly excluded (import-bulk-download never selects this file type),,Either migrate consumers to sunshine-import outputs or extend import-bulk-download to include this file family.
isbe_filed_docs_tsv,SignerLastOnlyName,never_loaded|dropped,yes,yes,no,No clear mapping; see drop_reason,,,,no,database/bulk_download_loader.py:1362,explicitly excluded (import-bulk-download never selects this file type),,Either migrate consumers to sunshine-import outputs or extend import-bulk-download to include this file family.
isbe_filed_docs_tsv,Source,never_loaded|dropped,yes,yes,no,Example: D,D,,,no,database/bulk_download_loader.py:1362,explicitly excluded (import-bulk-download never selects this file type),,Either migrate consumers to sunshine-import outputs or extend import-bulk-download to include this file family.
isbe_canelections_tsv,CandidateID,never_loaded|dropped,yes,yes,no,Example: 1 | 2 | 3,1 | 2 | 3,,,no,database/bulk_download_loader.py:1362,explicitly excluded (import-bulk-download never selects this file type),,Either migrate consumers to sunshine-import outputs or extend import-bulk-download to include this file family.
isbe_canelections_tsv,ElectionType,never_loaded|dropped,yes,yes,no,Example: GP | GE | CE,GP | GE | CE,,,no,database/bulk_download_loader.py:1362,explicitly excluded (import-bulk-download never selects this file type),,Either migrate consumers to sunshine-import outputs or extend import-bulk-download to include this file family.
isbe_canelections_tsv,ElectionYear,never_loaded|dropped,yes,yes,no,Example: 1988 | 1992 | 1996,1988 | 1992 | 1996,,,no,database/bulk_download_loader.py:1362,explicitly excluded (import-bulk-download never selects this file type),,Either migrate consumers to sunshine-import outputs or extend import-bulk-download to include this file family.
isbe_canelections_tsv,FairCampaign,never_loaded|dropped,yes,yes,no,Example: False | True,False | True,,,no,database/bulk_download_loader.py:1362,explicitly excluded (import-bulk-download never selects this file type),,Either migrate consumers to sunshine-import outputs or extend import-bulk-download to include this file family.
isbe_canelections_tsv,ID,never_loaded|dropped,yes,yes,no,Example: 1 | 2 | 3,1 | 2 | 3,,,no,database/bulk_download_loader.py:1362,explicitly excluded (import-bulk-download never selects this file type),,Either migrate consumers to sunshine-import outputs or extend import-bulk-download to include this file family.
isbe_canelections_tsv,IncChallOpen,never_loaded|dropped,yes,yes,no,Example: Inc | Chal | Open,Inc | Chal | Open,,,no,database/bulk_download_loader.py:1362,explicitly excluded (import-bulk-download never selects this file type),,Either migrate consumers to sunshine-import outputs or extend import-bulk-download to include this file family.
isbe_canelections_tsv,LimitsOff,never_loaded|dropped,yes,yes,no,Example: False | True,False | True,,,no,database/bulk_download_loader.py:1362,explicitly excluded (import-bulk-download never selects this file type),,Either migrate consumers to sunshine-import outputs or extend import-bulk-download to include this file family.
isbe_canelections_tsv,LimitsOffReason,never_loaded|dropped,yes,yes,no,Example: Limits Off for Race | Board Determination | Self Funding Disclosure,Limits Off for Race | Board Determination | Self Funding Disclosure,,,no,database/bulk_download_loader.py:1362,explicitly excluded (import-bulk-download never selects this file type),,Either migrate consumers to sunshine-import outputs or extend import-bulk-download to include this file family.
isbe_canelections_tsv,WonLost,never_loaded|dropped,yes,yes,no,Example: Won | Lost | Nob,Won | Lost | Nob,,,no,database/bulk_download_loader.py:1362,explicitly excluded (import-bulk-download never selects this file type),,Either migrate consumers to sunshine-import outputs or extend import-bulk-download to include this file family.
isbe_officers_tsv,Address1,never_loaded|dropped,yes,yes,no,Example: 435 W Erie Street # 1204 | 744 Lenox Ln | 215 Wing Park Boulevard,435 W Erie Street # 1204 | 744 Lenox Ln | 215 Wing Park Boulevard,,,no,database/bulk_download_loader.py:1362,explicitly excluded (import-bulk-download never selects this file type),,Either migrate consumers to sunshine-import outputs or extend import-bulk-download to include this file family.
isbe_officers_tsv,Address2,never_loaded|dropped,yes,yes,no,"Example: 20 N Wacker Dr, Ste 2275 | #6C | Unit 2","20 N Wacker Dr, Ste 2275 | #6C | Unit 2",,,no,database/bulk_download_loader.py:1362,explicitly excluded (import-bulk-download never selects this file type),,Either migrate consumers to sunshine-import outputs or extend import-bulk-download to include this file family.
isbe_officers_tsv,City,never_loaded|dropped,yes,yes,no,Example: Chicago | Glenview | Elgin,Chicago | Glenview | Elgin,,,no,database/bulk_download_loader.py:1362,explicitly excluded (import-bulk-download never selects this file type),,Either migrate consumers to sunshine-import outputs or extend import-bulk-download to include this file family.
isbe_officers_tsv,FirstName,never_loaded|dropped,yes,yes,no,Example: Christopher | Mary Lou | Christina,Christopher | Mary Lou | Christina,,,no,database/bulk_download_loader.py:1362,explicitly excluded (import-bulk-download never selects this file type),,Either migrate consumers to sunshine-import outputs or extend import-bulk-download to include this file family.
isbe_officers_tsv,ID,never_loaded|dropped,yes,yes,no,Example: 77192 | 804 | 87269,77192 | 804 | 87269,,,no,database/bulk_download_loader.py:1362,explicitly excluded (import-bulk-download never selects this file type),,Either migrate consumers to sunshine-import outputs or extend import-bulk-download to include this file family.
isbe_officers_tsv,LastName,never_loaded|dropped,yes,yes,no,Example: !saac | Aagaard | Aagesen,!saac | Aagaard | Aagesen,,,no,database/bulk_download_loader.py:1362,explicitly excluded (import-bulk-download never selects this file type),,Either migrate consumers to sunshine-import outputs or extend import-bulk-download to include this file family.
isbe_officers_tsv,Phone,never_loaded|dropped,yes,yes,no,Example: 312.929.6406 | 618/253-3602 | 312-332-7132,312.929.6406 | 618/253-3602 | 312-332-7132,,,no,database/bulk_download_loader.py:1362,explicitly excluded (import-bulk-download never selects this file type),,Either migrate consumers to sunshine-import outputs or extend import-bulk-download to include this file family.
isbe_officers_tsv,RedactionRequested,never_loaded|dropped,yes,yes,no,Example: False | True,False | True,,,no,database/bulk_download_loader.py:1362,explicitly excluded (import-bulk-download never selects this file type),,Either migrate consumers to sunshine-import outputs or extend import-bulk-download to include this file family.
isbe_officers_tsv,State,never_loaded|dropped,yes,yes,no,Example: IL | PA | DC,IL | PA | DC,,,no,database/bulk_download_loader.py:1362,explicitly excluded (import-bulk-download never selects this file type),,Either migrate consumers to sunshine-import outputs or extend import-bulk-download to include this file family.
isbe_officers_tsv,Title,never_loaded|dropped,yes,yes,no,Example: Treasurer | Chair | Secretary,Treasurer | Chair | Secretary,,,no,database/bulk_download_loader.py:1362,explicitly excluded (import-bulk-download never selects this file type),,Either migrate consumers to sunshine-import outputs or extend import-bulk-download to include this file family.
isbe_officers_tsv,Zip,never_loaded|dropped,yes,yes,no,Example: 60654 | 60025 | 60123,60654 | 60025 | 60123,,,no,database/bulk_download_loader.py:1362,explicitly excluded (import-bulk-download never selects this file type),,Either migrate consumers to sunshine-import outputs or extend import-bulk-download to include this file family.
isbe_prev_officers_tsv,Address1,never_loaded|dropped,yes,yes,no,Example: 10034 S. Carpenter | 11152 S. Lowe | 19w055 Avenue Normandy South,10034 S. Carpenter | 11152 S. Lowe | 19w055 Avenue Normandy South,,,no,database/bulk_download_loader.py:1362,explicitly excluded (import-bulk-download never selects this file type),,Either migrate consumers to sunshine-import outputs or extend import-bulk-download to include this file family.
isbe_prev_officers_tsv,Address2,never_loaded|dropped,yes,yes,no,Example: 2nd Floor North | Second Floor North | Unit #5,2nd Floor North | Second Floor North | Unit #5,,,no,database/bulk_download_loader.py:1362,explicitly excluded (import-bulk-download never selects this file type),,Either migrate consumers to sunshine-import outputs or extend import-bulk-download to include this file family.
isbe_prev_officers_tsv,City,never_loaded|dropped,yes,yes,no,Example: Chicago | Oak Brook | Lombard,Chicago | Oak Brook | Lombard,,,no,database/bulk_download_loader.py:1362,explicitly excluded (import-bulk-download never selects this file type),,Either migrate consumers to sunshine-import outputs or extend import-bulk-download to include this file family.
isbe_prev_officers_tsv,CommitteeID,never_loaded|dropped,yes,yes,no,Example: 1 | 5 | 8,1 | 5 | 8,,,no,database/bulk_download_loader.py:1362,explicitly excluded (import-bulk-download never selects this file type),,Either migrate consumers to sunshine-import outputs or extend import-bulk-download to include this file family.
isbe_prev_officers_tsv,FirstName,never_loaded|dropped,yes,yes,no,Example: Sylvia | Nelson | Hugh R.,Sylvia | Nelson | Hugh R.,,,no,database/bulk_download_loader.py:1362,explicitly excluded (import-bulk-download never selects this file type),,Either migrate consumers to sunshine-import outputs or extend import-bulk-download to include this file family.
isbe_prev_officers_tsv,ID,never_loaded|dropped,yes,yes,no,Example: 6707 | 6708 | 114,6707 | 6708 | 114,,,no,database/bulk_download_loader.py:1362,explicitly excluded (import-bulk-download never selects this file type),,Either migrate consumers to sunshine-import outputs or extend import-bulk-download to include this file family.
isbe_prev_officers_tsv,LastName,never_loaded|dropped,yes,yes,no,Example: Brooks | Rice | Murphy,Brooks | Rice | Murphy,,,no,database/bulk_download_loader.py:1362,explicitly excluded (import-bulk-download never selects this file type),,Either migrate consumers to sunshine-import outputs or extend import-bulk-download to include this file family.
isbe_prev_officers_tsv,RedactionRequested,never_loaded|dropped,yes,yes,no,Example: False | True,False | True,,,no,database/bulk_download_loader.py:1362,explicitly excluded (import-bulk-download never selects this file type),,Either migrate consumers to sunshine-import outputs or extend import-bulk-download to include this file family.
isbe_prev_officers_tsv,ResignDate,never_loaded|dropped,yes,yes,no,Example: 1998-12-31 12:05:33 | 1998-12-31 12:05:53 | 1989-10-06 00:00:00,1998-12-31 12:05:33 | 1998-12-31 12:05:53 | 1989-10-06 00:00:00,,,no,database/bulk_download_loader.py:1362,explicitly excluded (import-bulk-download never selects this file type),,Either migrate consumers to sunshine-import outputs or extend import-bulk-download to include this file family.
isbe_prev_officers_tsv,State,never_loaded|dropped,yes,yes,no,Example: IL | Il | iL,IL | Il | iL,,,no,database/bulk_download_loader.py:1362,explicitly excluded (import-bulk-download never selects this file type),,Either migrate consumers to sunshine-import outputs or extend import-bulk-download to include this file family.
isbe_prev_officers_tsv,Title,never_loaded|dropped,yes,yes,no,Example: Treasurer | Chair | Vice-Chair,Treasurer | Chair | Vice-Chair,,,no,database/bulk_download_loader.py:1362,explicitly excluded (import-bulk-download never selects this file type),,Either migrate consumers to sunshine-import outputs or extend import-bulk-download to include this file family.
isbe_prev_officers_tsv,Zip,never_loaded|dropped,yes,yes,no,Example: 60643 | 60628 | 60521,60643 | 60628 | 60521,,,no,database/bulk_download_loader.py:1362,explicitly excluded (import-bulk-download never selects this file type),,Either migrate consumers to sunshine-import outputs or extend import-bulk-download to include this file family.
isbe_cmte_officer_links_tsv,CommitteeID,never_loaded|dropped,yes,yes,no,Example: 1 | 2 | 3,1 | 2 | 3,,,no,database/bulk_download_loader.py:1362,explicitly excluded (import-bulk-download never selects this file type),,Either migrate consumers to sunshine-import outputs or extend import-bulk-download to include this file family.
isbe_cmte_officer_links_tsv,ID,never_loaded|dropped,yes,yes,no,Example: 23999 | 24000 | 3,23999 | 24000 | 3,,,no,database/bulk_download_loader.py:1362,explicitly excluded (import-bulk-download never selects this file type),,Either migrate consumers to sunshine-import outputs or extend import-bulk-download to include this file family.
isbe_cmte_officer_links_tsv,OfficerID,never_loaded|dropped,yes,yes,no,Example: 26668 | 26669 | 2,26668 | 26669 | 2,,,no,database/bulk_download_loader.py:1362,explicitly excluded (import-bulk-download never selects this file type),,Either migrate consumers to sunshine-import outputs or extend import-bulk-download to include this file family.
isbe_investments_tsv,Address1,never_loaded|dropped,yes,yes,no,Example: 5069 N. Broadway | 201 E. Cherry St. | Rose & Franklin Aves.,5069 N. Broadway | 201 E. Cherry St. | Rose & Franklin Aves.,,,no,database/bulk_download_loader.py:1362,explicitly excluded (import-bulk-download never selects this file type),,Either migrate consumers to sunshine-import outputs or extend import-bulk-download to include this file family.
isbe_investments_tsv,Address2,never_loaded|dropped,yes,yes,no,Example: Suite 1000 | p o box 33030 | P O Box 89,Suite 1000 | p o box 33030 | P O Box 89,,,no,database/bulk_download_loader.py:1362,explicitly excluded (import-bulk-download never selects this file type),,Either migrate consumers to sunshine-import outputs or extend import-bulk-download to include this file family.
isbe_investments_tsv,Archived,never_loaded|dropped,yes,yes,no,Example: False | True,False | True,,,no,database/bulk_download_loader.py:1362,explicitly excluded (import-bulk-download never selects this file type),,Either migrate consumers to sunshine-import outputs or extend import-bulk-download to include this file family.
isbe_investments_tsv,City,never_loaded|dropped,yes,yes,no,Example: Chicago | Watseka | Franklin Park,Chicago | Watseka | Franklin Park,,,no,database/bulk_download_loader.py:1362,explicitly excluded (import-bulk-download never selects this file type),,Either migrate consumers to sunshine-import outputs or extend import-bulk-download to include this file family.
isbe_investments_tsv,CommitteeID,never_loaded|dropped,yes,yes,no,Example: 4294 | 320 | 4682,4294 | 320 | 4682,,,no,database/bulk_download_loader.py:1362,explicitly excluded (import-bulk-download never selects this file type),,Either migrate consumers to sunshine-import outputs or extend import-bulk-download to include this file family.
isbe_investments_tsv,Country,never_loaded|dropped,yes,yes,no,Example: United States | Cook | Will,United States | Cook | Will,,,no,database/bulk_download_loader.py:1362,explicitly excluded (import-bulk-download never selects this file type),,Either migrate consumers to sunshine-import outputs or extend import-bulk-download to include this file family.
isbe_investments_tsv,CurrentValue,never_loaded|dropped,yes,yes,no,Example: 5000 | 100000 | 35000,5000 | 100000 | 35000,,,no,database/bulk_download_loader.py:1362,explicitly excluded (import-bulk-download never selects this file type),,Either migrate consumers to sunshine-import outputs or extend import-bulk-download to include this file family.
isbe_investments_tsv,Description,never_loaded|dropped,yes,yes,no,Example: Purchase CD | purchase of CD | Certificate of Deposit,Purchase CD | purchase of CD | Certificate of Deposit,,,no,database/bulk_download_loader.py:1362,explicitly excluded (import-bulk-download never selects this file type),,Either migrate consumers to sunshine-import outputs or extend import-bulk-download to include this file family.
isbe_investments_tsv,FiledDocID,never_loaded|dropped,yes,yes,no,Example: 173016 | 173563 | 173583,173016 | 173563 | 173583,,,no,database/bulk_download_loader.py:1362,explicitly excluded (import-bulk-download never selects this file type),,Either migrate consumers to sunshine-import outputs or extend import-bulk-download to include this file family.
isbe_investments_tsv,FirstName,never_loaded|dropped,yes,yes,no,Example: Banda | Quin | Beverly,Banda | Quin | Beverly,,,no,database/bulk_download_loader.py:1362,explicitly excluded (import-bulk-download never selects this file type),,Either migrate consumers to sunshine-import outputs or extend import-bulk-download to include this file family.
isbe_investments_tsv,ID,never_loaded|dropped,yes,yes,no,Example: 22 | 23 | 24,22 | 23 | 24,,,no,database/bulk_download_loader.py:1362,explicitly excluded (import-bulk-download never selects this file type),,Either migrate consumers to sunshine-import outputs or extend import-bulk-download to include this file family.
isbe_investments_tsv,LastOnlyName,never_loaded|dropped,yes,yes,no,Example: International Bank of Chicago | Iroquois Federal Savings | LaSalle Bank,International Bank of Chicago | Iroquois Federal Savings | LaSalle Bank,,,no,database/bulk_download_loader.py:1362,explicitly excluded (import-bulk-download never selects this file type),,Either migrate consumers to sunshine-import outputs or extend import-bulk-download to include this file family.
isbe_investments_tsv,LiquidDate,never_loaded|dropped,yes,yes,no,Example: 1999-06-30 00:00:00 | 1999-12-31 00:00:00 | 1999-09-27 00:00:00,1999-06-30 00:00:00 | 1999-12-31 00:00:00 | 1999-09-27 00:00:00,,,no,database/bulk_download_loader.py:1362,explicitly excluded (import-bulk-download never selects this file type),,Either migrate consumers to sunshine-import outputs or extend import-bulk-download to include this file family.
isbe_investments_tsv,LiquidValue,never_loaded|dropped,yes,yes,no,Example: 10000 | 0 | 56859.8,10000 | 0 | 56859.8,,,no,database/bulk_download_loader.py:1362,explicitly excluded (import-bulk-download never selects this file type),,Either migrate consumers to sunshine-import outputs or extend import-bulk-download to include this file family.
isbe_investments_tsv,PurchaseDate,never_loaded|dropped,yes,yes,no,Example: 1998-07-29 00:00:00 | 1998-04-01 00:00:00 | 1999-01-29 00:00:00,1998-07-29 00:00:00 | 1998-04-01 00:00:00 | 1999-01-29 00:00:00,,,no,database/bulk_download_loader.py:1362,explicitly excluded (import-bulk-download never selects this file type),,Either migrate consumers to sunshine-import outputs or extend import-bulk-download to include this file family.
isbe_investments_tsv,PurchasePrice,never_loaded|dropped,yes,yes,no,Example: 15000 | 100000 | 35000,15000 | 100000 | 35000,,,no,database/bulk_download_loader.py:1362,explicitly excluded (import-bulk-download never selects this file type),,Either migrate consumers to sunshine-import outputs or extend import-bulk-download to include this file family.
isbe_investments_tsv,PurchaseShares,never_loaded|dropped,yes,yes,no,Example: 0,0,,,no,database/bulk_download_loader.py:1362,explicitly excluded (import-bulk-download never selects this file type),,Either migrate consumers to sunshine-import outputs or extend import-bulk-download to include this file family.
isbe_investments_tsv,State,never_loaded|dropped,yes,yes,no,Example: IL | PA | MA,IL | PA | MA,,,no,database/bulk_download_loader.py:1362,explicitly excluded (import-bulk-download never selects this file type),,Either migrate consumers to sunshine-import outputs or extend import-bulk-download to include this file family.
isbe_investments_tsv,Zip,never_loaded|dropped,yes,yes,no,Example: 60640 | 60970 | 60131,60640 | 60970 | 60131,,,no,database/bulk_download_loader.py:1362,explicitly excluded (import-bulk-download never selects this file type),,Either migrate consumers to sunshine-import outputs or extend import-bulk-download to include this file family.
irs527_full_data_record_1_org_registration,pos_3,never_loaded|dropped,yes,yes,no,Example: 0 | 1,0 | 1,,,no,database/irs527_loader.py:74,explicitly excluded (parser never references this position),,Review IRS layout and map needed positions explicitly.
irs527_full_data_record_1_org_registration,pos_4,never_loaded|dropped,yes,yes,no,Example: 0 | 1,0 | 1,,,no,database/irs527_loader.py:74,explicitly excluded (parser never references this position),,Review IRS layout and map needed positions explicitly.
irs527_full_data_record_1_org_registration,pos_5,never_loaded|dropped,yes,yes,no,Example: 0 | 1,0 | 1,,,no,database/irs527_loader.py:74,explicitly excluded (parser never references this position),,Review IRS layout and map needed positions explicitly.
irs527_full_data_record_1_org_registration,pos_41,never_loaded|dropped,yes,yes,no,Example: 2001-05-13 21:20:54 | 2001-05-14 15:05:31 | 2001-05-14 17:24:52,2001-05-13 21:20:54 | 2001-05-14 15:05:31 | 2001-05-14 17:24:52,,,no,database/irs527_loader.py:74,explicitly excluded (parser never references this position),,Review IRS layout and map needed positions explicitly.
irs527_full_data_record_1_org_registration,pos_42,never_loaded|dropped,yes,yes,no,Example: 0 | 1,0 | 1,,,no,database/irs527_loader.py:74,explicitly excluded (parser never references this position),,Review IRS layout and map needed positions explicitly.
irs527_full_data_record_1_org_registration,pos_43,never_loaded|dropped,yes,yes,no,Example: 1 | 0,1 | 0,,,no,database/irs527_loader.py:74,explicitly excluded (parser never references this position),,Review IRS layout and map needed positions explicitly.
irs527_full_data_record_2_periodic_report,pos_5,never_loaded|dropped,yes,yes,no,Example: 1 | 0,1 | 0,,,no,database/irs527_loader.py:125,explicitly excluded (parser never references this position),,Review IRS layout and map needed positions explicitly.
irs527_full_data_record_2_periodic_report,pos_6,never_loaded|dropped,yes,yes,no,Example: 0 | 1,0 | 1,,,no,database/irs527_loader.py:125,explicitly excluded (parser never references this position),,Review IRS layout and map needed positions explicitly.
irs527_full_data_record_2_periodic_report,pos_7,never_loaded|dropped,yes,yes,no,Example: 0 | 1,0 | 1,,,no,database/irs527_loader.py:125,explicitly excluded (parser never references this position),,Review IRS layout and map needed positions explicitly.
irs527_full_data_record_2_periodic_report,pos_8,never_loaded|dropped,yes,yes,no,Example: 0 | 1,0 | 1,,,no,database/irs527_loader.py:125,explicitly excluded (parser never references this position),,Review IRS layout and map needed positions explicitly.
irs527_full_data_record_2_periodic_report,pos_46,never_loaded|dropped,yes,yes,no,Example: 0 | 1,0 | 1,,,no,database/irs527_loader.py:125,explicitly excluded (parser never references this position),,Review IRS layout and map needed positions explicitly.
irs527_full_data_record_2_periodic_report,pos_49,never_loaded|dropped,yes,yes,no,No clear mapping; see drop_reason,,,,no,database/irs527_loader.py:125,explicitly excluded (parser never references this position),,Review IRS layout and map needed positions explicitly.
irs527_full_data_record_A_contribution,pos_2,never_loaded|dropped,yes,yes,no,Example: 38296 | 38297 | 38298,38296 | 38297 | 38298,,,no,database/irs527_loader.py:234,explicitly excluded (parser never references this position),,Review IRS layout and map needed positions explicitly.
irs527_full_data_record_A_contribution,pos_16,never_loaded|dropped,yes,yes,no,Example: 20030214 | 20030630 | 20030531,20030214 | 20030630 | 20030531,,,no,database/irs527_loader.py:234,explicitly excluded (parser never references this position),,Review IRS layout and map needed positions explicitly.
irs527_full_data_record_A_contribution,pos_17,never_loaded|dropped,yes,yes,no,No clear mapping; see drop_reason,,,,no,database/irs527_loader.py:234,explicitly excluded (parser never references this position),,Review IRS layout and map needed positions explicitly.
irs527_full_data_record_B_expenditure,pos_2,never_loaded|dropped,yes,yes,no,Example: 38295 | 71358 | 71359,38295 | 71358 | 71359,,,no,database/irs527_loader.py:259,explicitly excluded (parser never references this position),,Review IRS layout and map needed positions explicitly.
irs527_full_data_record_B_expenditure,pos_17,never_loaded|dropped,yes,yes,no,No clear mapping; see drop_reason,,,,no,database/irs527_loader.py:259,explicitly excluded (parser never references this position),,Review IRS layout and map needed positions explicitly.
irs527_full_data_record_D_director,pos_2,never_loaded|dropped,yes,yes,no,Example: 26174 | 269 | 270,26174 | 269 | 270,,,no,database/irs527_loader.py:190,explicitly excluded (parser never references this position),,Review IRS layout and map needed positions explicitly.
irs527_full_data_record_D_director,pos_13,never_loaded|dropped,yes,yes,no,No clear mapping; see drop_reason,,,,no,database/irs527_loader.py:190,explicitly excluded (parser never references this position),,Review IRS layout and map needed positions explicitly.
irs527_full_data_record_E_election_authority,pos_4,never_loaded|dropped,yes,yes,no,Example: FL | MI | NY,FL | MI | NY,,,no,database/irs527_loader.py:285,explicitly excluded (parser never references this position),,Review IRS layout and map needed positions explicitly.
irs527_full_data_record_E_election_authority,pos_5,never_loaded|dropped,yes,yes,no,No clear mapping; see drop_reason,,,,no,database/irs527_loader.py:285,explicitly excluded (parser never references this position),,Review IRS layout and map needed positions explicitly.
irs527_full_data_record_H_header,pos_1,dropped,no,yes,no,Example: 20260208,20260208,,,no,database/irs527_loader.py:562,always-null/meaningless for core model (header parsed for stats only),,Persist header metadata to an audit table if needed for provenance.
irs527_full_data_record_H_header,pos_2,dropped,no,yes,no,Example: 0641,0641,,,no,database/irs527_loader.py:562,always-null/meaningless for core model (header parsed for stats only),,Persist header metadata to an audit table if needed for provenance.
irs527_full_data_record_H_header,pos_3,dropped,no,yes,no,Example: F,F,,,no,database/irs527_loader.py:562,always-null/meaningless for core model (header parsed for stats only),,Persist header metadata to an audit table if needed for provenance.
irs527_full_data_record_H_header,pos_4,never_loaded|dropped,yes,yes,no,No clear mapping; see drop_reason,,,,no,database/irs527_loader.py:64,never read,,Add explicit mapping or mark intentional denylist with rationale.
irs527_full_data_record_R_related_org,pos_2,never_loaded|dropped,yes,yes,no,Example: 5 | 7 | 8,5 | 7 | 8,,,no,database/irs527_loader.py:212,explicitly excluded (parser never references this position),,Review IRS layout and map needed positions explicitly.
irs527_full_data_record_R_related_org,pos_13,never_loaded|dropped,yes,yes,no,No clear mapping; see drop_reason,,,,no,database/irs527_loader.py:212,explicitly excluded (parser never references this position),,Review IRS layout and map needed positions explicitly.
irs527_full_data_record_UNKNOWN,pos_1,never_loaded|dropped,yes,yes,no,Example: 20130306 | 20130116 | 20130320,20130306 | 20130116 | 20130320,,,no,database/irs527_loader.py:651,unknown/bug (unrecognized record type treated as malformed),,Persist unknown record types to quarantine table for review.
irs527_full_data_record_UNKNOWN,pos_2,never_loaded|dropped,yes,yes,no,Example: 2013-03-06 16:32:00 | 2013-03-18 11:11:29 | 2013-03-20 14:49:05,2013-03-06 16:32:00 | 2013-03-18 11:11:29 | 2013-03-20 14:49:05,,,no,database/irs527_loader.py:651,unknown/bug (unrecognized record type treated as malformed),,Persist unknown record types to quarantine table for review.
irs527_full_data_record_UNKNOWN,pos_3,never_loaded|dropped,yes,yes,no,Example: 1 | 0 | 775,1 | 0 | 775,,,no,database/irs527_loader.py:651,unknown/bug (unrecognized record type treated as malformed),,Persist unknown record types to quarantine table for review.
irs527_full_data_record_UNKNOWN,pos_4,never_loaded|dropped,yes,yes,no,Example: 1 | 0 | 20091019,1 | 0 | 20091019,,,no,database/irs527_loader.py:651,unknown/bug (unrecognized record type treated as malformed),,Persist unknown record types to quarantine table for review.
irs527_full_data_record_UNKNOWN,pos_5,never_loaded|dropped,yes,yes,no,"Example: N/A | WESTERN REFINING, INC. | RETIRED","N/A | WESTERN REFINING, INC. | RETIRED",,,no,database/irs527_loader.py:651,unknown/bug (unrecognized record type treated as malformed),,Persist unknown record types to quarantine table for review.
irs527_full_data_record_UNKNOWN,pos_6,never_loaded|dropped,yes,yes,no,Example: N/A | Brian Sims | STATE OF ARKANSAS,N/A | Brian Sims | STATE OF ARKANSAS,,,no,database/irs527_loader.py:651,unknown/bug (unrecognized record type treated as malformed),,Persist unknown record types to quarantine table for review.
irs527_full_data_record_UNKNOWN,pos_7,never_loaded|dropped,yes,yes,no,Example: 10 | 3973 | 195,10 | 3973 | 195,,,no,database/irs527_loader.py:651,unknown/bug (unrecognized record type treated as malformed),,Persist unknown record types to quarantine table for review.
irs527_full_data_record_UNKNOWN,pos_8,never_loaded|dropped,yes,yes,no,Example: N/A | Chief of Staff | DEPUTY DIRECTOR OF LEGISLATIVE AFFAIRS,N/A | Chief of Staff | DEPUTY DIRECTOR OF LEGISLATIVE AFFAIRS,,,no,database/irs527_loader.py:651,unknown/bug (unrecognized record type treated as malformed),,Persist unknown record types to quarantine table for review.
irs527_full_data_record_UNKNOWN,pos_9,never_loaded|dropped,yes,yes,no,Example: 20150130 | 20150617 | 20150108,20150130 | 20150617 | 20150108,,,no,database/irs527_loader.py:651,unknown/bug (unrecognized record type treated as malformed),,Persist unknown record types to quarantine table for review.
irs527_full_data_record_UNKNOWN,pos_10,never_loaded|dropped,yes,yes,no,"Example: AMEX/TRAVEL | REIMBURSEMENT; METRO, TRAVEL | INSURANCE","AMEX/TRAVEL | REIMBURSEMENT; METRO, TRAVEL | INSURANCE",,,no,database/irs527_loader.py:651,unknown/bug (unrecognized record type treated as malformed),,Persist unknown record types to quarantine table for review.
irs527_full_data_record_UNKNOWN,pos_11,never_loaded|dropped,yes,yes,no,Example: Political contribution,Political contribution,,,no,database/irs527_loader.py:651,unknown/bug (unrecognized record type treated as malformed),,Persist unknown record types to quarantine table for review.
irs527_full_data_record_UNKNOWN,pos_12,never_loaded|dropped,yes,yes,no,No clear mapping; see drop_reason,,,,no,database/irs527_loader.py:651,unknown/bug (unrecognized record type treated as malformed),,Persist unknown record types to quarantine table for review.
fec_api_schedule_a_json,amendment_indicator,dropped|loaded_but_unused,no,yes,yes,Example: A | N | C,A | N | C,,raw_extractions.payload_json,no,database/federal_fec.py:1173,explicitly excluded (not projected into structured FEC table),,"Add explicit projection mapping if this key is needed downstream, or document intentional exclusion."
fec_api_schedule_a_json,amendment_indicator_desc,dropped|loaded_but_unused,no,yes,yes,Example: ADD | NO CHANGE | CHANGE,ADD | NO CHANGE | CHANGE,,raw_extractions.payload_json,no,database/federal_fec.py:1173,explicitly excluded (not projected into structured FEC table),,"Add explicit projection mapping if this key is needed downstream, or document intentional exclusion."
fec_api_schedule_a_json,back_reference_schedule_name,dropped|loaded_but_unused,no,yes,yes,Example: SA11AI | SA11D | SA12,SA11AI | SA11D | SA12,,raw_extractions.payload_json,no,database/federal_fec.py:1173,explicitly excluded (not projected into structured FEC table),,"Add explicit projection mapping if this key is needed downstream, or document intentional exclusion."
fec_api_schedule_a_json,back_reference_transaction_id,dropped|loaded_but_unused,no,yes,yes,Example: A7ABDE7206C224F078A4 | AD2A07F1A69DA436CAB2 | AA57A013D938E4152891,A7ABDE7206C224F078A4 | AD2A07F1A69DA436CAB2 | AA57A013D938E4152891,,raw_extractions.payload_json,no,database/federal_fec.py:1173,explicitly excluded (not projected into structured FEC table),,"Add explicit projection mapping if this key is needed downstream, or document intentional exclusion."
fec_api_schedule_a_json,candidate_first_name,dropped|loaded_but_unused,no,yes,yes,Example: JONATHAN | FELIX | JEFFREY D,JONATHAN | FELIX | JEFFREY D,,raw_extractions.payload_json,no,database/federal_fec.py:1173,explicitly excluded (not projected into structured FEC table),,"Add explicit projection mapping if this key is needed downstream, or document intentional exclusion."
fec_api_schedule_a_json,candidate_last_name,dropped|loaded_but_unused,no,yes,yes,Example: DEAN | TELLO | WALTER,DEAN | TELLO | WALTER,,raw_extractions.payload_json,no,database/federal_fec.py:1173,explicitly excluded (not projected into structured FEC table),,"Add explicit projection mapping if this key is needed downstream, or document intentional exclusion."
fec_api_schedule_a_json,candidate_middle_name,dropped|loaded_but_unused,no,yes,yes,Example: MCKAY | L | D.,MCKAY | L | D.,,raw_extractions.payload_json,no,database/federal_fec.py:1173,explicitly excluded (not projected into structured FEC table),,"Add explicit projection mapping if this key is needed downstream, or document intentional exclusion."
fec_api_schedule_a_json,candidate_office,dropped|loaded_but_unused,no,yes,yes,Example: S | H,S | H,,raw_extractions.payload_json,no,database/federal_fec.py:1173,explicitly excluded (not projected into structured FEC table),,"Add explicit projection mapping if this key is needed downstream, or document intentional exclusion."
fec_api_schedule_a_json,candidate_office_district,dropped|loaded_but_unused,no,yes,yes,Example: 00 | 07 | 11,00 | 07 | 11,,raw_extractions.payload_json,no,database/federal_fec.py:1173,explicitly excluded (not projected into structured FEC table),,"Add explicit projection mapping if this key is needed downstream, or document intentional exclusion."
fec_api_schedule_a_json,candidate_office_full,dropped|loaded_but_unused,no,yes,yes,Example: SENATE | HOUSE,SENATE | HOUSE,,raw_extractions.payload_json,no,database/federal_fec.py:1173,explicitly excluded (not projected into structured FEC table),,"Add explicit projection mapping if this key is needed downstream, or document intentional exclusion."
fec_api_schedule_a_json,candidate_office_state,dropped|loaded_but_unused,no,yes,yes,Example: IL | TX | IN,IL | TX | IN,,raw_extractions.payload_json,no,database/federal_fec.py:1173,explicitly excluded (not projected into structured FEC table),,"Add explicit projection mapping if this key is needed downstream, or document intentional exclusion."
fec_api_schedule_a_json,candidate_office_state_full,dropped|loaded_but_unused,no,yes,yes,Example: ILLINOIS | TEXAS | INDIANA,ILLINOIS | TEXAS | INDIANA,,raw_extractions.payload_json,no,database/federal_fec.py:1173,explicitly excluded (not projected into structured FEC table),,"Add explicit projection mapping if this key is needed downstream, or document intentional exclusion."
fec_api_schedule_a_json,candidate_prefix,dropped|loaded_but_unused,no,yes,yes,Example: DR. | MRS. | MR.,DR. | MRS. | MR.,,raw_extractions.payload_json,no,database/federal_fec.py:1173,explicitly excluded (not projected into structured FEC table),,"Add explicit projection mapping if this key is needed downstream, or document intentional exclusion."
fec_api_schedule_a_json,candidate_suffix,dropped|loaded_but_unused,no,yes,yes,Example: JR | JR.,JR | JR.,,raw_extractions.payload_json,no,database/federal_fec.py:1173,explicitly excluded (not projected into structured FEC table),,"Add explicit projection mapping if this key is needed downstream, or document intentional exclusion."
fec_api_schedule_a_json,committee_id,dropped|loaded_but_unused,no,yes,yes,Example: C00917245 | C00915280 | C00917930,C00917245 | C00915280 | C00917930,,raw_extractions.payload_json,no,database/federal_fec.py:1173,explicitly excluded (not projected into structured FEC table),,"Add explicit projection mapping if this key is needed downstream, or document intentional exclusion."
fec_api_schedule_a_json,conduit_committee_city,dropped|loaded_but_unused,no,yes,yes,Example: ARLINGTON | WASHINGTON | CHICAGO,ARLINGTON | WASHINGTON | CHICAGO,,raw_extractions.payload_json,no,database/federal_fec.py:1173,explicitly excluded (not projected into structured FEC table),,"Add explicit projection mapping if this key is needed downstream, or document intentional exclusion."
fec_api_schedule_a_json,conduit_committee_id,dropped|loaded_but_unused,no,yes,yes,No clear mapping; see drop_reason,,,raw_extractions.payload_json,no,database/federal_fec.py:1173,explicitly excluded (not projected into structured FEC table),,"Add explicit projection mapping if this key is needed downstream, or document intentional exclusion."
fec_api_schedule_a_json,conduit_committee_name,dropped|loaded_but_unused,no,yes,yes,Example: WINRED PAC | HOUSE FREEDOM FUND | WINRED,WINRED PAC | HOUSE FREEDOM FUND | WINRED,,raw_extractions.payload_json,no,database/federal_fec.py:1173,explicitly excluded (not projected into structured FEC table),,"Add explicit projection mapping if this key is needed downstream, or document intentional exclusion."
fec_api_schedule_a_json,conduit_committee_state,dropped|loaded_but_unused,no,yes,yes,Example: VA | DC | IL,VA | DC | IL,,raw_extractions.payload_json,no,database/federal_fec.py:1173,explicitly excluded (not projected into structured FEC table),,"Add explicit projection mapping if this key is needed downstream, or document intentional exclusion."
fec_api_schedule_a_json,conduit_committee_street1,dropped|loaded_but_unused,no,yes,yes,Example: PO BOX 9891 | 300 INDEPENDENCE AVENUE SE | 4250 FAIRFAX DR,PO BOX 9891 | 300 INDEPENDENCE AVENUE SE | 4250 FAIRFAX DR,,raw_extractions.payload_json,no,database/federal_fec.py:1173,explicitly excluded (not projected into structured FEC table),,"Add explicit projection mapping if this key is needed downstream, or document intentional exclusion."
fec_api_schedule_a_json,conduit_committee_street2,dropped|loaded_but_unused,no,yes,yes,Example: STE 600 | SUITE 530,STE 600 | SUITE 530,,raw_extractions.payload_json,no,database/federal_fec.py:1173,explicitly excluded (not projected into structured FEC table),,"Add explicit projection mapping if this key is needed downstream, or document intentional exclusion."
fec_api_schedule_a_json,conduit_committee_zip,dropped|loaded_but_unused,no,yes,yes,Example: 22219 | 20003 | 22203,22219 | 20003 | 22203,,raw_extractions.payload_json,no,database/federal_fec.py:1173,explicitly excluded (not projected into structured FEC table),,"Add explicit projection mapping if this key is needed downstream, or document intentional exclusion."
fec_api_schedule_a_json,contributor_aggregate_ytd,dropped|loaded_but_unused,no,yes,yes,Example: 5507.08 | 260.25 | 250.0,5507.08 | 260.25 | 250.0,,raw_extractions.payload_json,no,database/federal_fec.py:1173,explicitly excluded (not projected into structured FEC table),,"Add explicit projection mapping if this key is needed downstream, or document intentional exclusion."
fec_api_schedule_a_json,contributor_first_name,dropped|loaded_but_unused,no,yes,yes,Example: DAVID | JANICE | CYNTHIA,DAVID | JANICE | CYNTHIA,,raw_extractions.payload_json,no,database/federal_fec.py:1173,explicitly excluded (not projected into structured FEC table),,"Add explicit projection mapping if this key is needed downstream, or document intentional exclusion."
fec_api_schedule_a_json,contributor_last_name,dropped|loaded_but_unused,no,yes,yes,Example: OBRIEN | DURWARD | WOESSNER,OBRIEN | DURWARD | WOESSNER,,raw_extractions.payload_json,no,database/federal_fec.py:1173,explicitly excluded (not projected into structured FEC table),,"Add explicit projection mapping if this key is needed downstream, or document intentional exclusion."
fec_api_schedule_a_json,contributor_middle_name,dropped|loaded_but_unused,no,yes,yes,Example: R. | R | MICHAEL,R. | R | MICHAEL,,raw_extractions.payload_json,no,database/federal_fec.py:1173,explicitly excluded (not projected into structured FEC table),,"Add explicit projection mapping if this key is needed downstream, or document intentional exclusion."
fec_api_schedule_a_json,contributor_name,dropped|loaded_but_unused,no,yes,yes,"Example: WINRED | OBRIEN, DAVID | DURWARD, JANICE","WINRED | OBRIEN, DAVID | DURWARD, JANICE",,raw_extractions.payload_json,no,database/federal_fec.py:1173,explicitly excluded (not projected into structured FEC table),,"Add explicit projection mapping if this key is needed downstream, or document intentional exclusion."
fec_api_schedule_a_json,contributor_prefix,dropped|loaded_but_unused,no,yes,yes,Example: MS | MR | MRS,MS | MR | MRS,,raw_extractions.payload_json,no,database/federal_fec.py:1173,explicitly excluded (not projected into structured FEC table),,"Add explicit projection mapping if this key is needed downstream, or document intentional exclusion."
fec_api_schedule_a_json,contributor_street_1,dropped|loaded_but_unused,no,yes,yes,Example: 4250 FAIRFAX DR | 22463 E 200 N RD | 16369B ARGO FAY RTE,4250 FAIRFAX DR | 22463 E 200 N RD | 16369B ARGO FAY RTE,,raw_extractions.payload_json,no,database/federal_fec.py:1173,explicitly excluded (not projected into structured FEC table),,"Add explicit projection mapping if this key is needed downstream, or document intentional exclusion."
fec_api_schedule_a_json,contributor_street_2,dropped|loaded_but_unused,no,yes,yes,Example: STE 600 | SUITE 1300 | 2R,STE 600 | SUITE 1300 | 2R,,raw_extractions.payload_json,no,database/federal_fec.py:1173,explicitly excluded (not projected into structured FEC table),,"Add explicit projection mapping if this key is needed downstream, or document intentional exclusion."
fec_api_schedule_a_json,contributor_suffix,dropped|loaded_but_unused,no,yes,yes,Example: JR | III | SR,JR | III | SR,,raw_extractions.payload_json,no,database/federal_fec.py:1173,explicitly excluded (not projected into structured FEC table),,"Add explicit projection mapping if this key is needed downstream, or document intentional exclusion."
fec_api_schedule_a_json,donor_committee_name,dropped|loaded_but_unused,no,yes,yes,Example: WINRED | FRIENDS OF LAUZEN | AURORA TOWNSHIP REPUBLICAN CENTRAL,WINRED | FRIENDS OF LAUZEN | AURORA TOWNSHIP REPUBLICAN CENTRAL,,raw_extractions.payload_json,no,database/federal_fec.py:1173,explicitly excluded (not projected into structured FEC table),,"Add explicit projection mapping if this key is needed downstream, or document intentional exclusion."
fec_api_schedule_a_json,election_type,dropped|loaded_but_unused,no,yes,yes,Example: P2026 | G2026 | G2024,P2026 | G2026 | G2024,,raw_extractions.payload_json,no,database/federal_fec.py:1173,explicitly excluded (not projected into structured FEC table),,"Add explicit projection mapping if this key is needed downstream, or document intentional exclusion."
fec_api_schedule_a_json,election_type_full,dropped|loaded_but_unused,no,yes,yes,Example: 03/09/2025 | DEBT PRIMARY 2008,03/09/2025 | DEBT PRIMARY 2008,,raw_extractions.payload_json,no,database/federal_fec.py:1173,explicitly excluded (not projected into structured FEC table),,"Add explicit projection mapping if this key is needed downstream, or document intentional exclusion."
fec_api_schedule_a_json,entity_type,dropped|loaded_but_unused,no,yes,yes,Example: ORG | IND | CAN,ORG | IND | CAN,,raw_extractions.payload_json,no,database/federal_fec.py:1173,explicitly excluded (not projected into structured FEC table),,"Add explicit projection mapping if this key is needed downstream, or document intentional exclusion."
fec_api_schedule_a_json,entity_type_desc,dropped|loaded_but_unused,no,yes,yes,Example: ORGANIZATION | INDIVIDUAL | CANDIDATE,ORGANIZATION | INDIVIDUAL | CANDIDATE,,raw_extractions.payload_json,no,database/federal_fec.py:1173,explicitly excluded (not projected into structured FEC table),,"Add explicit projection mapping if this key is needed downstream, or document intentional exclusion."
fec_api_schedule_a_json,fec_election_type_desc,dropped|loaded_but_unused,no,yes,yes,Example: PRIMARY | GENERAL,PRIMARY | GENERAL,,raw_extractions.payload_json,no,database/federal_fec.py:1173,explicitly excluded (not projected into structured FEC table),,"Add explicit projection mapping if this key is needed downstream, or document intentional exclusion."
fec_api_schedule_a_json,fec_election_year,dropped|loaded_but_unused,no,yes,yes,Example: 2026 | 2024 | 2025,2026 | 2024 | 2025,,raw_extractions.payload_json,no,database/federal_fec.py:1173,explicitly excluded (not projected into structured FEC table),,"Add explicit projection mapping if this key is needed downstream, or document intentional exclusion."
fec_api_schedule_a_json,file_number,dropped|loaded_but_unused,no,yes,yes,Example: 1919887 | 1933129 | 1928743,1919887 | 1933129 | 1928743,,raw_extractions.payload_json,no,database/federal_fec.py:1173,explicitly excluded (not projected into structured FEC table),,"Add explicit projection mapping if this key is needed downstream, or document intentional exclusion."
fec_api_schedule_a_json,filing_form,dropped|loaded_but_unused,no,yes,yes,Example: F3,F3,,raw_extractions.payload_json,no,database/federal_fec.py:1173,explicitly excluded (not projected into structured FEC table),,"Add explicit projection mapping if this key is needed downstream, or document intentional exclusion."
fec_api_schedule_a_json,increased_limit,dropped|loaded_but_unused,no,yes,yes,No clear mapping; see drop_reason,,,raw_extractions.payload_json,no,database/federal_fec.py:1173,explicitly excluded (not projected into structured FEC table),,"Add explicit projection mapping if this key is needed downstream, or document intentional exclusion."
fec_api_schedule_a_json,line_number_label,dropped|loaded_but_unused,no,yes,yes,Example: Contributions From Individuals/Persons Other Than Political Committees | Loans Received from the Candidate | Offsets to Operating Expenditures,Contributions From Individuals/Persons Other Than Political Committees | Loans Received from the Candidate | Offsets to Operating Expenditures,,raw_extractions.payload_json,no,database/federal_fec.py:1173,explicitly excluded (not projected into structured FEC table),,"Add explicit projection mapping if this key is needed downstream, or document intentional exclusion."
fec_api_schedule_a_json,link_id,dropped|loaded_but_unused,no,yes,yes,Example: 4101520251292819260 | 4011620261302505013 | 4121720251298943002,4101520251292819260 | 4011620261302505013 | 4121720251298943002,,raw_extractions.payload_json,no,database/federal_fec.py:1173,explicitly excluded (not projected into structured FEC table),,"Add explicit projection mapping if this key is needed downstream, or document intentional exclusion."
fec_api_schedule_a_json,memo_code,dropped|loaded_but_unused,no,yes,yes,Example: X,X,,raw_extractions.payload_json,no,database/federal_fec.py:1173,explicitly excluded (not projected into structured FEC table),,"Add explicit projection mapping if this key is needed downstream, or document intentional exclusion."
fec_api_schedule_a_json,memo_code_full,dropped|loaded_but_unused,no,yes,yes,No clear mapping; see drop_reason,,,raw_extractions.payload_json,no,database/federal_fec.py:1173,explicitly excluded (not projected into structured FEC table),,"Add explicit projection mapping if this key is needed downstream, or document intentional exclusion."
fec_api_schedule_a_json,memoed_subtotal,dropped|loaded_but_unused,no,yes,yes,Example: True | False,True | False,,raw_extractions.payload_json,no,database/federal_fec.py:1173,explicitly excluded (not projected into structured FEC table),,"Add explicit projection mapping if this key is needed downstream, or document intentional exclusion."
fec_api_schedule_a_json,national_committee_nonfederal_account,dropped|loaded_but_unused,no,yes,yes,No clear mapping; see drop_reason,,,raw_extractions.payload_json,no,database/federal_fec.py:1173,explicitly excluded (not projected into structured FEC table),,"Add explicit projection mapping if this key is needed downstream, or document intentional exclusion."
fec_api_schedule_a_json,original_sub_id,dropped|loaded_but_unused,no,yes,yes,No clear mapping; see drop_reason,,,raw_extractions.payload_json,no,database/federal_fec.py:1173,explicitly excluded (not projected into structured FEC table),,"Add explicit projection mapping if this key is needed downstream, or document intentional exclusion."
fec_api_schedule_a_json,pdf_url,dropped|loaded_but_unused,no,yes,yes,Example: https://docquery.fec.gov/cgi-bin/fecimg/?202510159790862035 | https://docquery.fec.gov/cgi-bin/fecimg/?202510159790862030 | https://docquery.fec.gov/cgi-bin/fecimg/?202510159790862038,https://docquery.fec.gov/cgi-bin/fecimg/?202510159790862035 | https://docquery.fec.gov/cgi-bin/fecimg/?202510159790862030 | https://docquery.fec.gov/cgi-bin/fecimg/?202510159790862038,,raw_extractions.payload_json,no,database/federal_fec.py:1173,explicitly excluded (not projected into structured FEC table),,"Add explicit projection mapping if this key is needed downstream, or document intentional exclusion."
fec_api_schedule_a_json,recipient_committee_designation,dropped|loaded_but_unused,no,yes,yes,Example: P,P,,raw_extractions.payload_json,no,database/federal_fec.py:1173,explicitly excluded (not projected into structured FEC table),,"Add explicit projection mapping if this key is needed downstream, or document intentional exclusion."
fec_api_schedule_a_json,recipient_committee_org_type,dropped|loaded_but_unused,no,yes,yes,No clear mapping; see drop_reason,,,raw_extractions.payload_json,no,database/federal_fec.py:1173,explicitly excluded (not projected into structured FEC table),,"Add explicit projection mapping if this key is needed downstream, or document intentional exclusion."
fec_api_schedule_a_json,recipient_committee_type,dropped|loaded_but_unused,no,yes,yes,Example: H | S,H | S,,raw_extractions.payload_json,no,database/federal_fec.py:1173,explicitly excluded (not projected into structured FEC table),,"Add explicit projection mapping if this key is needed downstream, or document intentional exclusion."
fec_api_schedule_a_json,report_type,dropped|loaded_but_unused,no,yes,yes,Example: Q3 | YE | Q1,Q3 | YE | Q1,,raw_extractions.payload_json,no,database/federal_fec.py:1173,explicitly excluded (not projected into structured FEC table),,"Add explicit projection mapping if this key is needed downstream, or document intentional exclusion."
fec_api_schedule_a_json,report_year,dropped|loaded_but_unused,no,yes,yes,Example: 2025,2025,,raw_extractions.payload_json,no,database/federal_fec.py:1173,explicitly excluded (not projected into structured FEC table),,"Add explicit projection mapping if this key is needed downstream, or document intentional exclusion."
fec_api_schedule_a_json,schedule_type,dropped|loaded_but_unused,no,yes,yes,Example: SA,SA,,raw_extractions.payload_json,no,database/federal_fec.py:1173,explicitly excluded (not projected into structured FEC table),,"Add explicit projection mapping if this key is needed downstream, or document intentional exclusion."
fec_api_schedule_a_json,schedule_type_full,dropped|loaded_but_unused,no,yes,yes,Example: ITEMIZED RECEIPTS,ITEMIZED RECEIPTS,,raw_extractions.payload_json,no,database/federal_fec.py:1173,explicitly excluded (not projected into structured FEC table),,"Add explicit projection mapping if this key is needed downstream, or document intentional exclusion."
fec_api_schedule_a_json,transaction_id,dropped|loaded_but_unused,no,yes,yes,Example: A05B0F6B9E14F449A861 | A7ABDE7206C224F078A4 | A475C98A5333A49B7B4F,A05B0F6B9E14F449A861 | A7ABDE7206C224F078A4 | A475C98A5333A49B7B4F,,raw_extractions.payload_json,no,database/federal_fec.py:1173,explicitly excluded (not projected into structured FEC table),,"Add explicit projection mapping if this key is needed downstream, or document intentional exclusion."
fec_api_schedule_a_json,unused_contbr_id,dropped|loaded_but_unused,no,yes,yes,Example: C00694323 | C00308460 | C00401224,C00694323 | C00308460 | C00401224,,raw_extractions.payload_json,no,database/federal_fec.py:1173,explicitly excluded (not projected into structured FEC table),,"Add explicit projection mapping if this key is needed downstream, or document intentional exclusion."
fec_api_schedule_b_json,amendment_indicator,dropped|loaded_but_unused,no,yes,yes,Example: A | N | C,A | N | C,,raw_extractions.payload_json,no,database/federal_fec.py:1358,explicitly excluded (not projected into structured FEC table),,"Add explicit projection mapping if this key is needed downstream, or document intentional exclusion."
fec_api_schedule_b_json,amendment_indicator_desc,dropped|loaded_but_unused,no,yes,yes,Example: ADD | NO CHANGE | CHANGE,ADD | NO CHANGE | CHANGE,,raw_extractions.payload_json,no,database/federal_fec.py:1358,explicitly excluded (not projected into structured FEC table),,"Add explicit projection mapping if this key is needed downstream, or document intentional exclusion."
fec_api_schedule_b_json,back_reference_schedule_id,dropped|loaded_but_unused,no,yes,yes,Example: SB17 | SA11C | SA11AI,SB17 | SA11C | SA11AI,,raw_extractions.payload_json,no,database/federal_fec.py:1358,explicitly excluded (not projected into structured FEC table),,"Add explicit projection mapping if this key is needed downstream, or document intentional exclusion."
fec_api_schedule_b_json,back_reference_transaction_id,dropped|loaded_but_unused,no,yes,yes,Example: 500390958 | 500390846 | 500390845,500390958 | 500390846 | 500390845,,raw_extractions.payload_json,no,database/federal_fec.py:1358,explicitly excluded (not projected into structured FEC table),,"Add explicit projection mapping if this key is needed downstream, or document intentional exclusion."
fec_api_schedule_b_json,beneficiary_committee_name,dropped|loaded_but_unused,no,yes,yes,Example: BRYAN MAXWELL FOR US SENATE | DEAN FOR ILLINOIS | DON TRACY FOR ILLINOIS,BRYAN MAXWELL FOR US SENATE | DEAN FOR ILLINOIS | DON TRACY FOR ILLINOIS,,raw_extractions.payload_json,no,database/federal_fec.py:1358,explicitly excluded (not projected into structured FEC table),,"Add explicit projection mapping if this key is needed downstream, or document intentional exclusion."
fec_api_schedule_b_json,candidate_first_name,dropped|loaded_but_unused,no,yes,yes,Example: ADAM | KEVIN | S. RAJA,ADAM | KEVIN | S. RAJA,,raw_extractions.payload_json,no,database/federal_fec.py:1358,explicitly excluded (not projected into structured FEC table),,"Add explicit projection mapping if this key is needed downstream, or document intentional exclusion."
fec_api_schedule_b_json,candidate_last_name,dropped|loaded_but_unused,no,yes,yes,Example: DELGADO | RYAN | KRISHNAMOORTHI,DELGADO | RYAN | KRISHNAMOORTHI,,raw_extractions.payload_json,no,database/federal_fec.py:1358,explicitly excluded (not projected into structured FEC table),,"Add explicit projection mapping if this key is needed downstream, or document intentional exclusion."
fec_api_schedule_b_json,candidate_middle_name,dropped|loaded_but_unused,no,yes,yes,Example: T | RODGER | ANN,T | RODGER | ANN,,raw_extractions.payload_json,no,database/federal_fec.py:1358,explicitly excluded (not projected into structured FEC table),,"Add explicit projection mapping if this key is needed downstream, or document intentional exclusion."
fec_api_schedule_b_json,candidate_office,dropped|loaded_but_unused,no,yes,yes,Example: S | H,S | H,,raw_extractions.payload_json,no,database/federal_fec.py:1358,explicitly excluded (not projected into structured FEC table),,"Add explicit projection mapping if this key is needed downstream, or document intentional exclusion."
fec_api_schedule_b_json,candidate_office_description,dropped|loaded_but_unused,no,yes,yes,Example: SENATE | HOUSE,SENATE | HOUSE,,raw_extractions.payload_json,no,database/federal_fec.py:1358,explicitly excluded (not projected into structured FEC table),,"Add explicit projection mapping if this key is needed downstream, or document intentional exclusion."
fec_api_schedule_b_json,candidate_office_district,dropped|loaded_but_unused,no,yes,yes,Example: 00 | 08 | 14,00 | 08 | 14,,raw_extractions.payload_json,no,database/federal_fec.py:1358,explicitly excluded (not projected into structured FEC table),,"Add explicit projection mapping if this key is needed downstream, or document intentional exclusion."
fec_api_schedule_b_json,candidate_office_state,dropped|loaded_but_unused,no,yes,yes,Example: IL | WI | CA,IL | WI | CA,,raw_extractions.payload_json,no,database/federal_fec.py:1358,explicitly excluded (not projected into structured FEC table),,"Add explicit projection mapping if this key is needed downstream, or document intentional exclusion."
fec_api_schedule_b_json,candidate_office_state_full,dropped|loaded_but_unused,no,yes,yes,Example: ILLINOIS | WISCONSIN | CALIFORNIA,ILLINOIS | WISCONSIN | CALIFORNIA,,raw_extractions.payload_json,no,database/federal_fec.py:1358,explicitly excluded (not projected into structured FEC table),,"Add explicit projection mapping if this key is needed downstream, or document intentional exclusion."
fec_api_schedule_b_json,candidate_prefix,dropped|loaded_but_unused,no,yes,yes,Example: DR.,DR.,,raw_extractions.payload_json,no,database/federal_fec.py:1358,explicitly excluded (not projected into structured FEC table),,"Add explicit projection mapping if this key is needed downstream, or document intentional exclusion."
fec_api_schedule_b_json,candidate_suffix,dropped|loaded_but_unused,no,yes,yes,Example: JR.,JR.,,raw_extractions.payload_json,no,database/federal_fec.py:1358,explicitly excluded (not projected into structured FEC table),,"Add explicit projection mapping if this key is needed downstream, or document intentional exclusion."
fec_api_schedule_b_json,comm_dt,dropped|loaded_but_unused,no,yes,yes,No clear mapping; see drop_reason,,,raw_extractions.payload_json,no,database/federal_fec.py:1358,explicitly excluded (not projected into structured FEC table),,"Add explicit projection mapping if this key is needed downstream, or document intentional exclusion."
fec_api_schedule_b_json,committee_id,dropped|loaded_but_unused,no,yes,yes,Example: C00921759 | C00920348 | C00918466,C00921759 | C00920348 | C00918466,,raw_extractions.payload_json,no,database/federal_fec.py:1358,explicitly excluded (not projected into structured FEC table),,"Add explicit projection mapping if this key is needed downstream, or document intentional exclusion."
fec_api_schedule_b_json,conduit_committee_city,dropped|loaded_but_unused,no,yes,yes,Example: CONCORD | OAKLAND,CONCORD | OAKLAND,,raw_extractions.payload_json,no,database/federal_fec.py:1358,explicitly excluded (not projected into structured FEC table),,"Add explicit projection mapping if this key is needed downstream, or document intentional exclusion."
fec_api_schedule_b_json,conduit_committee_name,dropped|loaded_but_unused,no,yes,yes,Example: CHECKMATEHCM | S.E. OWENS & COMPANY,CHECKMATEHCM | S.E. OWENS & COMPANY,,raw_extractions.payload_json,no,database/federal_fec.py:1358,explicitly excluded (not projected into structured FEC table),,"Add explicit projection mapping if this key is needed downstream, or document intentional exclusion."
fec_api_schedule_b_json,conduit_committee_state,dropped|loaded_but_unused,no,yes,yes,Example: NH | CA,NH | CA,,raw_extractions.payload_json,no,database/federal_fec.py:1358,explicitly excluded (not projected into structured FEC table),,"Add explicit projection mapping if this key is needed downstream, or document intentional exclusion."
fec_api_schedule_b_json,conduit_committee_street1,dropped|loaded_but_unused,no,yes,yes,"Example: 287 SOUTH MAIN STREET | 312 CLAY STREET, #300","287 SOUTH MAIN STREET | 312 CLAY STREET, #300",,raw_extractions.payload_json,no,database/federal_fec.py:1358,explicitly excluded (not projected into structured FEC table),,"Add explicit projection mapping if this key is needed downstream, or document intentional exclusion."
fec_api_schedule_b_json,conduit_committee_street2,dropped|loaded_but_unused,no,yes,yes,No clear mapping; see drop_reason,,,raw_extractions.payload_json,no,database/federal_fec.py:1358,explicitly excluded (not projected into structured FEC table),,"Add explicit projection mapping if this key is needed downstream, or document intentional exclusion."
fec_api_schedule_b_json,conduit_committee_zip,dropped|loaded_but_unused,no,yes,yes,Example: 3301 | 94607,3301 | 94607,,raw_extractions.payload_json,no,database/federal_fec.py:1358,explicitly excluded (not projected into structured FEC table),,"Add explicit projection mapping if this key is needed downstream, or document intentional exclusion."
fec_api_schedule_b_json,disbursement_purpose_category,dropped|loaded_but_unused,no,yes,yes,Example: OTHER | MATERIALS | TRAVEL,OTHER | MATERIALS | TRAVEL,,raw_extractions.payload_json,no,database/federal_fec.py:1358,explicitly excluded (not projected into structured FEC table),,"Add explicit projection mapping if this key is needed downstream, or document intentional exclusion."
fec_api_schedule_b_json,entity_type,dropped|loaded_but_unused,no,yes,yes,Example: ORG | IND | CAN,ORG | IND | CAN,,raw_extractions.payload_json,no,database/federal_fec.py:1358,explicitly excluded (not projected into structured FEC table),,"Add explicit projection mapping if this key is needed downstream, or document intentional exclusion."
fec_api_schedule_b_json,entity_type_desc,dropped|loaded_but_unused,no,yes,yes,Example: ORGANIZATION | INDIVIDUAL | CANDIDATE,ORGANIZATION | INDIVIDUAL | CANDIDATE,,raw_extractions.payload_json,no,database/federal_fec.py:1358,explicitly excluded (not projected into structured FEC table),,"Add explicit projection mapping if this key is needed downstream, or document intentional exclusion."
fec_api_schedule_b_json,fec_election_type_desc,dropped|loaded_but_unused,no,yes,yes,Example: PRIMARY | GENERAL | RECOUNT,PRIMARY | GENERAL | RECOUNT,,raw_extractions.payload_json,no,database/federal_fec.py:1358,explicitly excluded (not projected into structured FEC table),,"Add explicit projection mapping if this key is needed downstream, or document intentional exclusion."
fec_api_schedule_b_json,fec_election_year,dropped|loaded_but_unused,no,yes,yes,Example: 2026 | 2025 | 2022,2026 | 2025 | 2022,,raw_extractions.payload_json,no,database/federal_fec.py:1358,explicitly excluded (not projected into structured FEC table),,"Add explicit projection mapping if this key is needed downstream, or document intentional exclusion."
fec_api_schedule_b_json,file_number,dropped|loaded_but_unused,no,yes,yes,Example: 1933746 | 1920886 | 1921629,1933746 | 1920886 | 1921629,,raw_extractions.payload_json,no,database/federal_fec.py:1358,explicitly excluded (not projected into structured FEC table),,"Add explicit projection mapping if this key is needed downstream, or document intentional exclusion."
fec_api_schedule_b_json,filing_form,dropped|loaded_but_unused,no,yes,yes,Example: F3,F3,,raw_extractions.payload_json,no,database/federal_fec.py:1358,explicitly excluded (not projected into structured FEC table),,"Add explicit projection mapping if this key is needed downstream, or document intentional exclusion."
fec_api_schedule_b_json,line_number_label,dropped|loaded_but_unused,no,yes,yes,Example: Operating Expenditures | Transfers to Other Authorized Committees | Other Disbursements,Operating Expenditures | Transfers to Other Authorized Committees | Other Disbursements,,raw_extractions.payload_json,no,database/federal_fec.py:1358,explicitly excluded (not projected into structured FEC table),,"Add explicit projection mapping if this key is needed downstream, or document intentional exclusion."
fec_api_schedule_b_json,link_id,dropped|loaded_but_unused,no,yes,yes,Example: 4011920261302701032 | 4101520251292819918 | 4101620251292847155,4011920261302701032 | 4101520251292819918 | 4101620251292847155,,raw_extractions.payload_json,no,database/federal_fec.py:1358,explicitly excluded (not projected into structured FEC table),,"Add explicit projection mapping if this key is needed downstream, or document intentional exclusion."
fec_api_schedule_b_json,memo_code,dropped|loaded_but_unused,no,yes,yes,Example: X,X,,raw_extractions.payload_json,no,database/federal_fec.py:1358,explicitly excluded (not projected into structured FEC table),,"Add explicit projection mapping if this key is needed downstream, or document intentional exclusion."
fec_api_schedule_b_json,memo_code_full,dropped|loaded_but_unused,no,yes,yes,No clear mapping; see drop_reason,,,raw_extractions.payload_json,no,database/federal_fec.py:1358,explicitly excluded (not projected into structured FEC table),,"Add explicit projection mapping if this key is needed downstream, or document intentional exclusion."
fec_api_schedule_b_json,memoed_subtotal,dropped|loaded_but_unused,no,yes,yes,Example: False | True,False | True,,raw_extractions.payload_json,no,database/federal_fec.py:1358,explicitly excluded (not projected into structured FEC table),,"Add explicit projection mapping if this key is needed downstream, or document intentional exclusion."
fec_api_schedule_b_json,national_committee_nonfederal_account,dropped|loaded_but_unused,no,yes,yes,No clear mapping; see drop_reason,,,raw_extractions.payload_json,no,database/federal_fec.py:1358,explicitly excluded (not projected into structured FEC table),,"Add explicit projection mapping if this key is needed downstream, or document intentional exclusion."
fec_api_schedule_b_json,original_sub_id,dropped|loaded_but_unused,no,yes,yes,No clear mapping; see drop_reason,,,raw_extractions.payload_json,no,database/federal_fec.py:1358,explicitly excluded (not projected into structured FEC table),,"Add explicit projection mapping if this key is needed downstream, or document intentional exclusion."
fec_api_schedule_b_json,payee_first_name,dropped|loaded_but_unused,no,yes,yes,Example: BLAKE | EVAN | LILLY,BLAKE | EVAN | LILLY,,raw_extractions.payload_json,no,database/federal_fec.py:1358,explicitly excluded (not projected into structured FEC table),,"Add explicit projection mapping if this key is needed downstream, or document intentional exclusion."
fec_api_schedule_b_json,payee_last_name,dropped|loaded_but_unused,no,yes,yes,Example: BLAKE DELCARMEN | ZHANG | MAXSON,BLAKE DELCARMEN | ZHANG | MAXSON,,raw_extractions.payload_json,no,database/federal_fec.py:1358,explicitly excluded (not projected into structured FEC table),,"Add explicit projection mapping if this key is needed downstream, or document intentional exclusion."
fec_api_schedule_b_json,payee_middle_name,dropped|loaded_but_unused,no,yes,yes,Example: CHRISTINE | M | S.,CHRISTINE | M | S.,,raw_extractions.payload_json,no,database/federal_fec.py:1358,explicitly excluded (not projected into structured FEC table),,"Add explicit projection mapping if this key is needed downstream, or document intentional exclusion."
fec_api_schedule_b_json,payee_prefix,dropped|loaded_but_unused,no,yes,yes,Example: DR.,DR.,,raw_extractions.payload_json,no,database/federal_fec.py:1358,explicitly excluded (not projected into structured FEC table),,"Add explicit projection mapping if this key is needed downstream, or document intentional exclusion."
fec_api_schedule_b_json,payee_suffix,dropped|loaded_but_unused,no,yes,yes,Example: JR. | JR,JR. | JR,,raw_extractions.payload_json,no,database/federal_fec.py:1358,explicitly excluded (not projected into structured FEC table),,"Add explicit projection mapping if this key is needed downstream, or document intentional exclusion."
fec_api_schedule_b_json,pdf_url,dropped|loaded_but_unused,no,yes,yes,Example: https://docquery.fec.gov/cgi-bin/fecimg/?202601199794075854 | https://docquery.fec.gov/cgi-bin/fecimg/?202601199794075845 | https://docquery.fec.gov/cgi-bin/fecimg/?202601199794075850,https://docquery.fec.gov/cgi-bin/fecimg/?202601199794075854 | https://docquery.fec.gov/cgi-bin/fecimg/?202601199794075845 | https://docquery.fec.gov/cgi-bin/fecimg/?202601199794075850,,raw_extractions.payload_json,no,database/federal_fec.py:1358,explicitly excluded (not projected into structured FEC table),,"Add explicit projection mapping if this key is needed downstream, or document intentional exclusion."
fec_api_schedule_b_json,recipient_committee,dropped|loaded_but_unused,no,yes,yes,"Example: {'affiliated_committee_name': 'TEAM RAJA VICTORY FUND', 'candidate_ids': ['H6IL08147'], 'city': 'SCHAUMBURG', 'committee_id': 'C00575092', 'committee_type': 'H', 'committee_type_full': 'House', 'cycle': 2026, 'cycles': [2016, 2018, 2020, 2022, 2024, 2026], 'cycles_has_activity': [2016, 2018, 2020, 2022, 2024, 2026], 'cycles_has_financial': [2016, 2018, 2020, 2022, 2024, 2026], 'designation': 'P', 'designation_full': 'Principal campaign committee', 'filing_frequency': 'Q', 'first_f1_date': '2015-04-03', 'first_file_date': '2015-04-03', 'is_active': True, 'last_cycle_has_activity': 2026, 'last_cycle_has_financial': 2026, 'last_f1_date': '2021-07-15', 'last_file_date': '2026-01-31', 'name': 'FRIENDS OF RAJA FOR CONGRESS', 'organization_type': None, 'organization_type_full': None, 'party': 'DEM', 'party_full': 'DEMOCRATIC PARTY', 'state': 'IL', 'state_full': 'Illinois', 'street_1': 'PO BOX 681202', 'street_2': None, 'treasurer_name': 'BALA, MATANGI', 'zip': '60168'} | {'affiliated_committee_name': 'DNC/STATE PARTY VICTORY FUND', 'candidate_ids': [], 'city': 'CHICAGO', 'committee_id': 'C00167015', 'committee_type': 'Y', 'committee_type_full': 'Party - Qualified', 'cycle': 2026, 'cycles': [1984, 1986, 1988, 1990, 1992, 1994, 1996, 1998, 2000, 2002, 2004, 2006, 2008, 2010, 2012, 2014, 2016, 2018, 2020, 2022, 2024, 2026], 'cycles_has_activity': [1984, 1986, 1988, 1990, 1992, 1994, 1996, 1998, 2000, 2002, 2004, 2006, 2008, 2010, 2012, 2014, 2016, 2018, 2020, 2022, 2024, 2026], 'cycles_has_financial': [1984, 1986, 1988, 1990, 1992, 1994, 1996, 1998, 2000, 2002, 2004, 2006, 2008, 2010, 2012, 2014, 2016, 2018, 2020, 2022, 2024, 2026], 'designation': 'U', 'designation_full': 'Unauthorized', 'filing_frequency': 'M', 'first_f1_date': '1983-05-04', 'first_file_date': '1983-05-04', 'is_active': True, 'last_cycle_has_activity': 2026, 'last_cycle_has_financial': 2026, 'last_f1_date': '2025-08-28', 'last_file_date': '2026-01-30', 'name': 'DEMOCRATIC PARTY OF ILLINOIS', 'organization_type': None, 'organization_type_full': None, 'party': 'DEM', 'party_full': 'DEMOCRATIC PARTY', 'state': 'IL', 'state_full': 'Illinois', 'street_1': 'PO BOX 10692', 'street_2': None, 'treasurer_name': 'CROKE, PATRICK', 'zip': '60610'} | {'affiliated_committee_name': 'NONE', 'candidate_ids': [], 'city': 'WASHINGTON', 'committee_id': 'C00888669', 'committee_type': 'V', 'committee_type_full': 'Hybrid PAC (with Non-Contribution Account) - Nonqualified', 'cycle': 2026, 'cycles': [2024, 2026], 'cycles_has_activity': [2024, 2026], 'cycles_has_financial': [2024, 2026], 'designation': 'U', 'designation_full': 'Unauthorized', 'filing_frequency': 'Q', 'first_f1_date': '2024-09-10', 'first_file_date': '2024-09-10', 'is_active': True, 'last_cycle_has_activity': 2026, 'last_cycle_has_financial': 2026, 'last_f1_date': '2025-02-20', 'last_file_date': '2026-01-31', 'name': 'KEY TO THE KEYSTONE PAC', 'organization_type': None, 'organization_type_full': None, 'party': None, 'party_full': None, 'state': 'DC', 'state_full': 'District Of Columbia', 'street_1': '1030 15TH ST NW', 'street_2': '#404', 'treasurer_name': 'THOMAN, SHAYNE', 'zip': '20005'}","{'affiliated_committee_name': 'TEAM RAJA VICTORY FUND', 'candidate_ids': ['H6IL08147'], 'city': 'SCHAUMBURG', 'committee_id': 'C00575092', 'committee_type': 'H', 'committee_type_full': 'House', 'cycle': 2026, 'cycles': [2016, 2018, 2020, 2022, 2024, 2026], 'cycles_has_activity': [2016, 2018, 2020, 2022, 2024, 2026], 'cycles_has_financial': [2016, 2018, 2020, 2022, 2024, 2026], 'designation': 'P', 'designation_full': 'Principal campaign committee', 'filing_frequency': 'Q', 'first_f1_date': '2015-04-03', 'first_file_date': '2015-04-03', 'is_active': True, 'last_cycle_has_activity': 2026, 'last_cycle_has_financial': 2026, 'last_f1_date': '2021-07-15', 'last_file_date': '2026-01-31', 'name': 'FRIENDS OF RAJA FOR CONGRESS', 'organization_type': None, 'organization_type_full': None, 'party': 'DEM', 'party_full': 'DEMOCRATIC PARTY', 'state': 'IL', 'state_full': 'Illinois', 'street_1': 'PO BOX 681202', 'street_2': None, 'treasurer_name': 'BALA, MATANGI', 'zip': '60168'} | {'affiliated_committee_name': 'DNC/STATE PARTY VICTORY FUND', 'candidate_ids': [], 'city': 'CHICAGO', 'committee_id': 'C00167015', 'committee_type': 'Y', 'committee_type_full': 'Party - Qualified', 'cycle': 2026, 'cycles': [1984, 1986, 1988, 1990, 1992, 1994, 1996, 1998, 2000, 2002, 2004, 2006, 2008, 2010, 2012, 2014, 2016, 2018, 2020, 2022, 2024, 2026], 'cycles_has_activity': [1984, 1986, 1988, 1990, 1992, 1994, 1996, 1998, 2000, 2002, 2004, 2006, 2008, 2010, 2012, 2014, 2016, 2018, 2020, 2022, 2024, 2026], 'cycles_has_financial': [1984, 1986, 1988, 1990, 1992, 1994, 1996, 1998, 2000, 2002, 2004, 2006, 2008, 2010, 2012, 2014, 2016, 2018, 2020, 2022, 2024, 2026], 'designation': 'U', 'designation_full': 'Unauthorized', 'filing_frequency': 'M', 'first_f1_date': '1983-05-04', 'first_file_date': '1983-05-04', 'is_active': True, 'last_cycle_has_activity': 2026, 'last_cycle_has_financial': 2026, 'last_f1_date': '2025-08-28', 'last_file_date': '2026-01-30', 'name': 'DEMOCRATIC PARTY OF ILLINOIS', 'organization_type': None, 'organization_type_full': None, 'party': 'DEM', 'party_full': 'DEMOCRATIC PARTY', 'state': 'IL', 'state_full': 'Illinois', 'street_1': 'PO BOX 10692', 'street_2': None, 'treasurer_name': 'CROKE, PATRICK', 'zip': '60610'} | {'affiliated_committee_name': 'NONE', 'candidate_ids': [], 'city': 'WASHINGTON', 'committee_id': 'C00888669', 'committee_type': 'V', 'committee_type_full': 'Hybrid PAC (with Non-Contribution Account) - Nonqualified', 'cycle': 2026, 'cycles': [2024, 2026], 'cycles_has_activity': [2024, 2026], 'cycles_has_financial': [2024, 2026], 'designation': 'U', 'designation_full': 'Unauthorized', 'filing_frequency': 'Q', 'first_f1_date': '2024-09-10', 'first_file_date': '2024-09-10', 'is_active': True, 'last_cycle_has_activity': 2026, 'last_cycle_has_financial': 2026, 'last_f1_date': '2025-02-20', 'last_file_date': '2026-01-31', 'name': 'KEY TO THE KEYSTONE PAC', 'organization_type': None, 'organization_type_full': None, 'party': None, 'party_full': None, 'state': 'DC', 'state_full': 'District Of Columbia', 'street_1': '1030 15TH ST NW', 'street_2': '#404', 'treasurer_name': 'THOMAN, SHAYNE', 'zip': '20005'}",,raw_extractions.payload_json,no,database/federal_fec.py:1358,explicitly excluded (not projected into structured FEC table),,"Add explicit projection mapping if this key is needed downstream, or document intentional exclusion."
fec_api_schedule_b_json,recipient_name,dropped|loaded_but_unused,no,yes,yes,Example: WINRED TECHNICAL SERVICES | ELECTION CFO | REPUBLICANADS.COM,WINRED TECHNICAL SERVICES | ELECTION CFO | REPUBLICANADS.COM,,raw_extractions.payload_json,no,database/federal_fec.py:1358,explicitly excluded (not projected into structured FEC table),,"Add explicit projection mapping if this key is needed downstream, or document intentional exclusion."
fec_api_schedule_b_json,ref_disp_excess_flg,dropped|loaded_but_unused,no,yes,yes,No clear mapping; see drop_reason,,,raw_extractions.payload_json,no,database/federal_fec.py:1358,explicitly excluded (not projected into structured FEC table),,"Add explicit projection mapping if this key is needed downstream, or document intentional exclusion."
fec_api_schedule_b_json,report_type,dropped|loaded_but_unused,no,yes,yes,Example: YE | Q3 | Q2,YE | Q3 | Q2,,raw_extractions.payload_json,no,database/federal_fec.py:1358,explicitly excluded (not projected into structured FEC table),,"Add explicit projection mapping if this key is needed downstream, or document intentional exclusion."
fec_api_schedule_b_json,report_year,dropped|loaded_but_unused,no,yes,yes,Example: 2025,2025,,raw_extractions.payload_json,no,database/federal_fec.py:1358,explicitly excluded (not projected into structured FEC table),,"Add explicit projection mapping if this key is needed downstream, or document intentional exclusion."
fec_api_schedule_b_json,schedule_type,dropped|loaded_but_unused,no,yes,yes,Example: SB,SB,,raw_extractions.payload_json,no,database/federal_fec.py:1358,explicitly excluded (not projected into structured FEC table),,"Add explicit projection mapping if this key is needed downstream, or document intentional exclusion."
fec_api_schedule_b_json,schedule_type_full,dropped|loaded_but_unused,no,yes,yes,Example: ITEMIZED DISBURSEMENTS,ITEMIZED DISBURSEMENTS,,raw_extractions.payload_json,no,database/federal_fec.py:1358,explicitly excluded (not projected into structured FEC table),,"Add explicit projection mapping if this key is needed downstream, or document intentional exclusion."
fec_api_schedule_b_json,semi_annual_bundled_refund,dropped|loaded_but_unused,no,yes,yes,Example: 0.00 | 101.00 | 3500.00,0.00 | 101.00 | 3500.00,,raw_extractions.payload_json,no,database/federal_fec.py:1358,explicitly excluded (not projected into structured FEC table),,"Add explicit projection mapping if this key is needed downstream, or document intentional exclusion."
fec_api_schedule_b_json,spender_committee_designation,dropped|loaded_but_unused,no,yes,yes,Example: P,P,,raw_extractions.payload_json,no,database/federal_fec.py:1358,explicitly excluded (not projected into structured FEC table),,"Add explicit projection mapping if this key is needed downstream, or document intentional exclusion."
fec_api_schedule_b_json,spender_committee_org_type,dropped|loaded_but_unused,no,yes,yes,No clear mapping; see drop_reason,,,raw_extractions.payload_json,no,database/federal_fec.py:1358,explicitly excluded (not projected into structured FEC table),,"Add explicit projection mapping if this key is needed downstream, or document intentional exclusion."
fec_api_schedule_b_json,spender_committee_type,dropped|loaded_but_unused,no,yes,yes,Example: S | H,S | H,,raw_extractions.payload_json,no,database/federal_fec.py:1358,explicitly excluded (not projected into structured FEC table),,"Add explicit projection mapping if this key is needed downstream, or document intentional exclusion."
fec_api_schedule_b_json,transaction_id,dropped|loaded_but_unused,no,yes,yes,Example: SB17.I20 | SB17.I9 | SB17.I18,SB17.I20 | SB17.I9 | SB17.I18,,raw_extractions.payload_json,no,database/federal_fec.py:1358,explicitly excluded (not projected into structured FEC table),,"Add explicit projection mapping if this key is needed downstream, or document intentional exclusion."
fec_api_schedule_b_json,unused_recipient_committee_id,dropped|loaded_but_unused,no,yes,yes,Example: C00918466 | C00915280 | C00917120,C00918466 | C00915280 | C00917120,,raw_extractions.payload_json,no,database/federal_fec.py:1358,explicitly excluded (not projected into structured FEC table),,"Add explicit projection mapping if this key is needed downstream, or document intentional exclusion."
fec_api_schedule_e_json,action_code,dropped|loaded_but_unused,no,yes,yes,Example: A | N | C,A | N | C,,raw_extractions.payload_json,no,database/federal_fec.py:1523,explicitly excluded (not projected into structured FEC table),,"Add explicit projection mapping if this key is needed downstream, or document intentional exclusion."
fec_api_schedule_e_json,action_code_full,dropped|loaded_but_unused,no,yes,yes,Example: ADD | NO CHANGE | CHANGE,ADD | NO CHANGE | CHANGE,,raw_extractions.payload_json,no,database/federal_fec.py:1523,explicitly excluded (not projected into structured FEC table),,"Add explicit projection mapping if this key is needed downstream, or document intentional exclusion."
fec_api_schedule_e_json,amendment_indicator,dropped|loaded_but_unused,no,yes,yes,Example: N | A | T,N | A | T,,raw_extractions.payload_json,no,database/federal_fec.py:1523,explicitly excluded (not projected into structured FEC table),,"Add explicit projection mapping if this key is needed downstream, or document intentional exclusion."
fec_api_schedule_e_json,amendment_number,dropped|loaded_but_unused,no,yes,yes,Example: 0 | 1 | 2,0 | 1 | 2,,raw_extractions.payload_json,no,database/federal_fec.py:1523,explicitly excluded (not projected into structured FEC table),,"Add explicit projection mapping if this key is needed downstream, or document intentional exclusion."
fec_api_schedule_e_json,back_reference_schedule_name,dropped|loaded_but_unused,no,yes,yes,No clear mapping; see drop_reason,,,raw_extractions.payload_json,no,database/federal_fec.py:1523,explicitly excluded (not projected into structured FEC table),,"Add explicit projection mapping if this key is needed downstream, or document intentional exclusion."
fec_api_schedule_e_json,back_reference_transaction_id,dropped|loaded_but_unused,no,yes,yes,No clear mapping; see drop_reason,,,raw_extractions.payload_json,no,database/federal_fec.py:1523,explicitly excluded (not projected into structured FEC table),,"Add explicit projection mapping if this key is needed downstream, or document intentional exclusion."
fec_api_schedule_e_json,candidate,dropped|loaded_but_unused,no,yes,yes,"Example: {'candidate_id': 'H8IL14174', 'idx': 84597, 'two_year_period': '2018'} | {'candidate_id': 'H8IL14174', 'idx': 84599, 'two_year_period': '2022'} | {'candidate_id': 'H8IL14174', 'idx': 84598, 'two_year_period': '2020'}","{'candidate_id': 'H8IL14174', 'idx': 84597, 'two_year_period': '2018'} | {'candidate_id': 'H8IL14174', 'idx': 84599, 'two_year_period': '2022'} | {'candidate_id': 'H8IL14174', 'idx': 84598, 'two_year_period': '2020'}",,raw_extractions.payload_json,no,database/federal_fec.py:1523,explicitly excluded (not projected into structured FEC table),,"Add explicit projection mapping if this key is needed downstream, or document intentional exclusion."
fec_api_schedule_e_json,candidate_first_name,dropped|loaded_but_unused,no,yes,yes,Example: LAUREN A | LAUREN | UNDERWOOD,LAUREN A | LAUREN | UNDERWOOD,,raw_extractions.payload_json,no,database/federal_fec.py:1523,explicitly excluded (not projected into structured FEC table),,"Add explicit projection mapping if this key is needed downstream, or document intentional exclusion."
fec_api_schedule_e_json,candidate_last_name,dropped|loaded_but_unused,no,yes,yes,Example: UNDERWOOD | LAUREN | TULLY,UNDERWOOD | LAUREN | TULLY,,raw_extractions.payload_json,no,database/federal_fec.py:1523,explicitly excluded (not projected into structured FEC table),,"Add explicit projection mapping if this key is needed downstream, or document intentional exclusion."
fec_api_schedule_e_json,candidate_middle_name,dropped|loaded_but_unused,no,yes,yes,Example: A | A. | SCOTT,A | A. | SCOTT,,raw_extractions.payload_json,no,database/federal_fec.py:1523,explicitly excluded (not projected into structured FEC table),,"Add explicit projection mapping if this key is needed downstream, or document intentional exclusion."
fec_api_schedule_e_json,candidate_party,dropped|loaded_but_unused,no,yes,yes,Example: DEM | REP | IND,DEM | REP | IND,,raw_extractions.payload_json,no,database/federal_fec.py:1523,explicitly excluded (not projected into structured FEC table),,"Add explicit projection mapping if this key is needed downstream, or document intentional exclusion."
fec_api_schedule_e_json,candidate_prefix,dropped|loaded_but_unused,no,yes,yes,Example: REP.,REP.,,raw_extractions.payload_json,no,database/federal_fec.py:1523,explicitly excluded (not projected into structured FEC table),,"Add explicit projection mapping if this key is needed downstream, or document intentional exclusion."
fec_api_schedule_e_json,candidate_suffix,dropped|loaded_but_unused,no,yes,yes,Example: A,A,,raw_extractions.payload_json,no,database/federal_fec.py:1523,explicitly excluded (not projected into structured FEC table),,"Add explicit projection mapping if this key is needed downstream, or document intentional exclusion."
fec_api_schedule_e_json,conduit_committee_city,dropped|loaded_but_unused,no,yes,yes,No clear mapping; see drop_reason,,,raw_extractions.payload_json,no,database/federal_fec.py:1523,explicitly excluded (not projected into structured FEC table),,"Add explicit projection mapping if this key is needed downstream, or document intentional exclusion."
fec_api_schedule_e_json,conduit_committee_id,dropped|loaded_but_unused,no,yes,yes,Example: C00341396 | C00489815 | C00647701,C00341396 | C00489815 | C00647701,,raw_extractions.payload_json,no,database/federal_fec.py:1523,explicitly excluded (not projected into structured FEC table),,"Add explicit projection mapping if this key is needed downstream, or document intentional exclusion."
fec_api_schedule_e_json,conduit_committee_name,dropped|loaded_but_unused,no,yes,yes,No clear mapping; see drop_reason,,,raw_extractions.payload_json,no,database/federal_fec.py:1523,explicitly excluded (not projected into structured FEC table),,"Add explicit projection mapping if this key is needed downstream, or document intentional exclusion."
fec_api_schedule_e_json,conduit_committee_state,dropped|loaded_but_unused,no,yes,yes,No clear mapping; see drop_reason,,,raw_extractions.payload_json,no,database/federal_fec.py:1523,explicitly excluded (not projected into structured FEC table),,"Add explicit projection mapping if this key is needed downstream, or document intentional exclusion."
fec_api_schedule_e_json,conduit_committee_street1,dropped|loaded_but_unused,no,yes,yes,No clear mapping; see drop_reason,,,raw_extractions.payload_json,no,database/federal_fec.py:1523,explicitly excluded (not projected into structured FEC table),,"Add explicit projection mapping if this key is needed downstream, or document intentional exclusion."
fec_api_schedule_e_json,conduit_committee_street2,dropped|loaded_but_unused,no,yes,yes,No clear mapping; see drop_reason,,,raw_extractions.payload_json,no,database/federal_fec.py:1523,explicitly excluded (not projected into structured FEC table),,"Add explicit projection mapping if this key is needed downstream, or document intentional exclusion."
fec_api_schedule_e_json,conduit_committee_zip,dropped|loaded_but_unused,no,yes,yes,No clear mapping; see drop_reason,,,raw_extractions.payload_json,no,database/federal_fec.py:1523,explicitly excluded (not projected into structured FEC table),,"Add explicit projection mapping if this key is needed downstream, or document intentional exclusion."
fec_api_schedule_e_json,disbursement_dt,dropped|loaded_but_unused,no,yes,yes,Example: 2018-09-27 | 2018-09-26 | 2018-09-25,2018-09-27 | 2018-09-26 | 2018-09-25,,raw_extractions.payload_json,no,database/federal_fec.py:1523,explicitly excluded (not projected into structured FEC table),,"Add explicit projection mapping if this key is needed downstream, or document intentional exclusion."
fec_api_schedule_e_json,dissemination_date,dropped|loaded_but_unused,no,yes,yes,Example: 2018-10-01 | 2018-09-25 | 2018-09-20,2018-10-01 | 2018-09-25 | 2018-09-20,,raw_extractions.payload_json,no,database/federal_fec.py:1523,explicitly excluded (not projected into structured FEC table),,"Add explicit projection mapping if this key is needed downstream, or document intentional exclusion."
fec_api_schedule_e_json,file_number,dropped|loaded_but_unused,no,yes,yes,Example: 1264593 | 1273201 | 1278749,1264593 | 1273201 | 1278749,,raw_extractions.payload_json,no,database/federal_fec.py:1523,explicitly excluded (not projected into structured FEC table),,"Add explicit projection mapping if this key is needed downstream, or document intentional exclusion."
fec_api_schedule_e_json,filer_first_name,dropped|loaded_but_unused,no,yes,yes,Example: CAROLINE | TOM | SABRINA,CAROLINE | TOM | SABRINA,,raw_extractions.payload_json,no,database/federal_fec.py:1523,explicitly excluded (not projected into structured FEC table),,"Add explicit projection mapping if this key is needed downstream, or document intentional exclusion."
fec_api_schedule_e_json,filer_last_name,dropped|loaded_but_unused,no,yes,yes,Example: FINES | MATZZIE | TINES,FINES | MATZZIE | TINES,,raw_extractions.payload_json,no,database/federal_fec.py:1523,explicitly excluded (not projected into structured FEC table),,"Add explicit projection mapping if this key is needed downstream, or document intentional exclusion."
fec_api_schedule_e_json,filer_middle_name,dropped|loaded_but_unused,no,yes,yes,Example: M. | A | S.,M. | A | S.,,raw_extractions.payload_json,no,database/federal_fec.py:1523,explicitly excluded (not projected into structured FEC table),,"Add explicit projection mapping if this key is needed downstream, or document intentional exclusion."
fec_api_schedule_e_json,filer_prefix,dropped|loaded_but_unused,no,yes,yes,Example: ROBERT | MR. | DR.,ROBERT | MR. | DR.,,raw_extractions.payload_json,no,database/federal_fec.py:1523,explicitly excluded (not projected into structured FEC table),,"Add explicit projection mapping if this key is needed downstream, or document intentional exclusion."
fec_api_schedule_e_json,filer_suffix,dropped|loaded_but_unused,no,yes,yes,Example: TREASURER | ESQ. | JR,TREASURER | ESQ. | JR,,raw_extractions.payload_json,no,database/federal_fec.py:1523,explicitly excluded (not projected into structured FEC table),,"Add explicit projection mapping if this key is needed downstream, or document intentional exclusion."
fec_api_schedule_e_json,filing_form,dropped|loaded_but_unused,no,yes,yes,Example: F24 | F5 | F3X,F24 | F5 | F3X,,raw_extractions.payload_json,no,database/federal_fec.py:1523,explicitly excluded (not projected into structured FEC table),,"Add explicit projection mapping if this key is needed downstream, or document intentional exclusion."
fec_api_schedule_e_json,independent_sign_date,dropped|loaded_but_unused,no,yes,yes,Example: 2018-10-01 | 2018-10-14 | 2018-09-25,2018-10-01 | 2018-10-14 | 2018-09-25,,raw_extractions.payload_json,no,database/federal_fec.py:1523,explicitly excluded (not projected into structured FEC table),,"Add explicit projection mapping if this key is needed downstream, or document intentional exclusion."
fec_api_schedule_e_json,independent_sign_name,dropped|loaded_but_unused,no,yes,yes,"Example: FINES, CAROLINE | MATZZIE, TOM | TINES, SABRINA","FINES, CAROLINE | MATZZIE, TOM | TINES, SABRINA",,raw_extractions.payload_json,no,database/federal_fec.py:1523,explicitly excluded (not projected into structured FEC table),,"Add explicit projection mapping if this key is needed downstream, or document intentional exclusion."
fec_api_schedule_e_json,is_notice,dropped|loaded_but_unused,no,yes,yes,Example: True | False,True | False,,raw_extractions.payload_json,no,database/federal_fec.py:1523,explicitly excluded (not projected into structured FEC table),,"Add explicit projection mapping if this key is needed downstream, or document intentional exclusion."
fec_api_schedule_e_json,link_id,dropped|loaded_but_unused,no,yes,yes,Example: 4100120181593006162 | 4101620181599435177 | 4102320181600406465,4100120181593006162 | 4101620181599435177 | 4102320181600406465,,raw_extractions.payload_json,no,database/federal_fec.py:1523,explicitly excluded (not projected into structured FEC table),,"Add explicit projection mapping if this key is needed downstream, or document intentional exclusion."
fec_api_schedule_e_json,memo_code,dropped|loaded_but_unused,no,yes,yes,Example: X,X,,raw_extractions.payload_json,no,database/federal_fec.py:1523,explicitly excluded (not projected into structured FEC table),,"Add explicit projection mapping if this key is needed downstream, or document intentional exclusion."
fec_api_schedule_e_json,memo_code_full,dropped|loaded_but_unused,no,yes,yes,No clear mapping; see drop_reason,,,raw_extractions.payload_json,no,database/federal_fec.py:1523,explicitly excluded (not projected into structured FEC table),,"Add explicit projection mapping if this key is needed downstream, or document intentional exclusion."
fec_api_schedule_e_json,memoed_subtotal,dropped|loaded_but_unused,no,yes,yes,Example: False | True,False | True,,raw_extractions.payload_json,no,database/federal_fec.py:1523,explicitly excluded (not projected into structured FEC table),,"Add explicit projection mapping if this key is needed downstream, or document intentional exclusion."
fec_api_schedule_e_json,most_recent,dropped|loaded_but_unused,no,yes,yes,Example: True | False,True | False,,raw_extractions.payload_json,no,database/federal_fec.py:1523,explicitly excluded (not projected into structured FEC table),,"Add explicit projection mapping if this key is needed downstream, or document intentional exclusion."
fec_api_schedule_e_json,notary_commission_expiration_date,dropped|loaded_but_unused,no,yes,yes,No clear mapping; see drop_reason,,,raw_extractions.payload_json,no,database/federal_fec.py:1523,explicitly excluded (not projected into structured FEC table),,"Add explicit projection mapping if this key is needed downstream, or document intentional exclusion."
fec_api_schedule_e_json,notary_sign_date,dropped|loaded_but_unused,no,yes,yes,No clear mapping; see drop_reason,,,raw_extractions.payload_json,no,database/federal_fec.py:1523,explicitly excluded (not projected into structured FEC table),,"Add explicit projection mapping if this key is needed downstream, or document intentional exclusion."
fec_api_schedule_e_json,notary_sign_name,dropped|loaded_but_unused,no,yes,yes,No clear mapping; see drop_reason,,,raw_extractions.payload_json,no,database/federal_fec.py:1523,explicitly excluded (not projected into structured FEC table),,"Add explicit projection mapping if this key is needed downstream, or document intentional exclusion."
fec_api_schedule_e_json,office_total_ytd,dropped|loaded_but_unused,no,yes,yes,Example: 166576.7 | 441.45 | 1358.34,166576.7 | 441.45 | 1358.34,,raw_extractions.payload_json,no,database/federal_fec.py:1523,explicitly excluded (not projected into structured FEC table),,"Add explicit projection mapping if this key is needed downstream, or document intentional exclusion."
fec_api_schedule_e_json,original_sub_id,dropped|loaded_but_unused,no,yes,yes,Example: 4121420221636549313 | 4121420221636549312 | 4121420221636549309,4121420221636549313 | 4121420221636549312 | 4121420221636549309,,raw_extractions.payload_json,no,database/federal_fec.py:1523,explicitly excluded (not projected into structured FEC table),,"Add explicit projection mapping if this key is needed downstream, or document intentional exclusion."
fec_api_schedule_e_json,payee_first_name,dropped|loaded_but_unused,no,yes,yes,Example: JOSHUA JOHN | OLGA | JOSHUA,JOSHUA JOHN | OLGA | JOSHUA,,raw_extractions.payload_json,no,database/federal_fec.py:1523,explicitly excluded (not projected into structured FEC table),,"Add explicit projection mapping if this key is needed downstream, or document intentional exclusion."
fec_api_schedule_e_json,payee_last_name,dropped|loaded_but_unused,no,yes,yes,Example: O'CONNOR | NUNES | MAREMA,O'CONNOR | NUNES | MAREMA,,raw_extractions.payload_json,no,database/federal_fec.py:1523,explicitly excluded (not projected into structured FEC table),,"Add explicit projection mapping if this key is needed downstream, or document intentional exclusion."
fec_api_schedule_e_json,payee_middle_name,dropped|loaded_but_unused,no,yes,yes,No clear mapping; see drop_reason,,,raw_extractions.payload_json,no,database/federal_fec.py:1523,explicitly excluded (not projected into structured FEC table),,"Add explicit projection mapping if this key is needed downstream, or document intentional exclusion."
fec_api_schedule_e_json,payee_name,dropped|loaded_but_unused,no,yes,yes,"Example: DELIVER STRATEGIES, LLC | HUSTLE, INC. | FACEBOOK","DELIVER STRATEGIES, LLC | HUSTLE, INC. | FACEBOOK",,raw_extractions.payload_json,no,database/federal_fec.py:1523,explicitly excluded (not projected into structured FEC table),,"Add explicit projection mapping if this key is needed downstream, or document intentional exclusion."
fec_api_schedule_e_json,payee_prefix,dropped|loaded_but_unused,no,yes,yes,No clear mapping; see drop_reason,,,raw_extractions.payload_json,no,database/federal_fec.py:1523,explicitly excluded (not projected into structured FEC table),,"Add explicit projection mapping if this key is needed downstream, or document intentional exclusion."
fec_api_schedule_e_json,payee_street_1,dropped|loaded_but_unused,no,yes,yes,"Example: 4301 FAIRFAX DR | 251 KEARNY ST, STE 300 | 1 HACKER WAY","4301 FAIRFAX DR | 251 KEARNY ST, STE 300 | 1 HACKER WAY",,raw_extractions.payload_json,no,database/federal_fec.py:1523,explicitly excluded (not projected into structured FEC table),,"Add explicit projection mapping if this key is needed downstream, or document intentional exclusion."
fec_api_schedule_e_json,payee_street_2,dropped|loaded_but_unused,no,yes,yes,Example: STE 550 | STE 1014 | STE 1300,STE 550 | STE 1014 | STE 1300,,raw_extractions.payload_json,no,database/federal_fec.py:1523,explicitly excluded (not projected into structured FEC table),,"Add explicit projection mapping if this key is needed downstream, or document intentional exclusion."
fec_api_schedule_e_json,payee_suffix,dropped|loaded_but_unused,no,yes,yes,No clear mapping; see drop_reason,,,raw_extractions.payload_json,no,database/federal_fec.py:1523,explicitly excluded (not projected into structured FEC table),,"Add explicit projection mapping if this key is needed downstream, or document intentional exclusion."
fec_api_schedule_e_json,pdf_url,dropped|loaded_but_unused,no,yes,yes,Example: https://docquery.fec.gov/cgi-bin/fecimg/?201810019124270255 | https://docquery.fec.gov/cgi-bin/fecimg/?201810159125495776 | http://docquery.fec.gov/cgi-bin/fecimg/?201810239130801783,https://docquery.fec.gov/cgi-bin/fecimg/?201810019124270255 | https://docquery.fec.gov/cgi-bin/fecimg/?201810159125495776 | http://docquery.fec.gov/cgi-bin/fecimg/?201810239130801783,,raw_extractions.payload_json,no,database/federal_fec.py:1523,explicitly excluded (not projected into structured FEC table),,"Add explicit projection mapping if this key is needed downstream, or document intentional exclusion."
fec_api_schedule_e_json,previous_file_number,dropped|loaded_but_unused,no,yes,yes,Example: 1264593 | 1273201 | 1269266,1264593 | 1273201 | 1269266,,raw_extractions.payload_json,no,database/federal_fec.py:1523,explicitly excluded (not projected into structured FEC table),,"Add explicit projection mapping if this key is needed downstream, or document intentional exclusion."
fec_api_schedule_e_json,report_year,dropped|loaded_but_unused,no,yes,yes,Example: 2018 | 2021 | 2020,2018 | 2021 | 2020,,raw_extractions.payload_json,no,database/federal_fec.py:1523,explicitly excluded (not projected into structured FEC table),,"Add explicit projection mapping if this key is needed downstream, or document intentional exclusion."
fec_api_schedule_e_json,schedule_type,dropped|loaded_but_unused,no,yes,yes,Example: SE | SE-F57,SE | SE-F57,,raw_extractions.payload_json,no,database/federal_fec.py:1523,explicitly excluded (not projected into structured FEC table),,"Add explicit projection mapping if this key is needed downstream, or document intentional exclusion."
fec_api_schedule_e_json,schedule_type_full,dropped|loaded_but_unused,no,yes,yes,Example: ITEMIZED INDEPENDENT EXPENDITURES | FOR EACH INDEPENDENT EXPENDITURE MADE,ITEMIZED INDEPENDENT EXPENDITURES | FOR EACH INDEPENDENT EXPENDITURE MADE,,raw_extractions.payload_json,no,database/federal_fec.py:1523,explicitly excluded (not projected into structured FEC table),,"Add explicit projection mapping if this key is needed downstream, or document intentional exclusion."
fec_api_schedule_e_json,transaction_id,dropped|loaded_but_unused,no,yes,yes,Example: VN7A7ABNMS6 | F57.4344 | SE.24970,VN7A7ABNMS6 | F57.4344 | SE.24970,,raw_extractions.payload_json,no,database/federal_fec.py:1523,explicitly excluded (not projected into structured FEC table),,"Add explicit projection mapping if this key is needed downstream, or document intentional exclusion."
fec_api_candidates_search_json,active_through,dropped|loaded_but_unused,no,yes,yes,Example: 2026 | 2024 | 2028,2026 | 2024 | 2028,,raw_extractions.payload_json,no,database/federal_fec.py:802,explicitly excluded (not projected into structured FEC table),,"Add explicit projection mapping if this key is needed downstream, or document intentional exclusion."
fec_api_candidates_search_json,candidate_inactive,dropped|loaded_but_unused,no,yes,yes,Example: False | True,False | True,,raw_extractions.payload_json,no,database/federal_fec.py:802,explicitly excluded (not projected into structured FEC table),,"Add explicit projection mapping if this key is needed downstream, or document intentional exclusion."
fec_api_candidates_search_json,cycles,dropped|loaded_but_unused,no,yes,yes,"Example: [2026] | [2008, 2010, 2018, 2020, 2022, 2024, 2026] | [2022, 2024, 2026]","[2026] | [2008, 2010, 2018, 2020, 2022, 2024, 2026] | [2022, 2024, 2026]",,raw_extractions.payload_json,no,database/federal_fec.py:802,explicitly excluded (not projected into structured FEC table),,"Add explicit projection mapping if this key is needed downstream, or document intentional exclusion."
fec_api_candidates_search_json,district_number,dropped|loaded_but_unused,no,yes,yes,Example: 16 | 5 | 0,16 | 5 | 0,,raw_extractions.payload_json,no,database/federal_fec.py:802,explicitly excluded (not projected into structured FEC table),,"Add explicit projection mapping if this key is needed downstream, or document intentional exclusion."
fec_api_candidates_search_json,election_districts,dropped|loaded_but_unused,no,yes,yes,"Example: ['16'] | ['05', '05', '05', '05', '05', '05', '05'] | ['05']","['16'] | ['05', '05', '05', '05', '05', '05', '05'] | ['05']",,raw_extractions.payload_json,no,database/federal_fec.py:802,explicitly excluded (not projected into structured FEC table),,"Add explicit projection mapping if this key is needed downstream, or document intentional exclusion."
fec_api_candidates_search_json,election_years,dropped|loaded_but_unused,no,yes,yes,"Example: [2026] | [2008, 2009, 2018, 2020, 2022, 2024, 2026] | [2022, 2024]","[2026] | [2008, 2009, 2018, 2020, 2022, 2024, 2026] | [2022, 2024]",,raw_extractions.payload_json,no,database/federal_fec.py:802,explicitly excluded (not projected into structured FEC table),,"Add explicit projection mapping if this key is needed downstream, or document intentional exclusion."
fec_api_candidates_search_json,federal_funds_flag,dropped|loaded_but_unused,no,yes,yes,Example: False,False,,raw_extractions.payload_json,no,database/federal_fec.py:802,explicitly excluded (not projected into structured FEC table),,"Add explicit projection mapping if this key is needed downstream, or document intentional exclusion."
fec_api_candidates_search_json,first_file_date,dropped|loaded_but_unused,no,yes,yes,Example: 2025-08-11 | 2008-06-05 | 2025-12-20,2025-08-11 | 2008-06-05 | 2025-12-20,,raw_extractions.payload_json,no,database/federal_fec.py:802,explicitly excluded (not projected into structured FEC table),,"Add explicit projection mapping if this key is needed downstream, or document intentional exclusion."
fec_api_candidates_search_json,has_raised_funds,dropped|loaded_but_unused,no,yes,yes,Example: False | True,False | True,,raw_extractions.payload_json,no,database/federal_fec.py:802,explicitly excluded (not projected into structured FEC table),,"Add explicit projection mapping if this key is needed downstream, or document intentional exclusion."
fec_api_candidates_search_json,inactive_election_years,dropped|loaded_but_unused,no,yes,yes,Example: [2014] | [2026] | [2022],[2014] | [2026] | [2022],,raw_extractions.payload_json,no,database/federal_fec.py:802,explicitly excluded (not projected into structured FEC table),,"Add explicit projection mapping if this key is needed downstream, or document intentional exclusion."
fec_api_candidates_search_json,incumbent_challenge,dropped|loaded_but_unused,no,yes,yes,Example: C | O | I,C | O | I,,raw_extractions.payload_json,no,database/federal_fec.py:802,explicitly excluded (not projected into structured FEC table),,"Add explicit projection mapping if this key is needed downstream, or document intentional exclusion."
fec_api_candidates_search_json,incumbent_challenge_full,dropped|loaded_but_unused,no,yes,yes,Example: Challenger | Open seat | Incumbent,Challenger | Open seat | Incumbent,,raw_extractions.payload_json,no,database/federal_fec.py:802,explicitly excluded (not projected into structured FEC table),,"Add explicit projection mapping if this key is needed downstream, or document intentional exclusion."
fec_api_candidates_search_json,last_f2_date,dropped|loaded_but_unused,no,yes,yes,Example: 2025-08-11 | 2022-07-05 | 2025-12-20,2025-08-11 | 2022-07-05 | 2025-12-20,,raw_extractions.payload_json,no,database/federal_fec.py:802,explicitly excluded (not projected into structured FEC table),,"Add explicit projection mapping if this key is needed downstream, or document intentional exclusion."
fec_api_candidates_search_json,last_file_date,dropped|loaded_but_unused,no,yes,yes,Example: 2025-08-11 | 2022-07-05 | 2025-12-20,2025-08-11 | 2022-07-05 | 2025-12-20,,raw_extractions.payload_json,no,database/federal_fec.py:802,explicitly excluded (not projected into structured FEC table),,"Add explicit projection mapping if this key is needed downstream, or document intentional exclusion."
fec_api_candidates_search_json,load_date,dropped|loaded_but_unused,no,yes,yes,Example: 2025-09-02T21:03:03 | 2026-02-05T21:01:18 | 2025-12-30T21:00:52,2025-09-02T21:03:03 | 2026-02-05T21:01:18 | 2025-12-30T21:00:52,,raw_extractions.payload_json,no,database/federal_fec.py:802,explicitly excluded (not projected into structured FEC table),,"Add explicit projection mapping if this key is needed downstream, or document intentional exclusion."
fec_api_candidates_search_json,office_full,dropped|loaded_but_unused,no,yes,yes,Example: House | Senate,House | Senate,,raw_extractions.payload_json,no,database/federal_fec.py:802,explicitly excluded (not projected into structured FEC table),,"Add explicit projection mapping if this key is needed downstream, or document intentional exclusion."
fec_api_candidates_search_json,party_full,dropped|loaded_but_unused,no,yes,yes,Example: REPUBLICAN PARTY | INDEPENDENT | OTHER,REPUBLICAN PARTY | INDEPENDENT | OTHER,,raw_extractions.payload_json,no,database/federal_fec.py:802,explicitly excluded (not projected into structured FEC table),,"Add explicit projection mapping if this key is needed downstream, or document intentional exclusion."
fec_api_candidate_committees_json,affiliated_committee_name,dropped|loaded_but_unused,no,yes,yes,Example: NONE | TEAM RAJA VICTORY FUND | ROBIN KELLY FOR CONGRESS,NONE | TEAM RAJA VICTORY FUND | ROBIN KELLY FOR CONGRESS,,raw_extractions.payload_json,no,database/federal_fec.py:938,explicitly excluded (not projected into structured FEC table),,"Add explicit projection mapping if this key is needed downstream, or document intentional exclusion."
fec_api_candidate_committees_json,candidate_ids,dropped|loaded_but_unused,no,yes,yes,"Example: ['H4WI02070', 'H4WI04290', 'H6IL07412'] | ['S6IL00672'] | ['S6IL00656']","['H4WI02070', 'H4WI04290', 'H6IL07412'] | ['S6IL00672'] | ['S6IL00656']",,raw_extractions.payload_json,no,database/federal_fec.py:938,explicitly excluded (not projected into structured FEC table),,"Add explicit projection mapping if this key is needed downstream, or document intentional exclusion."
fec_api_candidate_committees_json,committee_type_full,dropped|loaded_but_unused,no,yes,yes,Example: Super PAC (Independent Expenditure-Only) | Senate | House,Super PAC (Independent Expenditure-Only) | Senate | House,,raw_extractions.payload_json,no,database/federal_fec.py:938,explicitly excluded (not projected into structured FEC table),,"Add explicit projection mapping if this key is needed downstream, or document intentional exclusion."
fec_api_candidate_committees_json,custodian_city,dropped|loaded_but_unused,no,yes,yes,Example: MILWAUKEE | ALEXANDRIA | CHICAGO,MILWAUKEE | ALEXANDRIA | CHICAGO,,raw_extractions.payload_json,no,database/federal_fec.py:938,explicitly excluded (not projected into structured FEC table),,"Add explicit projection mapping if this key is needed downstream, or document intentional exclusion."
fec_api_candidate_committees_json,custodian_name_1,dropped|loaded_but_unused,no,yes,yes,Example: BOONIE | BRENDA | STEVE,BOONIE | BRENDA | STEVE,,raw_extractions.payload_json,no,database/federal_fec.py:938,explicitly excluded (not projected into structured FEC table),,"Add explicit projection mapping if this key is needed downstream, or document intentional exclusion."
fec_api_candidate_committees_json,custodian_name_2,dropped|loaded_but_unused,no,yes,yes,Example: SHELTONS | HANKINS | BOTSFORD,SHELTONS | HANKINS | BOTSFORD,,raw_extractions.payload_json,no,database/federal_fec.py:938,explicitly excluded (not projected into structured FEC table),,"Add explicit projection mapping if this key is needed downstream, or document intentional exclusion."
fec_api_candidate_committees_json,custodian_name_full,dropped|loaded_but_unused,no,yes,yes,"Example: SHELTONS, BOONIE LASHAWN MRS | HANKINS, BRENDA | BOTSFORD, STEVE JR.","SHELTONS, BOONIE LASHAWN MRS | HANKINS, BRENDA | BOTSFORD, STEVE JR.",,raw_extractions.payload_json,no,database/federal_fec.py:938,explicitly excluded (not projected into structured FEC table),,"Add explicit projection mapping if this key is needed downstream, or document intentional exclusion."
fec_api_candidate_committees_json,custodian_name_middle,dropped|loaded_but_unused,no,yes,yes,Example: LASHAWN | JAMES | M.,LASHAWN | JAMES | M.,,raw_extractions.payload_json,no,database/federal_fec.py:938,explicitly excluded (not projected into structured FEC table),,"Add explicit projection mapping if this key is needed downstream, or document intentional exclusion."
fec_api_candidate_committees_json,custodian_name_prefix,dropped|loaded_but_unused,no,yes,yes,Example: MRS | DR. | MS,MRS | DR. | MS,,raw_extractions.payload_json,no,database/federal_fec.py:938,explicitly excluded (not projected into structured FEC table),,"Add explicit projection mapping if this key is needed downstream, or document intentional exclusion."
fec_api_candidate_committees_json,custodian_name_suffix,dropped|loaded_but_unused,no,yes,yes,Example: JR. | II,JR. | II,,raw_extractions.payload_json,no,database/federal_fec.py:938,explicitly excluded (not projected into structured FEC table),,"Add explicit projection mapping if this key is needed downstream, or document intentional exclusion."
fec_api_candidate_committees_json,custodian_name_title,dropped|loaded_but_unused,no,yes,yes,Example: DESIGNATED AGENT | ASSISTANT TREASURER | TREASURER,DESIGNATED AGENT | ASSISTANT TREASURER | TREASURER,,raw_extractions.payload_json,no,database/federal_fec.py:938,explicitly excluded (not projected into structured FEC table),,"Add explicit projection mapping if this key is needed downstream, or document intentional exclusion."
fec_api_candidate_committees_json,custodian_phone,dropped|loaded_but_unused,no,yes,yes,Example: 4142155025 | 2025480880 | 2243210727,4142155025 | 2025480880 | 2243210727,,raw_extractions.payload_json,no,database/federal_fec.py:938,explicitly excluded (not projected into structured FEC table),,"Add explicit projection mapping if this key is needed downstream, or document intentional exclusion."
fec_api_candidate_committees_json,custodian_state,dropped|loaded_but_unused,no,yes,yes,Example: WI | VA | IL,WI | VA | IL,,raw_extractions.payload_json,no,database/federal_fec.py:938,explicitly excluded (not projected into structured FEC table),,"Add explicit projection mapping if this key is needed downstream, or document intentional exclusion."
fec_api_candidate_committees_json,custodian_street_1,dropped|loaded_but_unused,no,yes,yes,Example: 10154 W KIEHNAU AVE | PO BOX 26141 | PO BOX 14047,10154 W KIEHNAU AVE | PO BOX 26141 | PO BOX 14047,,raw_extractions.payload_json,no,database/federal_fec.py:938,explicitly excluded (not projected into structured FEC table),,"Add explicit projection mapping if this key is needed downstream, or document intentional exclusion."
fec_api_candidate_committees_json,custodian_street_2,dropped|loaded_but_unused,no,yes,yes,Example: A | #1300 | SUITE 810,A | #1300 | SUITE 810,,raw_extractions.payload_json,no,database/federal_fec.py:938,explicitly excluded (not projected into structured FEC table),,"Add explicit projection mapping if this key is needed downstream, or document intentional exclusion."
fec_api_candidate_committees_json,custodian_zip,dropped|loaded_but_unused,no,yes,yes,Example: 53224 | 22313 | 60614,53224 | 22313 | 60614,,raw_extractions.payload_json,no,database/federal_fec.py:938,explicitly excluded (not projected into structured FEC table),,"Add explicit projection mapping if this key is needed downstream, or document intentional exclusion."
fec_api_candidate_committees_json,cycles,dropped|loaded_but_unused,no,yes,yes,"Example: [2024, 2026] | [2026] | [2022, 2024, 2026]","[2024, 2026] | [2026] | [2022, 2024, 2026]",,raw_extractions.payload_json,no,database/federal_fec.py:938,explicitly excluded (not projected into structured FEC table),,"Add explicit projection mapping if this key is needed downstream, or document intentional exclusion."
fec_api_candidate_committees_json,email,dropped|loaded_but_unused,no,yes,yes,Example: NATHANEBILLIPSFORUSREP2026@GMAIL.COM;NATHANBILLIPSJR@GMAIL.COM | CHRIS@ELECTIONCFO.COM;EVANS@CC.ELECTIONCFO.COM | COMPLIANCE@KATZCOMPLIANCE.COM,NATHANEBILLIPSFORUSREP2026@GMAIL.COM;NATHANBILLIPSJR@GMAIL.COM | CHRIS@ELECTIONCFO.COM;EVANS@CC.ELECTIONCFO.COM | COMPLIANCE@KATZCOMPLIANCE.COM,,raw_extractions.payload_json,no,database/federal_fec.py:938,explicitly excluded (not projected into structured FEC table),,"Add explicit projection mapping if this key is needed downstream, or document intentional exclusion."
fec_api_candidate_committees_json,fax,dropped|loaded_but_unused,no,yes,yes,No clear mapping; see drop_reason,,,raw_extractions.payload_json,no,database/federal_fec.py:938,explicitly excluded (not projected into structured FEC table),,"Add explicit projection mapping if this key is needed downstream, or document intentional exclusion."
fec_api_candidate_committees_json,first_f1_date,dropped|loaded_but_unused,no,yes,yes,Example: 2024-06-24 | 2025-10-01 | 2025-09-19,2024-06-24 | 2025-10-01 | 2025-09-19,,raw_extractions.payload_json,no,database/federal_fec.py:938,explicitly excluded (not projected into structured FEC table),,"Add explicit projection mapping if this key is needed downstream, or document intentional exclusion."
fec_api_candidate_committees_json,first_file_date,dropped|loaded_but_unused,no,yes,yes,Example: 2024-06-24 | 2025-10-01 | 2025-09-19,2024-06-24 | 2025-10-01 | 2025-09-19,,raw_extractions.payload_json,no,database/federal_fec.py:938,explicitly excluded (not projected into structured FEC table),,"Add explicit projection mapping if this key is needed downstream, or document intentional exclusion."
fec_api_candidate_committees_json,form_type,dropped|loaded_but_unused,no,yes,yes,Example: F1,F1,,raw_extractions.payload_json,no,database/federal_fec.py:938,explicitly excluded (not projected into structured FEC table),,"Add explicit projection mapping if this key is needed downstream, or document intentional exclusion."
fec_api_candidate_committees_json,last_f1_date,dropped|loaded_but_unused,no,yes,yes,Example: 2026-02-02 | 2025-10-01 | 2025-09-19,2026-02-02 | 2025-10-01 | 2025-09-19,,raw_extractions.payload_json,no,database/federal_fec.py:938,explicitly excluded (not projected into structured FEC table),,"Add explicit projection mapping if this key is needed downstream, or document intentional exclusion."
fec_api_candidate_committees_json,last_file_date,dropped|loaded_but_unused,no,yes,yes,Example: 2026-02-02 | 2026-01-19 | 2026-01-30,2026-02-02 | 2026-01-19 | 2026-01-30,,raw_extractions.payload_json,no,database/federal_fec.py:938,explicitly excluded (not projected into structured FEC table),,"Add explicit projection mapping if this key is needed downstream, or document intentional exclusion."
fec_api_candidate_committees_json,leadership_pac,dropped|loaded_but_unused,no,yes,yes,No clear mapping; see drop_reason,,,raw_extractions.payload_json,no,database/federal_fec.py:938,explicitly excluded (not projected into structured FEC table),,"Add explicit projection mapping if this key is needed downstream, or document intentional exclusion."
fec_api_candidate_committees_json,lobbyist_registrant_pac,dropped|loaded_but_unused,no,yes,yes,Example: G,G,,raw_extractions.payload_json,no,database/federal_fec.py:938,explicitly excluded (not projected into structured FEC table),,"Add explicit projection mapping if this key is needed downstream, or document intentional exclusion."
fec_api_candidate_committees_json,organization_type,dropped|loaded_but_unused,no,yes,yes,No clear mapping; see drop_reason,,,raw_extractions.payload_json,no,database/federal_fec.py:938,explicitly excluded (not projected into structured FEC table),,"Add explicit projection mapping if this key is needed downstream, or document intentional exclusion."
fec_api_candidate_committees_json,organization_type_full,dropped|loaded_but_unused,no,yes,yes,No clear mapping; see drop_reason,,,raw_extractions.payload_json,no,database/federal_fec.py:938,explicitly excluded (not projected into structured FEC table),,"Add explicit projection mapping if this key is needed downstream, or document intentional exclusion."
fec_api_candidate_committees_json,party_full,dropped|loaded_but_unused,no,yes,yes,Example: INDEPENDENT | REPUBLICAN PARTY | DEMOCRATIC PARTY,INDEPENDENT | REPUBLICAN PARTY | DEMOCRATIC PARTY,,raw_extractions.payload_json,no,database/federal_fec.py:938,explicitly excluded (not projected into structured FEC table),,"Add explicit projection mapping if this key is needed downstream, or document intentional exclusion."
fec_api_candidate_committees_json,party_type,dropped|loaded_but_unused,no,yes,yes,No clear mapping; see drop_reason,,,raw_extractions.payload_json,no,database/federal_fec.py:938,explicitly excluded (not projected into structured FEC table),,"Add explicit projection mapping if this key is needed downstream, or document intentional exclusion."
fec_api_candidate_committees_json,party_type_full,dropped|loaded_but_unused,no,yes,yes,No clear mapping; see drop_reason,,,raw_extractions.payload_json,no,database/federal_fec.py:938,explicitly excluded (not projected into structured FEC table),,"Add explicit projection mapping if this key is needed downstream, or document intentional exclusion."
fec_api_candidate_committees_json,sponsor_candidate_ids,dropped|loaded_but_unused,no,yes,yes,No clear mapping; see drop_reason,,,raw_extractions.payload_json,no,database/federal_fec.py:938,explicitly excluded (not projected into structured FEC table),,"Add explicit projection mapping if this key is needed downstream, or document intentional exclusion."
fec_api_candidate_committees_json,state_full,dropped|loaded_but_unused,no,yes,yes,Example: Wisconsin | Virginia | Illinois,Wisconsin | Virginia | Illinois,,raw_extractions.payload_json,no,database/federal_fec.py:938,explicitly excluded (not projected into structured FEC table),,"Add explicit projection mapping if this key is needed downstream, or document intentional exclusion."
fec_api_candidate_committees_json,street_1,dropped|loaded_but_unused,no,yes,yes,Example: 10154 W KIEHNAU AVE | PO BOX 26141 | PO BOX 14047,10154 W KIEHNAU AVE | PO BOX 26141 | PO BOX 14047,,raw_extractions.payload_json,no,database/federal_fec.py:938,explicitly excluded (not projected into structured FEC table),,"Add explicit projection mapping if this key is needed downstream, or document intentional exclusion."
fec_api_candidate_committees_json,street_2,dropped|loaded_but_unused,no,yes,yes,Example: A | SUITE 1300 | SUITE 810,A | SUITE 1300 | SUITE 810,,raw_extractions.payload_json,no,database/federal_fec.py:938,explicitly excluded (not projected into structured FEC table),,"Add explicit projection mapping if this key is needed downstream, or document intentional exclusion."
fec_api_candidate_committees_json,treasurer_city,dropped|loaded_but_unused,no,yes,yes,Example: MILWAUKEE | ALEXANDRIA | CHICAGO,MILWAUKEE | ALEXANDRIA | CHICAGO,,raw_extractions.payload_json,no,database/federal_fec.py:938,explicitly excluded (not projected into structured FEC table),,"Add explicit projection mapping if this key is needed downstream, or document intentional exclusion."
fec_api_candidate_committees_json,treasurer_name,dropped|loaded_but_unused,no,yes,yes,"Example: SHELTON, BONNIE LASHAWN MRS | MARSTON, CHRIS | BOTSFORD, STEVE JR.","SHELTON, BONNIE LASHAWN MRS | MARSTON, CHRIS | BOTSFORD, STEVE JR.",,raw_extractions.payload_json,no,database/federal_fec.py:938,explicitly excluded (not projected into structured FEC table),,"Add explicit projection mapping if this key is needed downstream, or document intentional exclusion."
fec_api_candidate_committees_json,treasurer_name_1,dropped|loaded_but_unused,no,yes,yes,Example: BONNIE | CHRIS | STEVE,BONNIE | CHRIS | STEVE,,raw_extractions.payload_json,no,database/federal_fec.py:938,explicitly excluded (not projected into structured FEC table),,"Add explicit projection mapping if this key is needed downstream, or document intentional exclusion."
fec_api_candidate_committees_json,treasurer_name_2,dropped|loaded_but_unused,no,yes,yes,Example: SHELTON | MARSTON | BOTSFORD,SHELTON | MARSTON | BOTSFORD,,raw_extractions.payload_json,no,database/federal_fec.py:938,explicitly excluded (not projected into structured FEC table),,"Add explicit projection mapping if this key is needed downstream, or document intentional exclusion."
fec_api_candidate_committees_json,treasurer_name_middle,dropped|loaded_but_unused,no,yes,yes,Example: LASHAWN | JAMES | P.,LASHAWN | JAMES | P.,,raw_extractions.payload_json,no,database/federal_fec.py:938,explicitly excluded (not projected into structured FEC table),,"Add explicit projection mapping if this key is needed downstream, or document intentional exclusion."
fec_api_candidate_committees_json,treasurer_name_prefix,dropped|loaded_but_unused,no,yes,yes,Example: MRS | MS | MRS.,MRS | MS | MRS.,,raw_extractions.payload_json,no,database/federal_fec.py:938,explicitly excluded (not projected into structured FEC table),,"Add explicit projection mapping if this key is needed downstream, or document intentional exclusion."
fec_api_candidate_committees_json,treasurer_name_suffix,dropped|loaded_but_unused,no,yes,yes,Example: JR. | II,JR. | II,,raw_extractions.payload_json,no,database/federal_fec.py:938,explicitly excluded (not projected into structured FEC table),,"Add explicit projection mapping if this key is needed downstream, or document intentional exclusion."
fec_api_candidate_committees_json,treasurer_name_title,dropped|loaded_but_unused,no,yes,yes,Example: DESIGNATED AGENT | TREASURER | TEMP.,DESIGNATED AGENT | TREASURER | TEMP.,,raw_extractions.payload_json,no,database/federal_fec.py:938,explicitly excluded (not projected into structured FEC table),,"Add explicit projection mapping if this key is needed downstream, or document intentional exclusion."
fec_api_candidate_committees_json,treasurer_phone,dropped|loaded_but_unused,no,yes,yes,Example: 4142155025 | 2025480880 | 2243210727,4142155025 | 2025480880 | 2243210727,,raw_extractions.payload_json,no,database/federal_fec.py:938,explicitly excluded (not projected into structured FEC table),,"Add explicit projection mapping if this key is needed downstream, or document intentional exclusion."
fec_api_candidate_committees_json,treasurer_state,dropped|loaded_but_unused,no,yes,yes,Example: WI | VA | IL,WI | VA | IL,,raw_extractions.payload_json,no,database/federal_fec.py:938,explicitly excluded (not projected into structured FEC table),,"Add explicit projection mapping if this key is needed downstream, or document intentional exclusion."
fec_api_candidate_committees_json,treasurer_street_1,dropped|loaded_but_unused,no,yes,yes,Example: 10154 W KIEHNAU AVE | PO BOX 26141 | PO BOX 14047,10154 W KIEHNAU AVE | PO BOX 26141 | PO BOX 14047,,raw_extractions.payload_json,no,database/federal_fec.py:938,explicitly excluded (not projected into structured FEC table),,"Add explicit projection mapping if this key is needed downstream, or document intentional exclusion."
fec_api_candidate_committees_json,treasurer_street_2,dropped|loaded_but_unused,no,yes,yes,Example: A | #1300 | SUITE 810,A | #1300 | SUITE 810,,raw_extractions.payload_json,no,database/federal_fec.py:938,explicitly excluded (not projected into structured FEC table),,"Add explicit projection mapping if this key is needed downstream, or document intentional exclusion."
fec_api_candidate_committees_json,treasurer_zip,dropped|loaded_but_unused,no,yes,yes,Example: 53224 | 22313 | 60614,53224 | 22313 | 60614,,raw_extractions.payload_json,no,database/federal_fec.py:938,explicitly excluded (not projected into structured FEC table),,"Add explicit projection mapping if this key is needed downstream, or document intentional exclusion."
fec_api_candidate_committees_json,website,dropped|loaded_but_unused,no,yes,yes,Example: HTTPS://WWW.CHANGE.ORG/NATHANEBILLIPSUSREP | HTTPS://WWW.JEANNIEEVANS.COM/ | DONTRACYFORIL.COM,HTTPS://WWW.CHANGE.ORG/NATHANEBILLIPSUSREP | HTTPS://WWW.JEANNIEEVANS.COM/ | DONTRACYFORIL.COM,,raw_extractions.payload_json,no,database/federal_fec.py:938,explicitly excluded (not projected into structured FEC table),,"Add explicit projection mapping if this key is needed downstream, or document intentional exclusion."
fec_api_candidate_totals_json,all_other_loans,dropped|loaded_but_unused,no,yes,yes,Example: 0.0 | 2500.0 | 2000.0,0.0 | 2500.0 | 2000.0,,raw_extractions.payload_json,no,database/federal_fec.py:1052,explicitly excluded (not projected into structured FEC table),,"Add explicit projection mapping if this key is needed downstream, or document intentional exclusion."
fec_api_candidate_totals_json,candidate_contribution,dropped|loaded_but_unused,no,yes,yes,Example: 353925.31 | 121706.39 | 0.0,353925.31 | 121706.39 | 0.0,,raw_extractions.payload_json,no,database/federal_fec.py:1052,explicitly excluded (not projected into structured FEC table),,"Add explicit projection mapping if this key is needed downstream, or document intentional exclusion."
fec_api_candidate_totals_json,candidate_election_year,dropped|loaded_but_unused,no,yes,yes,Example: 2026,2026,,raw_extractions.payload_json,no,database/federal_fec.py:1052,explicitly excluded (not projected into structured FEC table),,"Add explicit projection mapping if this key is needed downstream, or document intentional exclusion."
fec_api_candidate_totals_json,candidate_id,dropped|loaded_but_unused,no,yes,yes,Example: S6IL00656 | S6IL00672 | S6IL00649,S6IL00656 | S6IL00672 | S6IL00649,,raw_extractions.payload_json,no,database/federal_fec.py:1052,explicitly excluded (not projected into structured FEC table),,"Add explicit projection mapping if this key is needed downstream, or document intentional exclusion."
fec_api_candidate_totals_json,contribution_refunds,dropped|loaded_but_unused,no,yes,yes,Example: 0.0 | 520.51 | 31091.5,0.0 | 520.51 | 31091.5,,raw_extractions.payload_json,no,database/federal_fec.py:1052,explicitly excluded (not projected into structured FEC table),,"Add explicit projection mapping if this key is needed downstream, or document intentional exclusion."
fec_api_candidate_totals_json,cycle,dropped|loaded_but_unused,no,yes,yes,Example: 2026,2026,,raw_extractions.payload_json,no,database/federal_fec.py:1052,explicitly excluded (not projected into structured FEC table),,"Add explicit projection mapping if this key is needed downstream, or document intentional exclusion."
fec_api_candidate_totals_json,election_full,dropped|loaded_but_unused,no,yes,yes,Example: False,False,,raw_extractions.payload_json,no,database/federal_fec.py:1052,explicitly excluded (not projected into structured FEC table),,"Add explicit projection mapping if this key is needed downstream, or document intentional exclusion."
fec_api_candidate_totals_json,exempt_legal_accounting_disbursement,dropped|loaded_but_unused,no,yes,yes,Example: 0.0,0.0,,raw_extractions.payload_json,no,database/federal_fec.py:1052,explicitly excluded (not projected into structured FEC table),,"Add explicit projection mapping if this key is needed downstream, or document intentional exclusion."
fec_api_candidate_totals_json,federal_funds,dropped|loaded_but_unused,no,yes,yes,Example: 0.0,0.0,,raw_extractions.payload_json,no,database/federal_fec.py:1052,explicitly excluded (not projected into structured FEC table),,"Add explicit projection mapping if this key is needed downstream, or document intentional exclusion."
fec_api_candidate_totals_json,fundraising_disbursements,dropped|loaded_but_unused,no,yes,yes,Example: 0.0,0.0,,raw_extractions.payload_json,no,database/federal_fec.py:1052,explicitly excluded (not projected into structured FEC table),,"Add explicit projection mapping if this key is needed downstream, or document intentional exclusion."
fec_api_candidate_totals_json,individual_itemized_contributions,dropped|loaded_but_unused,no,yes,yes,Example: 4250.0 | 81500.0 | 20232.0,4250.0 | 81500.0 | 20232.0,,raw_extractions.payload_json,no,database/federal_fec.py:1052,explicitly excluded (not projected into structured FEC table),,"Add explicit projection mapping if this key is needed downstream, or document intentional exclusion."
fec_api_candidate_totals_json,individual_unitemized_contributions,dropped|loaded_but_unused,no,yes,yes,Example: 995.0 | 655.0 | 1744.0,995.0 | 655.0 | 1744.0,,raw_extractions.payload_json,no,database/federal_fec.py:1052,explicitly excluded (not projected into structured FEC table),,"Add explicit projection mapping if this key is needed downstream, or document intentional exclusion."
fec_api_candidate_totals_json,last_beginning_image_number,dropped|loaded_but_unused,no,yes,yes,Example: 202601309794556075 | 202601199794075787 | 202601319795637048,202601309794556075 | 202601199794075787 | 202601319795637048,,raw_extractions.payload_json,no,database/federal_fec.py:1052,explicitly excluded (not projected into structured FEC table),,"Add explicit projection mapping if this key is needed downstream, or document intentional exclusion."
fec_api_candidate_totals_json,last_debts_owed_by_committee,dropped|loaded_but_unused,no,yes,yes,Example: 0.0 | 300000.0 | 46500.0,0.0 | 300000.0 | 46500.0,,raw_extractions.payload_json,no,database/federal_fec.py:1052,explicitly excluded (not projected into structured FEC table),,"Add explicit projection mapping if this key is needed downstream, or document intentional exclusion."
fec_api_candidate_totals_json,last_debts_owed_to_committee,dropped|loaded_but_unused,no,yes,yes,Example: 0.0,0.0,,raw_extractions.payload_json,no,database/federal_fec.py:1052,explicitly excluded (not projected into structured FEC table),,"Add explicit projection mapping if this key is needed downstream, or document intentional exclusion."
fec_api_candidate_totals_json,last_net_contributions,dropped|loaded_but_unused,no,yes,yes,Example: 257378.76 | 203861.39 | 16875.0,257378.76 | 203861.39 | 16875.0,,raw_extractions.payload_json,no,database/federal_fec.py:1052,explicitly excluded (not projected into structured FEC table),,"Add explicit projection mapping if this key is needed downstream, or document intentional exclusion."
fec_api_candidate_totals_json,last_net_operating_expenditures,dropped|loaded_but_unused,no,yes,yes,Example: 129198.98 | 205267.3 | 12659.01,129198.98 | 205267.3 | 12659.01,,raw_extractions.payload_json,no,database/federal_fec.py:1052,explicitly excluded (not projected into structured FEC table),,"Add explicit projection mapping if this key is needed downstream, or document intentional exclusion."
fec_api_candidate_totals_json,loan_repayments,dropped|loaded_but_unused,no,yes,yes,Example: 0.0 | 4547.62 | 2000.0,0.0 | 4547.62 | 2000.0,,raw_extractions.payload_json,no,database/federal_fec.py:1052,explicitly excluded (not projected into structured FEC table),,"Add explicit projection mapping if this key is needed downstream, or document intentional exclusion."
fec_api_candidate_totals_json,loan_repayments_candidate_loans,dropped|loaded_but_unused,no,yes,yes,Example: 0.0 | 2547.62 | 2000.0,0.0 | 2547.62 | 2000.0,,raw_extractions.payload_json,no,database/federal_fec.py:1052,explicitly excluded (not projected into structured FEC table),,"Add explicit projection mapping if this key is needed downstream, or document intentional exclusion."
fec_api_candidate_totals_json,loan_repayments_other_loans,dropped|loaded_but_unused,no,yes,yes,Example: 0.0 | 2000.0,0.0 | 2000.0,,raw_extractions.payload_json,no,database/federal_fec.py:1052,explicitly excluded (not projected into structured FEC table),,"Add explicit projection mapping if this key is needed downstream, or document intentional exclusion."
fec_api_candidate_totals_json,loans,dropped|loaded_but_unused,no,yes,yes,Example: 0.0 | 300000.0 | 46500.0,0.0 | 300000.0 | 46500.0,,raw_extractions.payload_json,no,database/federal_fec.py:1052,explicitly excluded (not projected into structured FEC table),,"Add explicit projection mapping if this key is needed downstream, or document intentional exclusion."
fec_api_candidate_totals_json,loans_made_by_candidate,dropped|loaded_but_unused,no,yes,yes,Example: 0.0 | 300000.0 | 46500.0,0.0 | 300000.0 | 46500.0,,raw_extractions.payload_json,no,database/federal_fec.py:1052,explicitly excluded (not projected into structured FEC table),,"Add explicit projection mapping if this key is needed downstream, or document intentional exclusion."
fec_api_candidate_totals_json,net_contributions,dropped|loaded_but_unused,no,yes,yes,Example: 359170.31 | 203861.39 | 21976.0,359170.31 | 203861.39 | 21976.0,,raw_extractions.payload_json,no,database/federal_fec.py:1052,explicitly excluded (not projected into structured FEC table),,"Add explicit projection mapping if this key is needed downstream, or document intentional exclusion."
fec_api_candidate_totals_json,net_operating_expenditures,dropped|loaded_but_unused,no,yes,yes,Example: 230990.53 | 205267.3 | 14778.34,230990.53 | 205267.3 | 14778.34,,raw_extractions.payload_json,no,database/federal_fec.py:1052,explicitly excluded (not projected into structured FEC table),,"Add explicit projection mapping if this key is needed downstream, or document intentional exclusion."
fec_api_candidate_totals_json,offsets_to_fundraising_expenditures,dropped|loaded_but_unused,no,yes,yes,Example: 0.0,0.0,,raw_extractions.payload_json,no,database/federal_fec.py:1052,explicitly excluded (not projected into structured FEC table),,"Add explicit projection mapping if this key is needed downstream, or document intentional exclusion."
fec_api_candidate_totals_json,offsets_to_legal_accounting,dropped|loaded_but_unused,no,yes,yes,Example: 0.0,0.0,,raw_extractions.payload_json,no,database/federal_fec.py:1052,explicitly excluded (not projected into structured FEC table),,"Add explicit projection mapping if this key is needed downstream, or document intentional exclusion."
fec_api_candidate_totals_json,offsets_to_operating_expenditures,dropped|loaded_but_unused,no,yes,yes,Example: 0.0 | 7000.51 | 500.0,0.0 | 7000.51 | 500.0,,raw_extractions.payload_json,no,database/federal_fec.py:1052,explicitly excluded (not projected into structured FEC table),,"Add explicit projection mapping if this key is needed downstream, or document intentional exclusion."
fec_api_candidate_totals_json,operating_expenditures,dropped|loaded_but_unused,no,yes,yes,Example: 230990.53 | 212267.81 | 14778.34,230990.53 | 212267.81 | 14778.34,,raw_extractions.payload_json,no,database/federal_fec.py:1052,explicitly excluded (not projected into structured FEC table),,"Add explicit projection mapping if this key is needed downstream, or document intentional exclusion."
fec_api_candidate_totals_json,other_disbursements,dropped|loaded_but_unused,no,yes,yes,Example: 0.0 | 1553.67 | 6332.68,0.0 | 1553.67 | 6332.68,,raw_extractions.payload_json,no,database/federal_fec.py:1052,explicitly excluded (not projected into structured FEC table),,"Add explicit projection mapping if this key is needed downstream, or document intentional exclusion."
fec_api_candidate_totals_json,other_political_committee_contributions,dropped|loaded_but_unused,no,yes,yes,Example: 0.0 | 150.0 | 120.0,0.0 | 150.0 | 120.0,,raw_extractions.payload_json,no,database/federal_fec.py:1052,explicitly excluded (not projected into structured FEC table),,"Add explicit projection mapping if this key is needed downstream, or document intentional exclusion."
fec_api_candidate_totals_json,other_receipts,dropped|loaded_but_unused,no,yes,yes,Example: 0.51 | 0.0 | 19288.35,0.51 | 0.0 | 19288.35,,raw_extractions.payload_json,no,database/federal_fec.py:1052,explicitly excluded (not projected into structured FEC table),,"Add explicit projection mapping if this key is needed downstream, or document intentional exclusion."
fec_api_candidate_totals_json,political_party_committee_contributions,dropped|loaded_but_unused,no,yes,yes,Example: 0.0 | 250.0 | 500.0,0.0 | 250.0 | 500.0,,raw_extractions.payload_json,no,database/federal_fec.py:1052,explicitly excluded (not projected into structured FEC table),,"Add explicit projection mapping if this key is needed downstream, or document intentional exclusion."
fec_api_candidate_totals_json,refunded_individual_contributions,dropped|loaded_but_unused,no,yes,yes,Example: 0.0 | 520.51 | 31091.5,0.0 | 520.51 | 31091.5,,raw_extractions.payload_json,no,database/federal_fec.py:1052,explicitly excluded (not projected into structured FEC table),,"Add explicit projection mapping if this key is needed downstream, or document intentional exclusion."
fec_api_candidate_totals_json,refunded_other_political_committee_contributions,dropped|loaded_but_unused,no,yes,yes,Example: 0.0 | 2000.0 | 8500.0,0.0 | 2000.0 | 8500.0,,raw_extractions.payload_json,no,database/federal_fec.py:1052,explicitly excluded (not projected into structured FEC table),,"Add explicit projection mapping if this key is needed downstream, or document intentional exclusion."
fec_api_candidate_totals_json,refunded_political_party_committee_contributions,dropped|loaded_but_unused,no,yes,yes,Example: 0.0,0.0,,raw_extractions.payload_json,no,database/federal_fec.py:1052,explicitly excluded (not projected into structured FEC table),,"Add explicit projection mapping if this key is needed downstream, or document intentional exclusion."
fec_api_candidate_totals_json,total_offsets_to_operating_expenditures,dropped|loaded_but_unused,no,yes,yes,Example: 0.0,0.0,,raw_extractions.payload_json,no,database/federal_fec.py:1052,explicitly excluded (not projected into structured FEC table),,"Add explicit projection mapping if this key is needed downstream, or document intentional exclusion."
fec_api_candidate_totals_json,transfers_from_other_authorized_committee,dropped|loaded_but_unused,no,yes,yes,Example: 0.0 | 4205.0 | 19285171.21,0.0 | 4205.0 | 19285171.21,,raw_extractions.payload_json,no,database/federal_fec.py:1052,explicitly excluded (not projected into structured FEC table),,"Add explicit projection mapping if this key is needed downstream, or document intentional exclusion."
fec_api_candidate_totals_json,transfers_to_other_authorized_committee,dropped|loaded_but_unused,no,yes,yes,Example: 0.0 | 1000.0 | 2060.0,0.0 | 1000.0 | 2060.0,,raw_extractions.payload_json,no,database/federal_fec.py:1052,explicitly excluded (not projected into structured FEC table),,"Add explicit projection mapping if this key is needed downstream, or document intentional exclusion."
chicago_contracts_socrata_json,purchase_order_description,loaded_but_unused,no,no,yes,Stores in chicago_contracts_raw.purchase_order_description,DEMOLITION | JANITORIAL SUPPLIES | MASTER AGREEMENT FOR DEMOLITION SERVICES,,chicago_contracts_raw.purchase_order_description,no,,,,Keep mapped; add downstream consumers or retire feed if staging-only is intentional.
chicago_contracts_socrata_json,purchase_order_contract_number,loaded_but_unused,no,no,yes,Stores in chicago_contracts_raw.purchase_order_contract_number,E011442 | T27500 | C02163,,chicago_contracts_raw.purchase_order_contract_number,no,,,,Keep mapped; add downstream consumers or retire feed if staging-only is intentional.
chicago_contracts_socrata_json,revision_number,loaded_but_unused,no,no,yes,Stores in chicago_contracts_raw.revision_number,0 | 1 | 7,,chicago_contracts_raw.revision_number,no,,,,Keep mapped; add downstream consumers or retire feed if staging-only is intentional.
chicago_contracts_socrata_json,specification_number,loaded_but_unused,no,no,yes,Stores in chicago_contracts_raw.specification_number,E968020030 | B74851001 | B89683203,,chicago_contracts_raw.specification_number,no,,,,Keep mapped; add downstream consumers or retire feed if staging-only is intentional.
chicago_contracts_socrata_json,contract_type,loaded_but_unused,no,no,yes,Stores in chicago_contracts_raw.contract_type,CONSTRUCTION-GENERAL | WORK SERVICES-SMALL ORDERS | COMMODITIES-SMALL ORDERS,,chicago_contracts_raw.contract_type,no,,,,Keep mapped; add downstream consumers or retire feed if staging-only is intentional.
chicago_contracts_socrata_json,start_date,loaded_but_unused,no,no,yes,Stores in chicago_contracts_raw.start_date,1997-12-01T00:00:00.000 | 2014-03-07T00:00:00.000 | 2012-11-13T00:00:00.000,,chicago_contracts_raw.start_date,no,,,,Keep mapped; add downstream consumers or retire feed if staging-only is intentional.
chicago_contracts_socrata_json,end_date,loaded_but_unused,no,no,yes,Stores in chicago_contracts_raw.end_date,1999-11-30T00:00:00.000 | 2017-03-06T00:00:00.000 | 2014-11-12T00:00:00.000,,chicago_contracts_raw.end_date,no,,,,Keep mapped; add downstream consumers or retire feed if staging-only is intentional.
chicago_contracts_socrata_json,approval_date,loaded_but_unused,no,no,yes,Stores in chicago_contracts_raw.approval_date,2014-09-05T00:00:00.000 | 2014-08-28T00:00:00.000 | 2014-08-25T00:00:00.000,,chicago_contracts_raw.approval_date,no,,,,Keep mapped; add downstream consumers or retire feed if staging-only is intentional.
chicago_contracts_socrata_json,department,loaded_but_unused,no,no,yes,Stores in chicago_contracts_raw.department,DEPARTMENT OF BUILDINGS | CHICAGO DEPARTMENT OF TRANSPORTATION | CHICAGO PUBLIC LIBRARY,,chicago_contracts_raw.department,no,,,,Keep mapped; add downstream consumers or retire feed if staging-only is intentional.
chicago_contracts_socrata_json,vendor_name,loaded_but_unused,no,no,yes,Stores in chicago_contracts_raw.vendor_name,"MIDWEST WRECKING COMPANY 01 | CHICAGO UNITED INDUSTRIES, LIMITED | DEMOLITION & DEVELOPMENT, LIMITED.",,chicago_contracts_raw.vendor_name,no,,,,Keep mapped; add downstream consumers or retire feed if staging-only is intentional.
chicago_contracts_socrata_json,vendor_id,loaded_but_unused,no,no,yes,Stores in chicago_contracts_raw.vendor_id,14878414T | 22085024V | 22414299V,,chicago_contracts_raw.vendor_id,no,,,,Keep mapped; add downstream consumers or retire feed if staging-only is intentional.
chicago_contracts_socrata_json,address_1,never_loaded|dropped,yes,yes,no,Example: 1950 W HUBBARD ST | 53 W JACKSON BLVD # 1450 | P.0. BOX 10263,1950 W HUBBARD ST | 53 W JACKSON BLVD # 1450 | P.0. BOX 10263,,,no,database/chicago_loader.py:378,explicitly excluded (Socrata $select projection omits this raw column),,Add this column to chicago_loader select_fields + parse/upsert mappings if required.
chicago_contracts_socrata_json,address_2,never_loaded|dropped,yes,yes,no,Example: 3228 S WOOD ST | # 4 | 7950 JOLIET RD STE 200,3228 S WOOD ST | # 4 | 7950 JOLIET RD STE 200,,,no,database/chicago_loader.py:378,explicitly excluded (Socrata $select projection omits this raw column),,Add this column to chicago_loader select_fields + parse/upsert mappings if required.
chicago_contracts_socrata_json,city,loaded_but_unused,no,no,yes,Stores in chicago_contracts_raw.city,CHICAGO | BURLINGTON | GLENVIEW,,chicago_contracts_raw.city,no,,,,Keep mapped; add downstream consumers or retire feed if staging-only is intentional.
chicago_contracts_socrata_json,state,loaded_but_unused,no,no,yes,Stores in chicago_contracts_raw.state,IL | MA | NE,,chicago_contracts_raw.state,no,,,,Keep mapped; add downstream consumers or retire feed if staging-only is intentional.
chicago_contracts_socrata_json,zip,loaded_but_unused,no,no,yes,Stores in chicago_contracts_raw.zip,60622 | 60604-3806 | 60610,,chicago_contracts_raw.zip,no,,,,Keep mapped; add downstream consumers or retire feed if staging-only is intentional.
chicago_contracts_socrata_json,award_amount,loaded_but_unused,no,no,yes,Stores in chicago_contracts_raw.award_amount,17500 | 0 | 7000,,chicago_contracts_raw.award_amount,no,,,,Keep mapped; add downstream consumers or retire feed if staging-only is intentional.
chicago_contracts_socrata_json,procurement_type,loaded_but_unused,no,no,yes,Stores in chicago_contracts_raw.procurement_type,BID | MASTER AGREEMENT | RFQ,,chicago_contracts_raw.procurement_type,no,,,,Keep mapped; add downstream consumers or retire feed if staging-only is intentional.
chicago_contracts_socrata_json,contract_pdf,loaded_but_unused,no,no,yes,Stores in chicago_contracts_raw.contract_pdf,,,chicago_contracts_raw.contract_pdf,no,,,,Keep mapped; add downstream consumers or retire feed if staging-only is intentional.
chicago_payments_socrata_json,voucher_number,loaded_but_unused,no,no,yes,Stores in chicago_payments_raw.voucher_number,PV81248102104 | CVIP244117202 | PV27252766021,,chicago_payments_raw.voucher_number,no,,,,Keep mapped; add downstream consumers or retire feed if staging-only is intentional.
chicago_payments_socrata_json,amount,loaded_but_unused,no,no,yes,Stores in chicago_payments_raw.amount,175 | 69.85 | 38554.81,,chicago_payments_raw.amount,no,,,,Keep mapped; add downstream consumers or retire feed if staging-only is intentional.
chicago_payments_socrata_json,check_date,loaded_but_unused,no,no,yes,Stores in chicago_payments_raw.check_date_raw,12/18/2024 | 03/27/2025 | 2021,check_date_raw,chicago_payments_raw.check_date_raw,no,,,,Keep mapped; add downstream consumers or retire feed if staging-only is intentional.
chicago_payments_socrata_json,department_name,loaded_but_unused,no,no,yes,Stores in chicago_payments_raw.department_name,DEPARTMENT OF WATER MANAGEMENT | CHICAGO DEPARTMENT OF TRANSPORTATION | DEPT OF ASSETS INFORMATION AND SERVICES,,chicago_payments_raw.department_name,no,,,,Keep mapped; add downstream consumers or retire feed if staging-only is intentional.
chicago_payments_socrata_json,contract_number,loaded_but_unused,no,no,yes,Stores in chicago_payments_raw.contract_number,DV | 241821 | 124392,,chicago_payments_raw.contract_number,no,,,,Keep mapped; add downstream consumers or retire feed if staging-only is intentional.
chicago_payments_socrata_json,vendor_name,loaded_but_unused,no,no,yes,Stores in chicago_payments_raw.vendor_name,THOMAS HEITZMAN | CHRISTIAN COMMUNITY HEALTH CENTER | TRAVELERS & IMMIGRANTS AID'S HEARTLAND ALLIANCE FOR HUMAN NEEDS & HUMAN RIGHTS,,chicago_payments_raw.vendor_name,no,,,,Keep mapped; add downstream consumers or retire feed if staging-only is intentional.
chicago_lobbyist_contributions_socrata_json,contribution_id,loaded_but_unused,no,no,yes,Stores in chicago_lobbyist_contributions_raw.contribution_id,997687494 | 1772781085 | 3074589131,,chicago_lobbyist_contributions_raw.contribution_id,no,,,,Keep mapped; add downstream consumers or retire feed if staging-only is intentional.
chicago_lobbyist_contributions_socrata_json,period_start,loaded_but_unused,no,no,yes,Stores in chicago_lobbyist_contributions_raw.period_start,2016-01-01T00:00:00.000 | 2019-10-01T00:00:00.000 | 2016-04-01T00:00:00.000,,chicago_lobbyist_contributions_raw.period_start,no,,,,Keep mapped; add downstream consumers or retire feed if staging-only is intentional.
chicago_lobbyist_contributions_socrata_json,period_end,loaded_but_unused,no,no,yes,Stores in chicago_lobbyist_contributions_raw.period_end,2016-03-31T00:00:00.000 | 2019-12-31T00:00:00.000 | 2016-06-30T00:00:00.000,,chicago_lobbyist_contributions_raw.period_end,no,,,,Keep mapped; add downstream consumers or retire feed if staging-only is intentional.
chicago_lobbyist_contributions_socrata_json,contribution_date,loaded_but_unused,no,no,yes,Stores in chicago_lobbyist_contributions_raw.contribution_date,2016-01-28T00:00:00.000 | 2019-11-07T00:00:00.000 | 2016-05-23T00:00:00.000,,chicago_lobbyist_contributions_raw.contribution_date,no,,,,Keep mapped; add downstream consumers or retire feed if staging-only is intentional.
chicago_lobbyist_contributions_socrata_json,recipient,loaded_but_unused,no,no,yes,Stores in chicago_lobbyist_contributions_raw.recipient,DEMOCRATIC PARTY OF THE 49TH WARD | CHRIS TALIAFERRO | ALD HOPKINS,,chicago_lobbyist_contributions_raw.recipient,no,,,,Keep mapped; add downstream consumers or retire feed if staging-only is intentional.
chicago_lobbyist_contributions_socrata_json,amount,loaded_but_unused,no,no,yes,Stores in chicago_lobbyist_contributions_raw.amount,1500 | 250 | 500,,chicago_lobbyist_contributions_raw.amount,no,,,,Keep mapped; add downstream consumers or retire feed if staging-only is intentional.
chicago_lobbyist_contributions_socrata_json,lobbyist_id,loaded_but_unused,no,no,yes,Stores in chicago_lobbyist_contributions_raw.lobbyist_id,4254 | 18181 | 3912,,chicago_lobbyist_contributions_raw.lobbyist_id,no,,,,Keep mapped; add downstream consumers or retire feed if staging-only is intentional.
chicago_lobbyist_contributions_socrata_json,lobbyist_first_name,loaded_but_unused,no,no,yes,Stores in chicago_lobbyist_contributions_raw.lobbyist_first_name,ARNOLD | JOHN | TERRY,,chicago_lobbyist_contributions_raw.lobbyist_first_name,no,,,,Keep mapped; add downstream consumers or retire feed if staging-only is intentional.
chicago_lobbyist_contributions_socrata_json,lobbyist_last_name,loaded_but_unused,no,no,yes,Stores in chicago_lobbyist_contributions_raw.lobbyist_last_name,HARRIS | DALEY | GABINSKI,,chicago_lobbyist_contributions_raw.lobbyist_last_name,no,,,,Keep mapped; add downstream consumers or retire feed if staging-only is intentional.
chicago_lobbyist_contributions_socrata_json,created_date,never_loaded|dropped,yes,yes,no,Example: 2016-04-19T00:00:00.000 | 2020-01-20T00:00:00.000 | 2017-01-30T00:00:00.000,2016-04-19T00:00:00.000 | 2020-01-20T00:00:00.000 | 2017-01-30T00:00:00.000,,,no,database/chicago_loader.py:407,explicitly excluded (Socrata $select projection omits this raw column),,Add this column to chicago_loader select_fields + parse/upsert mappings if required.
chicago_lobbying_activity_socrata_json,lobbying_activity_id,loaded_but_unused,no,no,yes,Stores in chicago_lobbying_activity_raw.lobbying_activity_id,4024574064 | 334762988 | 3913494580,,chicago_lobbying_activity_raw.lobbying_activity_id,no,,,,Keep mapped; add downstream consumers or retire feed if staging-only is intentional.
chicago_lobbying_activity_socrata_json,period_start,loaded_but_unused,no,no,yes,Stores in chicago_lobbying_activity_raw.period_start,2014-07-01T00:00:00.000 | 2019-10-01T00:00:00.000 | 2016-10-01T00:00:00.000,,chicago_lobbying_activity_raw.period_start,no,,,,Keep mapped; add downstream consumers or retire feed if staging-only is intentional.
chicago_lobbying_activity_socrata_json,period_end,loaded_but_unused,no,no,yes,Stores in chicago_lobbying_activity_raw.period_end,2014-09-30T00:00:00.000 | 2019-12-31T00:00:00.000 | 2016-12-31T00:00:00.000,,chicago_lobbying_activity_raw.period_end,no,,,,Keep mapped; add downstream consumers or retire feed if staging-only is intentional.
chicago_lobbying_activity_socrata_json,action,loaded_but_unused,no,no,yes,Stores in chicago_lobbying_activity_raw.action,LEGISLATIVE | BOTH (ADMINISTRATIVE AND LEGISLATIVE) | ADMINISTRATIVE,,chicago_lobbying_activity_raw.action,no,,,,Keep mapped; add downstream consumers or retire feed if staging-only is intentional.
chicago_lobbying_activity_socrata_json,action_sought,loaded_but_unused,no,no,yes,Stores in chicago_lobbying_activity_raw.action_sought,AMENDMENT TO PLANNED DEVELOPMENT | DISCUSSED FY 2020 BUDGET | CONTRACT APPROVAL,,chicago_lobbying_activity_raw.action_sought,no,,,,Keep mapped; add downstream consumers or retire feed if staging-only is intentional.
chicago_lobbying_activity_socrata_json,department,loaded_but_unused,no,no,yes,Stores in chicago_lobbying_activity_raw.department,TRANSPORTATION | MAYORS OFFICE | PROCUREMENT SERVICES,,chicago_lobbying_activity_raw.department,no,,,,Keep mapped; add downstream consumers or retire feed if staging-only is intentional.
chicago_lobbying_activity_socrata_json,client_id,loaded_but_unused,no,no,yes,Stores in chicago_lobbying_activity_raw.client_id,2201517748 | 83073491 | 2367121887,,chicago_lobbying_activity_raw.client_id,no,,,,Keep mapped; add downstream consumers or retire feed if staging-only is intentional.
chicago_lobbying_activity_socrata_json,client_name,loaded_but_unused,no,no,yes,Stores in chicago_lobbying_activity_raw.client_name,FRIEDMAN PROPERTIES | ILLINOIS RESTAURANT ASSOCIATION | WESTFIELD GROUP,,chicago_lobbying_activity_raw.client_name,no,,,,Keep mapped; add downstream consumers or retire feed if staging-only is intentional.
chicago_lobbying_activity_socrata_json,lobbyist_id,loaded_but_unused,no,no,yes,Stores in chicago_lobbying_activity_raw.lobbyist_id,6842 | 5201 | 3744,,chicago_lobbying_activity_raw.lobbyist_id,no,,,,Keep mapped; add downstream consumers or retire feed if staging-only is intentional.
chicago_lobbying_activity_socrata_json,lobbyist_first_name,loaded_but_unused,no,no,yes,Stores in chicago_lobbying_activity_raw.lobbyist_first_name,JOHN | SAM | TIMOTHY,,chicago_lobbying_activity_raw.lobbyist_first_name,no,,,,Keep mapped; add downstream consumers or retire feed if staging-only is intentional.
chicago_lobbying_activity_socrata_json,lobbyist_middle_initial,never_loaded|dropped,yes,yes,no,Example: J | A | S,J | A | S,,,no,database/chicago_loader.py:419,explicitly excluded (Socrata $select projection omits this raw column),,Add this column to chicago_loader select_fields + parse/upsert mappings if required.
chicago_lobbying_activity_socrata_json,lobbyist_last_name,loaded_but_unused,no,no,yes,Stores in chicago_lobbying_activity_raw.lobbyist_last_name,GEORGE | TOIA | DART,,chicago_lobbying_activity_raw.lobbyist_last_name,no,,,,Keep mapped; add downstream consumers or retire feed if staging-only is intentional.
chicago_lobbying_activity_socrata_json,created_date,never_loaded|dropped,yes,yes,no,Example: 2015-01-26T00:00:00.000 | 2020-01-16T00:00:00.000 | 2017-01-04T00:00:00.000,2015-01-26T00:00:00.000 | 2020-01-16T00:00:00.000 | 2017-01-04T00:00:00.000,,,no,database/chicago_loader.py:419,explicitly excluded (Socrata $select projection omits this raw column),,Add this column to chicago_loader select_fields + parse/upsert mappings if required.
