feed_name,raw_column,is_loaded_from_raw?,is_renamed_to?,is_stored?,is_used?,where_used,where_dropped,drop_reason,recommendation,present_in_files_count,present_in_all_files?,null_rate_estimate,example_values,evidence_raw_files,sampling_method
isbe_committees_tsv,Address1,yes,address_line_1,bulk_committees_clean.address_line_1,yes,webapp/routes/committees.py; webapp/routes/lobbying.py; database/analytics.py,,,Keep mapped; add schema regression tests.,2,yes,0.000296,6301 N Sheridan Rd | 1075 N Marshfield Ave | 2742 W. North Ave,Bulk_download/Committees.txt; Bulk_download/committees_639060038163077225.txt,header_scanned_all_files_profiled_first_n_rows_per_file
isbe_committees_tsv,Address2,yes,address_line_2,bulk_committees_clean.address_line_2,yes,webapp/routes/committees.py; webapp/routes/lobbying.py; database/analytics.py,,,Keep mapped; add schema regression tests.,2,yes,0.804469,Ste 15-G | 435 E 35th St | 500 E 33rd St Apt 1515,Bulk_download/Committees.txt; Bulk_download/committees_639060038163077225.txt,header_scanned_all_files_profiled_first_n_rows_per_file
isbe_committees_tsv,Address3,yes,address_line_3,bulk_committees_clean.address_line_3,yes,webapp/routes/committees.py; webapp/routes/lobbying.py; database/analytics.py,,,Keep mapped; add schema regression tests.,2,yes,0.995055,Attn Mark Flood | #93 | Unit #2,Bulk_download/Committees.txt; Bulk_download/committees_639060038163077225.txt,header_scanned_all_files_profiled_first_n_rows_per_file
isbe_committees_tsv,CanSuppOpp,yes,candidate_support_or_oppose,bulk_committees_clean.candidate_support_or_oppose,yes,webapp/routes/committees.py; webapp/routes/lobbying.py; database/analytics.py,,,Keep mapped; add schema regression tests.,2,yes,0.169843,S | O,Bulk_download/Committees.txt; Bulk_download/committees_639060038163077225.txt,header_scanned_all_files_profiled_first_n_rows_per_file
isbe_committees_tsv,City,yes,city,bulk_committees_clean.city,yes,webapp/routes/committees.py; webapp/routes/lobbying.py; database/analytics.py,,,Keep mapped; add schema regression tests.,2,yes,0.0,Chicago | Beecher | Kankakee,Bulk_download/Committees.txt; Bulk_download/committees_639060038163077225.txt,header_scanned_all_files_profiled_first_n_rows_per_file
isbe_committees_tsv,CreationAmount,yes,creation_funds_available,bulk_committees_clean.creation_funds_available,yes,webapp/routes/committees.py; webapp/routes/lobbying.py; database/analytics.py,,,Keep mapped; add schema regression tests.,2,yes,0.0,0 | 52966.7 | 500,Bulk_download/Committees.txt; Bulk_download/committees_639060038163077225.txt,header_scanned_all_files_profiled_first_n_rows_per_file
isbe_committees_tsv,CreationDate,yes,creation_date,bulk_committees_clean.creation_date,yes,webapp/routes/committees.py; webapp/routes/lobbying.py; database/analytics.py,,,Keep mapped; add schema regression tests.,2,yes,0.08025,2000-08-21 00:00:00 | 2007-08-13 00:00:00 | 2011-12-09 00:00:00,Bulk_download/Committees.txt; Bulk_download/committees_639060038163077225.txt,header_scanned_all_files_profiled_first_n_rows_per_file
isbe_committees_tsv,DispFunds95,yes,residual_funds_per_ilcs_9_5,bulk_committees_clean.residual_funds_per_ilcs_9_5,yes,webapp/routes/committees.py; webapp/routes/lobbying.py; database/analytics.py,scripts/isbe_sunshine_etl.py:1243,implicitly lost (collision with DispFundsDescrip -> disp_funds_95),Preserve this column in sunshine-import (distinct target column) or commit an explicit denylist decision.,2,yes,0.0,False | True,Bulk_download/Committees.txt; Bulk_download/committees_639060038163077225.txt,header_scanned_all_files_profiled_first_n_rows_per_file
isbe_committees_tsv,DispFundsCharity,yes,residual_funds_to_charity,bulk_committees_clean.residual_funds_to_charity,yes,webapp/routes/committees.py; webapp/routes/lobbying.py; database/analytics.py,,,Keep mapped; add schema regression tests.,2,yes,0.0,False | True,Bulk_download/Committees.txt; Bulk_download/committees_639060038163077225.txt,header_scanned_all_files_profiled_first_n_rows_per_file
isbe_committees_tsv,DispFundsDescrip,yes,residual_funds_description,bulk_committees_clean.residual_funds_description,yes,webapp/routes/committees.py; webapp/routes/lobbying.py; database/analytics.py,,,Keep mapped; add schema regression tests.,2,yes,0.651831,Cook County Democratic Party | tbd | The Democratic Party Of Illinois,Bulk_download/Committees.txt; Bulk_download/committees_639060038163077225.txt,header_scanned_all_files_profiled_first_n_rows_per_file
isbe_committees_tsv,DispFundsPolComm,yes,residual_funds_to_political_committee,bulk_committees_clean.residual_funds_to_political_committee,yes,webapp/routes/committees.py; webapp/routes/lobbying.py; database/analytics.py,,,Keep mapped; add schema regression tests.,2,yes,0.0,True | False,Bulk_download/Committees.txt; Bulk_download/committees_639060038163077225.txt,header_scanned_all_files_profiled_first_n_rows_per_file
isbe_committees_tsv,DispFundsReturn,yes,residual_funds_return_to_contributors,bulk_committees_clean.residual_funds_return_to_contributors,yes,webapp/routes/committees.py; webapp/routes/lobbying.py; database/analytics.py,,,Keep mapped; add schema regression tests.,2,yes,0.0,False | True,Bulk_download/Committees.txt; Bulk_download/committees_639060038163077225.txt,header_scanned_all_files_profiled_first_n_rows_per_file
isbe_committees_tsv,ID,yes,committee_id_sbe,bulk_committees_clean.committee_id_sbe,yes,webapp/routes/committees.py; webapp/routes/lobbying.py; database/analytics.py,,,Keep mapped; add schema regression tests.,2,yes,0.0,15504 | 21057 | 24042,Bulk_download/Committees.txt; Bulk_download/committees_639060038163077225.txt,header_scanned_all_files_profiled_first_n_rows_per_file
isbe_committees_tsv,LocalCommittee,yes,is_local_committee_obsolete,bulk_committees_clean.is_local_committee_obsolete,yes,webapp/routes/committees.py; webapp/routes/lobbying.py; database/analytics.py,,,Keep mapped; add schema regression tests.,2,yes,0.0,True | False,Bulk_download/Committees.txt; Bulk_download/committees_639060038163077225.txt,header_scanned_all_files_profiled_first_n_rows_per_file
isbe_committees_tsv,LocalID,yes,local_committee_id_obsolete,bulk_committees_clean.local_committee_id_obsolete,yes,webapp/routes/committees.py; webapp/routes/lobbying.py; database/analytics.py,scripts/isbe_sunshine_etl.py:55,explicitly excluded (sunshine FILE_COLUMNS omits LocalID),Preserve this column in sunshine-import (distinct target column) or commit an explicit denylist decision.,2,yes,0.0,10040 | 14554 | 0,Bulk_download/Committees.txt; Bulk_download/committees_639060038163077225.txt,header_scanned_all_files_profiled_first_n_rows_per_file
isbe_committees_tsv,Name,yes,committee_name,bulk_committees_clean.committee_name,yes,webapp/routes/committees.py; webapp/routes/lobbying.py; database/analytics.py,,,Keep mapped; add schema regression tests.,2,yes,0.0,Citizens for.com PAC | 1st Ward Democratic Committeeman Fund | 1st Ward First Independent Democratic Org,Bulk_download/Committees.txt; Bulk_download/committees_639060038163077225.txt,header_scanned_all_files_profiled_first_n_rows_per_file
isbe_committees_tsv,PartyAffiliation,yes,party_affiliation,bulk_committees_clean.party_affiliation,yes,webapp/routes/committees.py; webapp/routes/lobbying.py; database/analytics.py,,,Keep mapped; add schema regression tests.,2,yes,0.533988,Democratic | Republican | Libertarian,Bulk_download/Committees.txt; Bulk_download/committees_639060038163077225.txt,header_scanned_all_files_profiled_first_n_rows_per_file
isbe_committees_tsv,PolicySuppOpp,yes,policy_support_or_oppose,bulk_committees_clean.policy_support_or_oppose,yes,webapp/routes/committees.py; webapp/routes/lobbying.py; database/analytics.py,,,Keep mapped; add schema regression tests.,2,yes,0.808896,S | O,Bulk_download/Committees.txt; Bulk_download/committees_639060038163077225.txt,header_scanned_all_files_profiled_first_n_rows_per_file
isbe_committees_tsv,Purpose,yes,committee_purpose,bulk_committees_clean.committee_purpose,yes,webapp/routes/committees.py; webapp/routes/lobbying.py; database/analytics.py,,,Keep mapped; add schema regression tests.,2,yes,0.080694,To support candidates and elected officials that support legislation that benefits the internet. | To elect and support Democratic candidates for public and political office. | To elect qualified candidates who represent the interests of 1st ward residents,Bulk_download/Committees.txt; Bulk_download/committees_639060038163077225.txt,header_scanned_all_files_profiled_first_n_rows_per_file
isbe_committees_tsv,ReferName,yes,reference_name,bulk_committees_clean.reference_name,yes,webapp/routes/committees.py; webapp/routes/lobbying.py; database/analytics.py,,,Keep mapped; add schema regression tests.,2,yes,0.0,.com PAC | 0001 | 0001 Ward,Bulk_download/Committees.txt; Bulk_download/committees_639060038163077225.txt,header_scanned_all_files_profiled_first_n_rows_per_file
isbe_committees_tsv,State,yes,state,bulk_committees_clean.state,yes,webapp/routes/committees.py; webapp/routes/lobbying.py; database/analytics.py,,,Keep mapped; add schema regression tests.,2,yes,0.0,IL | RI | Il,Bulk_download/Committees.txt; Bulk_download/committees_639060038163077225.txt,header_scanned_all_files_profiled_first_n_rows_per_file
isbe_committees_tsv,StateCommittee,yes,is_state_committee_obsolete,bulk_committees_clean.is_state_committee_obsolete,yes,webapp/routes/committees.py; webapp/routes/lobbying.py; database/analytics.py,,,Keep mapped; add schema regression tests.,2,yes,0.0,True | False,Bulk_download/Committees.txt; Bulk_download/committees_639060038163077225.txt,header_scanned_all_files_profiled_first_n_rows_per_file
isbe_committees_tsv,StateID,yes,state_committee_id_obsolete,bulk_committees_clean.state_committee_id_obsolete,yes,webapp/routes/committees.py; webapp/routes/lobbying.py; database/analytics.py,scripts/isbe_sunshine_etl.py:55,explicitly excluded (sunshine FILE_COLUMNS omits StateID),Preserve this column in sunshine-import (distinct target column) or commit an explicit denylist decision.,2,yes,0.0,7775 | 9692 | 0,Bulk_download/Committees.txt; Bulk_download/committees_639060038163077225.txt,header_scanned_all_files_profiled_first_n_rows_per_file
isbe_committees_tsv,Status,yes,committee_status_code,bulk_committees_clean.committee_status_code,yes,webapp/routes/committees.py; webapp/routes/lobbying.py; database/analytics.py,,,Keep mapped; add schema regression tests.,2,yes,0.0,F | A,Bulk_download/Committees.txt; Bulk_download/committees_639060038163077225.txt,header_scanned_all_files_profiled_first_n_rows_per_file
isbe_committees_tsv,StatusDate,yes,status_date,bulk_committees_clean.status_date,yes,webapp/routes/committees.py; webapp/routes/lobbying.py; database/analytics.py,,,Keep mapped; add schema regression tests.,2,yes,0.0,2001-12-17 00:00:00 | 2016-08-17 00:00:00 | 2019-01-30 00:00:00,Bulk_download/Committees.txt; Bulk_download/committees_639060038163077225.txt,header_scanned_all_files_profiled_first_n_rows_per_file
isbe_committees_tsv,TypeOfCommittee,yes,committee_type,bulk_committees_clean.committee_type,yes,webapp/routes/committees.py; webapp/routes/lobbying.py; database/analytics.py,,,Keep mapped; add schema regression tests.,2,yes,0.561157,Political Party | Political Action | Ballot Initiative,Bulk_download/Committees.txt; Bulk_download/committees_639060038163077225.txt,header_scanned_all_files_profiled_first_n_rows_per_file
isbe_committees_tsv,Zip,yes,postal_code,bulk_committees_clean.postal_code,yes,webapp/routes/committees.py; webapp/routes/lobbying.py; database/analytics.py,,,Keep mapped; add schema regression tests.,2,yes,0.0,60660 | 60622 | 60647-6535,Bulk_download/Committees.txt; Bulk_download/committees_639060038163077225.txt,header_scanned_all_files_profiled_first_n_rows_per_file
isbe_d2totals_tsv,Archived,yes,is_archived,bulk_d2_totals_clean.is_archived,yes,database/analytics.py; scripts/build_triple_pipeline.py,,,Keep mapped; add schema regression tests.,2,yes,0.0,False | True,Bulk_download/D2Totals.txt; Bulk_download/d2totals_639060039113297425.txt,header_scanned_all_files_profiled_first_n_rows_per_file
isbe_d2totals_tsv,BegFundsAvail,yes,beginning_funds_available,bulk_d2_totals_clean.beginning_funds_available,yes,database/analytics.py; scripts/build_triple_pipeline.py,,,Keep mapped; add schema regression tests.,2,yes,0.0,1000 | 18.73 | 11.65,Bulk_download/D2Totals.txt; Bulk_download/d2totals_639060039113297425.txt,header_scanned_all_files_profiled_first_n_rows_per_file
isbe_d2totals_tsv,CommitteeID,yes,committee_id_sbe,bulk_d2_totals_clean.committee_id_sbe,yes,database/analytics.py; scripts/build_triple_pipeline.py,,,Keep mapped; add schema regression tests.,2,yes,0.0,10125 | 1371 | 1239,Bulk_download/D2Totals.txt; Bulk_download/d2totals_639060039113297425.txt,header_scanned_all_files_profiled_first_n_rows_per_file
isbe_d2totals_tsv,DebtsI,yes,debts_obligations_itemized,bulk_d2_totals_clean.debts_obligations_itemized,yes,database/analytics.py; scripts/build_triple_pipeline.py,,,Keep mapped; add schema regression tests.,2,yes,0.0,0 | 85557.25 | 1153,Bulk_download/D2Totals.txt; Bulk_download/d2totals_639060039113297425.txt,header_scanned_all_files_profiled_first_n_rows_per_file
isbe_d2totals_tsv,DebtsNI,yes,debts_obligations_non_itemized,bulk_d2_totals_clean.debts_obligations_non_itemized,yes,database/analytics.py; scripts/build_triple_pipeline.py,,,Keep mapped; add schema regression tests.,2,yes,0.0,0 | 785.72 | 147.58,Bulk_download/D2Totals.txt; Bulk_download/d2totals_639060039113297425.txt,header_scanned_all_files_profiled_first_n_rows_per_file
isbe_d2totals_tsv,EndFundsAvail,yes,ending_funds_available,bulk_d2_totals_clean.ending_funds_available,yes,database/analytics.py; scripts/build_triple_pipeline.py,,,Keep mapped; add schema regression tests.,2,yes,0.0,308 | 0 | 137.85,Bulk_download/D2Totals.txt; Bulk_download/d2totals_639060039113297425.txt,header_scanned_all_files_profiled_first_n_rows_per_file
isbe_d2totals_tsv,ExpendI,yes,expenditures_itemized,bulk_d2_totals_clean.expenditures_itemized,yes,database/analytics.py; scripts/build_triple_pipeline.py,,,Keep mapped; add schema regression tests.,2,yes,0.0,0 | 221302.67 | 2413,Bulk_download/D2Totals.txt; Bulk_download/d2totals_639060039113297425.txt,header_scanned_all_files_profiled_first_n_rows_per_file
isbe_d2totals_tsv,ExpendNI,yes,expenditures_non_itemized,bulk_d2_totals_clean.expenditures_non_itemized,yes,database/analytics.py; scripts/build_triple_pipeline.py,,,Keep mapped; add schema regression tests.,2,yes,0.0,0 | 7.2 | 11.65,Bulk_download/D2Totals.txt; Bulk_download/d2totals_639060039113297425.txt,header_scanned_all_files_profiled_first_n_rows_per_file
isbe_d2totals_tsv,FiledDocID,yes,filed_doc_id,bulk_d2_totals_clean.filed_doc_id,yes,database/analytics.py; scripts/build_triple_pipeline.py,,,Keep mapped; add schema regression tests.,2,yes,0.0,0 | 4 | 5,Bulk_download/D2Totals.txt; Bulk_download/d2totals_639060039113297425.txt,header_scanned_all_files_profiled_first_n_rows_per_file
isbe_d2totals_tsv,ID,yes,d2_totals_record_id,bulk_d2_totals_clean.d2_totals_record_id,yes,database/analytics.py; scripts/build_triple_pipeline.py,,,Keep mapped; add schema regression tests.,2,yes,0.0,52635 | 1258 | 1241,Bulk_download/D2Totals.txt; Bulk_download/d2totals_639060039113297425.txt,header_scanned_all_files_profiled_first_n_rows_per_file
isbe_d2totals_tsv,InKindI,yes,in_kind_contributions_itemized,bulk_d2_totals_clean.in_kind_contributions_itemized,yes,database/analytics.py; scripts/build_triple_pipeline.py,,,Keep mapped; add schema regression tests.,2,yes,0.0,0 | 49.15 | 14574.82,Bulk_download/D2Totals.txt; Bulk_download/d2totals_639060039113297425.txt,header_scanned_all_files_profiled_first_n_rows_per_file
isbe_d2totals_tsv,InKindNI,yes,in_kind_contributions_non_itemized,bulk_d2_totals_clean.in_kind_contributions_non_itemized,yes,database/analytics.py; scripts/build_triple_pipeline.py,,,Keep mapped; add schema regression tests.,2,yes,0.0,0 | 152.86 | 86.03,Bulk_download/D2Totals.txt; Bulk_download/d2totals_639060039113297425.txt,header_scanned_all_files_profiled_first_n_rows_per_file
isbe_d2totals_tsv,IndependentExpI,yes,independent_expenditures_itemized,bulk_d2_totals_clean.independent_expenditures_itemized,yes,database/analytics.py; scripts/build_triple_pipeline.py,,,Keep mapped; add schema regression tests.,2,yes,0.0,0,Bulk_download/D2Totals.txt; Bulk_download/d2totals_639060039113297425.txt,header_scanned_all_files_profiled_first_n_rows_per_file
isbe_d2totals_tsv,IndependentExpNI,yes,independent_expenditures_non_itemized,bulk_d2_totals_clean.independent_expenditures_non_itemized,yes,database/analytics.py; scripts/build_triple_pipeline.py,,,Keep mapped; add schema regression tests.,2,yes,0.0,0,Bulk_download/D2Totals.txt; Bulk_download/d2totals_639060039113297425.txt,header_scanned_all_files_profiled_first_n_rows_per_file
isbe_d2totals_tsv,IndivContribI,yes,individual_contributions_itemized,bulk_d2_totals_clean.individual_contributions_itemized,yes,database/analytics.py; scripts/build_triple_pipeline.py,,,Keep mapped; add schema regression tests.,2,yes,0.0,690 | 0 | 110060,Bulk_download/D2Totals.txt; Bulk_download/d2totals_639060039113297425.txt,header_scanned_all_files_profiled_first_n_rows_per_file
isbe_d2totals_tsv,IndivContribNI,yes,individual_contributions_non_itemized,bulk_d2_totals_clean.individual_contributions_non_itemized,yes,database/analytics.py; scripts/build_triple_pipeline.py,,,Keep mapped; add schema regression tests.,2,yes,0.0,0 | 200 | 18740.5,Bulk_download/D2Totals.txt; Bulk_download/d2totals_639060039113297425.txt,header_scanned_all_files_profiled_first_n_rows_per_file
isbe_d2totals_tsv,LoanMadeI,yes,loans_made_itemized,bulk_d2_totals_clean.loans_made_itemized,yes,database/analytics.py; scripts/build_triple_pipeline.py,scripts/isbe_sunshine_etl.py:1306,implicitly lost (mapped to expenditures_itemized then overwritten by ExpendI),Preserve this column in sunshine-import (distinct target column) or commit an explicit denylist decision.,2,yes,0.0,0 | 2000 | 2500,Bulk_download/D2Totals.txt; Bulk_download/d2totals_639060039113297425.txt,header_scanned_all_files_profiled_first_n_rows_per_file
isbe_d2totals_tsv,LoanMadeNI,yes,loans_made_non_itemized,bulk_d2_totals_clean.loans_made_non_itemized,yes,database/analytics.py; scripts/build_triple_pipeline.py,scripts/isbe_sunshine_etl.py:1307,implicitly lost (mapped to expenditures_non_itemized then overwritten by ExpendNI),Preserve this column in sunshine-import (distinct target column) or commit an explicit denylist decision.,2,yes,0.0,0 | 190.84 | 699.6,Bulk_download/D2Totals.txt; Bulk_download/d2totals_639060039113297425.txt,header_scanned_all_files_profiled_first_n_rows_per_file
isbe_d2totals_tsv,LoanRcvI,yes,loans_received_itemized,bulk_d2_totals_clean.loans_received_itemized,yes,database/analytics.py; scripts/build_triple_pipeline.py,,,Keep mapped; add schema regression tests.,2,yes,0.0,1200 | 0 | 90000,Bulk_download/D2Totals.txt; Bulk_download/d2totals_639060039113297425.txt,header_scanned_all_files_profiled_first_n_rows_per_file
isbe_d2totals_tsv,LoanRcvNI,yes,loans_received_non_itemized,bulk_d2_totals_clean.loans_received_non_itemized,yes,database/analytics.py; scripts/build_triple_pipeline.py,,,Keep mapped; add schema regression tests.,2,yes,0.0,0 | 133.75 | 147.58,Bulk_download/D2Totals.txt; Bulk_download/d2totals_639060039113297425.txt,header_scanned_all_files_profiled_first_n_rows_per_file
isbe_d2totals_tsv,OtherRctI,yes,other_receipts_itemized,bulk_d2_totals_clean.other_receipts_itemized,yes,database/analytics.py; scripts/build_triple_pipeline.py,,,Keep mapped; add schema regression tests.,2,yes,0.0,0 | 474.5 | 233.83,Bulk_download/D2Totals.txt; Bulk_download/d2totals_639060039113297425.txt,header_scanned_all_files_profiled_first_n_rows_per_file
isbe_d2totals_tsv,OtherRctNI,yes,other_receipts_non_itemized,bulk_d2_totals_clean.other_receipts_non_itemized,yes,database/analytics.py; scripts/build_triple_pipeline.py,,,Keep mapped; add schema regression tests.,2,yes,0.0,0 | 150 | 49.12,Bulk_download/D2Totals.txt; Bulk_download/d2totals_639060039113297425.txt,header_scanned_all_files_profiled_first_n_rows_per_file
isbe_d2totals_tsv,TotalDebts,yes,total_debts_obligations,bulk_d2_totals_clean.total_debts_obligations,yes,database/analytics.py; scripts/build_triple_pipeline.py,,,Keep mapped; add schema regression tests.,2,yes,0.0,0 | 85557.25 | 1153,Bulk_download/D2Totals.txt; Bulk_download/d2totals_639060039113297425.txt,header_scanned_all_files_profiled_first_n_rows_per_file
isbe_d2totals_tsv,TotalExpend,yes,total_expenditures,bulk_d2_totals_clean.total_expenditures,yes,database/analytics.py; scripts/build_triple_pipeline.py,,,Keep mapped; add schema regression tests.,2,yes,0.0,2582 | 218.73 | 11.65,Bulk_download/D2Totals.txt; Bulk_download/d2totals_639060039113297425.txt,header_scanned_all_files_profiled_first_n_rows_per_file
isbe_d2totals_tsv,TotalInKind,yes,total_in_kind_contributions,bulk_d2_totals_clean.total_in_kind_contributions,yes,database/analytics.py; scripts/build_triple_pipeline.py,,,Keep mapped; add schema regression tests.,2,yes,0.0,0 | 49.15 | 14574.82,Bulk_download/D2Totals.txt; Bulk_download/d2totals_639060039113297425.txt,header_scanned_all_files_profiled_first_n_rows_per_file
isbe_d2totals_tsv,TotalInvest,yes,total_investments,bulk_d2_totals_clean.total_investments,yes,database/analytics.py; scripts/build_triple_pipeline.py,,,Keep mapped; add schema regression tests.,2,yes,0.0,0,Bulk_download/D2Totals.txt; Bulk_download/d2totals_639060039113297425.txt,header_scanned_all_files_profiled_first_n_rows_per_file
isbe_d2totals_tsv,TotalReceipts,yes,total_receipts,bulk_d2_totals_clean.total_receipts,yes,database/analytics.py; scripts/build_triple_pipeline.py,,,Keep mapped; add schema regression tests.,2,yes,0.0,1890 | 200 | 0,Bulk_download/D2Totals.txt; Bulk_download/d2totals_639060039113297425.txt,header_scanned_all_files_profiled_first_n_rows_per_file
isbe_d2totals_tsv,XferInI,yes,transfers_in_itemized,bulk_d2_totals_clean.transfers_in_itemized,yes,database/analytics.py; scripts/build_triple_pipeline.py,,,Keep mapped; add schema regression tests.,2,yes,0.0,0 | 1750 | 1700,Bulk_download/D2Totals.txt; Bulk_download/d2totals_639060039113297425.txt,header_scanned_all_files_profiled_first_n_rows_per_file
isbe_d2totals_tsv,XferInNI,yes,transfers_in_non_itemized,bulk_d2_totals_clean.transfers_in_non_itemized,yes,database/analytics.py; scripts/build_triple_pipeline.py,,,Keep mapped; add schema regression tests.,2,yes,0.0,0 | 975 | 25,Bulk_download/D2Totals.txt; Bulk_download/d2totals_639060039113297425.txt,header_scanned_all_files_profiled_first_n_rows_per_file
isbe_d2totals_tsv,XferOutI,yes,transfers_out_itemized,bulk_d2_totals_clean.transfers_out_itemized,yes,database/analytics.py; scripts/build_triple_pipeline.py,scripts/isbe_sunshine_etl.py:1304,implicitly lost (mapped to expenditures_itemized then overwritten by ExpendI),Preserve this column in sunshine-import (distinct target column) or commit an explicit denylist decision.,2,yes,0.0,2582 | 211.53 | 0,Bulk_download/D2Totals.txt; Bulk_download/d2totals_639060039113297425.txt,header_scanned_all_files_profiled_first_n_rows_per_file
isbe_d2totals_tsv,XferOutNI,yes,transfers_out_non_itemized,bulk_d2_totals_clean.transfers_out_non_itemized,yes,database/analytics.py; scripts/build_triple_pipeline.py,scripts/isbe_sunshine_etl.py:1305,implicitly lost (mapped to expenditures_non_itemized then overwritten by ExpendNI),Preserve this column in sunshine-import (distinct target column) or commit an explicit denylist decision.,2,yes,0.0,0 | 836 | 220,Bulk_download/D2Totals.txt; Bulk_download/d2totals_639060039113297425.txt,header_scanned_all_files_profiled_first_n_rows_per_file
isbe_candidates_tsv,Address1,yes,address_line_1,bulk_candidates_clean.address_line_1,yes,webapp/routes/committees.py; webapp/routes/lobbying.py; database/cross_matching.py,,,Keep mapped; add schema regression tests.,2,yes,0.079289,512 N Paulina St | 215 Wing Park Boulevard | 104 Anne Ct,Bulk_download/Candidates.txt; Bulk_download/candidates_639060037834639303.txt,header_scanned_all_files_profiled_first_n_rows_per_file
isbe_candidates_tsv,Address2,yes,address_line_2,bulk_candidates_clean.address_line_2,yes,webapp/routes/committees.py; webapp/routes/lobbying.py; database/cross_matching.py,,,Keep mapped; add schema regression tests.,2,yes,0.968123,Suite 200 | 7339 N Tripp Avenue | Apt A,Bulk_download/Candidates.txt; Bulk_download/candidates_639060037834639303.txt,header_scanned_all_files_profiled_first_n_rows_per_file
isbe_candidates_tsv,City,yes,city,bulk_candidates_clean.city,yes,webapp/routes/committees.py; webapp/routes/lobbying.py; database/cross_matching.py,,,Keep mapped; add schema regression tests.,2,yes,0.073004,Chicago | Elgin | Thornton,Bulk_download/Candidates.txt; Bulk_download/candidates_639060037834639303.txt,header_scanned_all_files_profiled_first_n_rows_per_file
isbe_candidates_tsv,District,yes,district,bulk_candidates_clean.district,yes,webapp/routes/committees.py; webapp/routes/lobbying.py; database/cross_matching.py,,,Keep mapped; add schema regression tests.,2,yes,0.012664,1 | Elgin | Thornton,Bulk_download/Candidates.txt; Bulk_download/candidates_639060037834639303.txt,header_scanned_all_files_profiled_first_n_rows_per_file
isbe_candidates_tsv,DistrictType,yes,district_type,bulk_candidates_clean.district_type,yes,webapp/routes/committees.py; webapp/routes/lobbying.py; database/cross_matching.py,,,Keep mapped; add schema regression tests.,2,yes,0.0,Ward | City | Village,Bulk_download/Candidates.txt; Bulk_download/candidates_639060037834639303.txt,header_scanned_all_files_profiled_first_n_rows_per_file
isbe_candidates_tsv,FirstName,yes,first_name,bulk_candidates_clean.first_name,yes,webapp/routes/committees.py; webapp/routes/lobbying.py; database/cross_matching.py,,,Keep mapped; add schema regression tests.,2,yes,0.0,"Lauren | Christina ""Tia"" | Richard",Bulk_download/Candidates.txt; Bulk_download/candidates_639060037834639303.txt,header_scanned_all_files_profiled_first_n_rows_per_file
isbe_candidates_tsv,ID,yes,candidate_id,bulk_candidates_clean.candidate_id,yes,webapp/routes/committees.py; webapp/routes/lobbying.py; database/cross_matching.py,,,Keep mapped; add schema regression tests.,2,yes,0.0,46284 | 46519 | 2812,Bulk_download/Candidates.txt; Bulk_download/candidates_639060037834639303.txt,header_scanned_all_files_profiled_first_n_rows_per_file
isbe_candidates_tsv,LastName,yes,last_name,bulk_candidates_clean.last_name,yes,webapp/routes/committees.py; webapp/routes/lobbying.py; database/cross_matching.py,,,Keep mapped; add schema regression tests.,2,yes,0.0,Young Weber | Aagesen | Aardsma,Bulk_download/Candidates.txt; Bulk_download/candidates_639060037834639303.txt,header_scanned_all_files_profiled_first_n_rows_per_file
isbe_candidates_tsv,Office,yes,office_sought,bulk_candidates_clean.office_sought,yes,webapp/routes/committees.py; webapp/routes/lobbying.py; database/cross_matching.py,,,Keep mapped; add schema regression tests.,2,yes,0.0,Alderperson | Councilman | Trustee,Bulk_download/Candidates.txt; Bulk_download/candidates_639060037834639303.txt,header_scanned_all_files_profiled_first_n_rows_per_file
isbe_candidates_tsv,PartyAffiliation,yes,party_affiliation,bulk_candidates_clean.party_affiliation,yes,webapp/routes/committees.py; webapp/routes/lobbying.py; database/cross_matching.py,,,Keep mapped; add schema regression tests.,2,yes,0.219027,Non Partisan | Democratic | Independent,Bulk_download/Candidates.txt; Bulk_download/candidates_639060037834639303.txt,header_scanned_all_files_profiled_first_n_rows_per_file
isbe_candidates_tsv,RedactionRequested,yes,redaction_requested,bulk_candidates_clean.redaction_requested,yes,webapp/routes/committees.py; webapp/routes/lobbying.py; database/cross_matching.py,,,Keep mapped; add schema regression tests.,2,yes,0.0,False | True,Bulk_download/Candidates.txt; Bulk_download/candidates_639060037834639303.txt,header_scanned_all_files_profiled_first_n_rows_per_file
isbe_candidates_tsv,ResidenceCounty,yes,residence_county,bulk_candidates_clean.residence_county,yes,webapp/routes/committees.py; webapp/routes/lobbying.py; database/cross_matching.py,,,Keep mapped; add schema regression tests.,2,yes,0.031706,Cook | Saline | Kane,Bulk_download/Candidates.txt; Bulk_download/candidates_639060037834639303.txt,header_scanned_all_files_profiled_first_n_rows_per_file
isbe_candidates_tsv,State,yes,state,bulk_candidates_clean.state,yes,webapp/routes/committees.py; webapp/routes/lobbying.py; database/cross_matching.py,,,Keep mapped; add schema regression tests.,2,yes,0.070117,IL | Il | L,Bulk_download/Candidates.txt; Bulk_download/candidates_639060037834639303.txt,header_scanned_all_files_profiled_first_n_rows_per_file
isbe_candidates_tsv,Zip,yes,postal_code,bulk_candidates_clean.postal_code,yes,webapp/routes/committees.py; webapp/routes/lobbying.py; database/cross_matching.py,,,Keep mapped; add schema regression tests.,2,yes,0.098145,60622 | 60123 | 60476,Bulk_download/Candidates.txt; Bulk_download/candidates_639060037834639303.txt,header_scanned_all_files_profiled_first_n_rows_per_file
isbe_cmte_candidate_links_tsv,CandidateID,yes,candidate_id,bulk_cmte_candidate_links_clean.candidate_id,yes,webapp/routes/committees.py; webapp/routes/lobbying.py; database/analytics.py,,,Keep mapped; add schema regression tests.,2,yes,0.0,344 | 253 | 4652,Bulk_download/CmteCandidateLinks.txt; Bulk_download/cmtecandidatelinks_639060047756941723.txt,header_scanned_all_files_profiled_first_n_rows_per_file
isbe_cmte_candidate_links_tsv,CommitteeID,yes,committee_id_sbe,bulk_cmte_candidate_links_clean.committee_id_sbe,yes,webapp/routes/committees.py; webapp/routes/lobbying.py; database/analytics.py,,,Keep mapped; add schema regression tests.,2,yes,0.0,2 | 4 | 5,Bulk_download/CmteCandidateLinks.txt; Bulk_download/cmtecandidatelinks_639060047756941723.txt,header_scanned_all_files_profiled_first_n_rows_per_file
isbe_cmte_candidate_links_tsv,ID,yes,link_record_id,bulk_cmte_candidate_links_clean.link_record_id,yes,webapp/routes/committees.py; webapp/routes/lobbying.py; database/analytics.py,,,Keep mapped; add schema regression tests.,2,yes,0.0,105 | 65 | 3778,Bulk_download/CmteCandidateLinks.txt; Bulk_download/cmtecandidatelinks_639060047756941723.txt,header_scanned_all_files_profiled_first_n_rows_per_file
isbe_receipts_tsv,Address1,yes,address_line_1,bulk_receipts_clean.address_line_1,yes,webapp/routes/committees.py; webapp/routes/lobbying.py; database/analytics.py,,,Keep mapped; add schema regression tests.,2,yes,0.0,Rt 1 Box 255 | 16 Bruarckuff | 221 Liberty St,Bulk_download/Receipts.txt; Bulk_download/receipts_639060048226403871.txt,header_scanned_all_files_profiled_first_n_rows_per_file
isbe_receipts_tsv,Address2,yes,address_line_2,bulk_receipts_clean.address_line_2,yes,webapp/routes/committees.py; webapp/routes/lobbying.py; database/analytics.py,,,Keep mapped; add schema regression tests.,2,yes,0.90788,Po Box 397 | Rr 1 Dimmick Twp | Po Box 3932,Bulk_download/Receipts.txt; Bulk_download/receipts_639060048226403871.txt,header_scanned_all_files_profiled_first_n_rows_per_file
isbe_receipts_tsv,AggregateAmount,yes,aggregate_amount,bulk_receipts_clean.aggregate_amount,yes,webapp/routes/committees.py; webapp/routes/lobbying.py; database/analytics.py,,,Keep mapped; add schema regression tests.,2,yes,0.0,0,Bulk_download/Receipts.txt; Bulk_download/receipts_639060048226403871.txt,header_scanned_all_files_profiled_first_n_rows_per_file
isbe_receipts_tsv,Amount,yes,amount,bulk_receipts_clean.amount,yes,webapp/routes/committees.py; webapp/routes/lobbying.py; database/analytics.py,,,Keep mapped; add schema regression tests.,2,yes,0.0,500 | 250 | 150,Bulk_download/Receipts.txt; Bulk_download/receipts_639060048226403871.txt,header_scanned_all_files_profiled_first_n_rows_per_file
isbe_receipts_tsv,Archived,yes,is_archived,bulk_receipts_clean.is_archived,yes,webapp/routes/committees.py; webapp/routes/lobbying.py; database/analytics.py,,,Keep mapped; add schema regression tests.,2,yes,0.0,False | True,Bulk_download/Receipts.txt; Bulk_download/receipts_639060048226403871.txt,header_scanned_all_files_profiled_first_n_rows_per_file
isbe_receipts_tsv,City,yes,city,bulk_receipts_clean.city,yes,webapp/routes/committees.py; webapp/routes/lobbying.py; database/analytics.py,,,Keep mapped; add schema regression tests.,2,yes,0.00106,Decatur | Bourbonnais | Morris,Bulk_download/Receipts.txt; Bulk_download/receipts_639060048226403871.txt,header_scanned_all_files_profiled_first_n_rows_per_file
isbe_receipts_tsv,CommitteeID,yes,committee_id_sbe,bulk_receipts_clean.committee_id_sbe,yes,webapp/routes/committees.py; webapp/routes/lobbying.py; database/analytics.py,,,Keep mapped; add schema regression tests.,2,yes,0.0,10353 | 10720 | 10682,Bulk_download/Receipts.txt; Bulk_download/receipts_639060048226403871.txt,header_scanned_all_files_profiled_first_n_rows_per_file
isbe_receipts_tsv,Country,yes,country,bulk_receipts_clean.country,yes,webapp/routes/committees.py; webapp/routes/lobbying.py; database/analytics.py,,,Keep mapped; add schema regression tests.,2,yes,1.0,,Bulk_download/Receipts.txt; Bulk_download/receipts_639060048226403871.txt,header_scanned_all_files_profiled_first_n_rows_per_file
isbe_receipts_tsv,D2Part,yes,d2_part_code,bulk_receipts_clean.d2_part_code,yes,webapp/routes/committees.py; webapp/routes/lobbying.py; database/analytics.py,,,Keep mapped; add schema regression tests.,2,yes,0.0,2A | 1A | 5A,Bulk_download/Receipts.txt; Bulk_download/receipts_639060048226403871.txt,header_scanned_all_files_profiled_first_n_rows_per_file
isbe_receipts_tsv,Description,yes,description,bulk_receipts_clean.description,yes,webapp/routes/committees.py; webapp/routes/lobbying.py; database/analytics.py,,,Keep mapped; add schema regression tests.,2,yes,0.89662,Food For Fundraiser | Copier For Office | Insurance For Office,Bulk_download/Receipts.txt; Bulk_download/receipts_639060048226403871.txt,header_scanned_all_files_profiled_first_n_rows_per_file
isbe_receipts_tsv,ETransID,yes,electronic_transaction_id,bulk_receipts_clean.electronic_transaction_id,yes,webapp/routes/committees.py; webapp/routes/lobbying.py; database/analytics.py,,,Keep mapped; add schema regression tests.,2,yes,1.0,,Bulk_download/Receipts.txt; Bulk_download/receipts_639060048226403871.txt,header_scanned_all_files_profiled_first_n_rows_per_file
isbe_receipts_tsv,Employer,yes,employer,bulk_receipts_clean.employer,yes,webapp/routes/committees.py; webapp/routes/lobbying.py; database/analytics.py,,,Keep mapped; add schema regression tests.,2,yes,1.0,,Bulk_download/Receipts.txt; Bulk_download/receipts_639060048226403871.txt,header_scanned_all_files_profiled_first_n_rows_per_file
isbe_receipts_tsv,FiledDocID,yes,filed_doc_id,bulk_receipts_clean.filed_doc_id,yes,webapp/routes/committees.py; webapp/routes/lobbying.py; database/analytics.py,,,Keep mapped; add schema regression tests.,2,yes,0.0,82298 | 82667 | 83074,Bulk_download/Receipts.txt; Bulk_download/receipts_639060048226403871.txt,header_scanned_all_files_profiled_first_n_rows_per_file
isbe_receipts_tsv,FirstName,yes,first_name,bulk_receipts_clean.first_name,yes,webapp/routes/committees.py; webapp/routes/lobbying.py; database/analytics.py,,,Keep mapped; add schema regression tests.,2,yes,0.63852,Donald | H James | John & Sandy,Bulk_download/Receipts.txt; Bulk_download/receipts_639060048226403871.txt,header_scanned_all_files_profiled_first_n_rows_per_file
isbe_receipts_tsv,ID,yes,receipt_record_id,bulk_receipts_clean.receipt_record_id,yes,webapp/routes/committees.py; webapp/routes/lobbying.py; database/analytics.py,,,Keep mapped; add schema regression tests.,2,yes,0.0,236628 | 236629 | 236630,Bulk_download/Receipts.txt; Bulk_download/receipts_639060048226403871.txt,header_scanned_all_files_profiled_first_n_rows_per_file
isbe_receipts_tsv,LastOnlyName,yes,last_or_business_name,bulk_receipts_clean.last_or_business_name,yes,webapp/routes/committees.py; webapp/routes/lobbying.py; database/analytics.py,,,Keep mapped; add schema regression tests.,2,yes,0.0,Abc Pac | Bacon | Baum,Bulk_download/Receipts.txt; Bulk_download/receipts_639060048226403871.txt,header_scanned_all_files_profiled_first_n_rows_per_file
isbe_receipts_tsv,LoanAmount,yes,loan_amount,bulk_receipts_clean.loan_amount,yes,webapp/routes/committees.py; webapp/routes/lobbying.py; database/analytics.py,,,Keep mapped; add schema regression tests.,2,yes,0.0,0 | 8066.84 | 122.6,Bulk_download/Receipts.txt; Bulk_download/receipts_639060048226403871.txt,header_scanned_all_files_profiled_first_n_rows_per_file
isbe_receipts_tsv,Occupation,yes,occupation,bulk_receipts_clean.occupation,yes,webapp/routes/committees.py; webapp/routes/lobbying.py; database/analytics.py,,,Keep mapped; add schema regression tests.,2,yes,1.0,,Bulk_download/Receipts.txt; Bulk_download/receipts_639060048226403871.txt,header_scanned_all_files_profiled_first_n_rows_per_file
isbe_receipts_tsv,RcvDate,yes,received_date,bulk_receipts_clean.received_date,yes,webapp/routes/committees.py; webapp/routes/lobbying.py; database/analytics.py,,,Keep mapped; add schema regression tests.,2,yes,0.0,1998-10-28 00:00:00 | 1998-09-03 00:00:00 | 1998-09-10 00:00:00,Bulk_download/Receipts.txt; Bulk_download/receipts_639060048226403871.txt,header_scanned_all_files_profiled_first_n_rows_per_file
isbe_receipts_tsv,RedactionRequested,yes,redaction_requested,bulk_receipts_clean.redaction_requested,yes,webapp/routes/committees.py; webapp/routes/lobbying.py; database/analytics.py,,,Keep mapped; add schema regression tests.,2,yes,0.0,False | True,Bulk_download/Receipts.txt; Bulk_download/receipts_639060048226403871.txt,header_scanned_all_files_profiled_first_n_rows_per_file
isbe_receipts_tsv,State,yes,state,bulk_receipts_clean.state,yes,webapp/routes/committees.py; webapp/routes/lobbying.py; database/analytics.py,,,Keep mapped; add schema regression tests.,2,yes,0.00106,IL | NC | TX,Bulk_download/Receipts.txt; Bulk_download/receipts_639060048226403871.txt,header_scanned_all_files_profiled_first_n_rows_per_file
isbe_receipts_tsv,VendorAddress1,yes,vendor_address_line_1,bulk_receipts_clean.vendor_address_line_1,yes,webapp/routes/committees.py; webapp/routes/lobbying.py; database/analytics.py,,,Keep mapped; add schema regression tests.,2,yes,1.0,,Bulk_download/Receipts.txt; Bulk_download/receipts_639060048226403871.txt,header_scanned_all_files_profiled_first_n_rows_per_file
isbe_receipts_tsv,VendorAddress2,yes,vendor_address_line_2,bulk_receipts_clean.vendor_address_line_2,yes,webapp/routes/committees.py; webapp/routes/lobbying.py; database/analytics.py,,,Keep mapped; add schema regression tests.,2,yes,1.0,,Bulk_download/Receipts.txt; Bulk_download/receipts_639060048226403871.txt,header_scanned_all_files_profiled_first_n_rows_per_file
isbe_receipts_tsv,VendorCity,yes,vendor_city,bulk_receipts_clean.vendor_city,yes,webapp/routes/committees.py; webapp/routes/lobbying.py; database/analytics.py,,,Keep mapped; add schema regression tests.,2,yes,1.0,,Bulk_download/Receipts.txt; Bulk_download/receipts_639060048226403871.txt,header_scanned_all_files_profiled_first_n_rows_per_file
isbe_receipts_tsv,VendorFirstName,yes,vendor_first_name,bulk_receipts_clean.vendor_first_name,yes,webapp/routes/committees.py; webapp/routes/lobbying.py; database/analytics.py,,,Keep mapped; add schema regression tests.,2,yes,1.0,,Bulk_download/Receipts.txt; Bulk_download/receipts_639060048226403871.txt,header_scanned_all_files_profiled_first_n_rows_per_file
isbe_receipts_tsv,VendorLastOnlyName,yes,vendor_last_or_business_name,bulk_receipts_clean.vendor_last_or_business_name,yes,webapp/routes/committees.py; webapp/routes/lobbying.py; database/analytics.py,,,Keep mapped; add schema regression tests.,2,yes,1.0,,Bulk_download/Receipts.txt; Bulk_download/receipts_639060048226403871.txt,header_scanned_all_files_profiled_first_n_rows_per_file
isbe_receipts_tsv,VendorState,yes,vendor_state,bulk_receipts_clean.vendor_state,yes,webapp/routes/committees.py; webapp/routes/lobbying.py; database/analytics.py,,,Keep mapped; add schema regression tests.,2,yes,1.0,,Bulk_download/Receipts.txt; Bulk_download/receipts_639060048226403871.txt,header_scanned_all_files_profiled_first_n_rows_per_file
isbe_receipts_tsv,VendorZip,yes,vendor_postal_code,bulk_receipts_clean.vendor_postal_code,yes,webapp/routes/committees.py; webapp/routes/lobbying.py; database/analytics.py,,,Keep mapped; add schema regression tests.,2,yes,1.0,,Bulk_download/Receipts.txt; Bulk_download/receipts_639060048226403871.txt,header_scanned_all_files_profiled_first_n_rows_per_file
isbe_receipts_tsv,Zip,yes,postal_code,bulk_receipts_clean.postal_code,yes,webapp/routes/committees.py; webapp/routes/lobbying.py; database/analytics.py,,,Keep mapped; add schema regression tests.,2,yes,0.00106,62526 | 60914 | 60450,Bulk_download/Receipts.txt; Bulk_download/receipts_639060048226403871.txt,header_scanned_all_files_profiled_first_n_rows_per_file
isbe_expenditures_tsv,Address1,yes,address_line_1,bulk_expenditures_clean.address_line_1,yes,webapp/routes/committees.py; database/analytics.py; scraper/openbook_scraper.py,,,Keep mapped; add schema regression tests.,2,yes,0.01952,3524 Johnson Rd. | 5838 W. Cermak Rd. | P. O. BOX  506,Bulk_download/Expenditures.txt; Bulk_download/expenditures_639065716188368118.txt,header_scanned_all_files_profiled_first_n_rows_per_file
isbe_expenditures_tsv,Address2,yes,address_line_2,bulk_expenditures_clean.address_line_2,yes,webapp/routes/committees.py; database/analytics.py; scraper/openbook_scraper.py,,,Keep mapped; add schema regression tests.,2,yes,0.93678,314N | P.O. Box 231 | P.O BOX 707,Bulk_download/Expenditures.txt; Bulk_download/expenditures_639065716188368118.txt,header_scanned_all_files_profiled_first_n_rows_per_file
isbe_expenditures_tsv,AggregateAmount,yes,aggregate_amount,bulk_expenditures_clean.aggregate_amount,yes,webapp/routes/committees.py; database/analytics.py; scraper/openbook_scraper.py,,,Keep mapped; add schema regression tests.,2,yes,0.0,300 | 160 | 5000,Bulk_download/Expenditures.txt; Bulk_download/expenditures_639065716188368118.txt,header_scanned_all_files_profiled_first_n_rows_per_file
isbe_expenditures_tsv,Amount,yes,amount,bulk_expenditures_clean.amount,yes,webapp/routes/committees.py; database/analytics.py; scraper/openbook_scraper.py,,,Keep mapped; add schema regression tests.,2,yes,0.0,300 | 160 | 5000,Bulk_download/Expenditures.txt; Bulk_download/expenditures_639065716188368118.txt,header_scanned_all_files_profiled_first_n_rows_per_file
isbe_expenditures_tsv,Archived,yes,is_archived,bulk_expenditures_clean.is_archived,yes,webapp/routes/committees.py; database/analytics.py; scraper/openbook_scraper.py,,,Keep mapped; add schema regression tests.,2,yes,0.0,True | False,Bulk_download/Expenditures.txt; Bulk_download/expenditures_639065716188368118.txt,header_scanned_all_files_profiled_first_n_rows_per_file
isbe_expenditures_tsv,CandidateName,yes,candidate_name,bulk_expenditures_clean.candidate_name,yes,webapp/routes/committees.py; database/analytics.py; scraper/openbook_scraper.py,,,Keep mapped; add schema regression tests.,2,yes,1.0,,Bulk_download/Expenditures.txt; Bulk_download/expenditures_639065716188368118.txt,header_scanned_all_files_profiled_first_n_rows_per_file
isbe_expenditures_tsv,City,yes,city,bulk_expenditures_clean.city,yes,webapp/routes/committees.py; database/analytics.py; scraper/openbook_scraper.py,,,Keep mapped; add schema regression tests.,2,yes,0.0088,Granitte City | Cicero | FRANKLIN  PK.,Bulk_download/Expenditures.txt; Bulk_download/expenditures_639065716188368118.txt,header_scanned_all_files_profiled_first_n_rows_per_file
isbe_expenditures_tsv,CommitteeID,yes,committee_id_sbe,bulk_expenditures_clean.committee_id_sbe,yes,webapp/routes/committees.py; database/analytics.py; scraper/openbook_scraper.py,,,Keep mapped; add schema regression tests.,2,yes,0.0,12478 | 4294 | 7103,Bulk_download/Expenditures.txt; Bulk_download/expenditures_639065716188368118.txt,header_scanned_all_files_profiled_first_n_rows_per_file
isbe_expenditures_tsv,Country,yes,country,bulk_expenditures_clean.country,yes,webapp/routes/committees.py; database/analytics.py; scraper/openbook_scraper.py,,,Keep mapped; add schema regression tests.,2,yes,1.0,,Bulk_download/Expenditures.txt; Bulk_download/expenditures_639065716188368118.txt,header_scanned_all_files_profiled_first_n_rows_per_file
isbe_expenditures_tsv,D2Part,yes,d2_part_code,bulk_expenditures_clean.d2_part_code,yes,webapp/routes/committees.py; database/analytics.py; scraper/openbook_scraper.py,,,Keep mapped; add schema regression tests.,2,yes,0.0,6B | 8B | 7B,Bulk_download/Expenditures.txt; Bulk_download/expenditures_639065716188368118.txt,header_scanned_all_files_profiled_first_n_rows_per_file
isbe_expenditures_tsv,ETransID,yes,electronic_transaction_id,bulk_expenditures_clean.electronic_transaction_id,yes,webapp/routes/committees.py; database/analytics.py; scraper/openbook_scraper.py,,,Keep mapped; add schema regression tests.,2,yes,1.0,,Bulk_download/Expenditures.txt; Bulk_download/expenditures_639065716188368118.txt,header_scanned_all_files_profiled_first_n_rows_per_file
isbe_expenditures_tsv,ExpendedDate,yes,expended_date,bulk_expenditures_clean.expended_date,yes,webapp/routes/committees.py; database/analytics.py; scraper/openbook_scraper.py,,,Keep mapped; add schema regression tests.,2,yes,0.0,1999-03-01 00:00:00 | 1999-02-25 00:00:00 | 1999-03-11 00:00:00,Bulk_download/Expenditures.txt; Bulk_download/expenditures_639065716188368118.txt,header_scanned_all_files_profiled_first_n_rows_per_file
isbe_expenditures_tsv,FiledDocID,yes,filed_doc_id,bulk_expenditures_clean.filed_doc_id,yes,webapp/routes/committees.py; database/analytics.py; scraper/openbook_scraper.py,,,Keep mapped; add schema regression tests.,2,yes,0.0,169182 | 170584 | 171179,Bulk_download/Expenditures.txt; Bulk_download/expenditures_639065716188368118.txt,header_scanned_all_files_profiled_first_n_rows_per_file
isbe_expenditures_tsv,FirstName,yes,payee_first_name,bulk_expenditures_clean.payee_first_name,yes,webapp/routes/committees.py; database/analytics.py; scraper/openbook_scraper.py,,,Keep mapped; add schema regression tests.,2,yes,0.8433,George | Ben | Mark,Bulk_download/Expenditures.txt; Bulk_download/expenditures_639065716188368118.txt,header_scanned_all_files_profiled_first_n_rows_per_file
isbe_expenditures_tsv,ID,yes,expenditure_record_id,bulk_expenditures_clean.expenditure_record_id,yes,webapp/routes/committees.py; database/analytics.py; scraper/openbook_scraper.py,,,Keep mapped; add schema regression tests.,2,yes,0.0,1267 | 1268 | 1269,Bulk_download/Expenditures.txt; Bulk_download/expenditures_639065716188368118.txt,header_scanned_all_files_profiled_first_n_rows_per_file
isbe_expenditures_tsv,LastOnlyName,yes,payee_last_or_business_name,bulk_expenditures_clean.payee_last_or_business_name,yes,webapp/routes/committees.py; database/analytics.py; scraper/openbook_scraper.py,,,Keep mapped; add schema regression tests.,2,yes,0.0,Sykes | Regular Cicero Democratic Organization | UNITED - 4 - PROGRESS,Bulk_download/Expenditures.txt; Bulk_download/expenditures_639065716188368118.txt,header_scanned_all_files_profiled_first_n_rows_per_file
isbe_expenditures_tsv,Office,yes,office,bulk_expenditures_clean.office,yes,webapp/routes/committees.py; database/analytics.py; scraper/openbook_scraper.py,,,Keep mapped; add schema regression tests.,2,yes,1.0,,Bulk_download/Expenditures.txt; Bulk_download/expenditures_639065716188368118.txt,header_scanned_all_files_profiled_first_n_rows_per_file
isbe_expenditures_tsv,Opposing,yes,is_opposing,bulk_expenditures_clean.is_opposing,yes,webapp/routes/committees.py; database/analytics.py; scraper/openbook_scraper.py,,,Keep mapped; add schema regression tests.,2,yes,0.0,False,Bulk_download/Expenditures.txt; Bulk_download/expenditures_639065716188368118.txt,header_scanned_all_files_profiled_first_n_rows_per_file
isbe_expenditures_tsv,Purpose,yes,purpose,bulk_expenditures_clean.purpose,yes,webapp/routes/committees.py; database/analytics.py; scraper/openbook_scraper.py,,,Keep mapped; add schema regression tests.,2,yes,0.00858,contribution | ticket purchase | TRANSFER  OUT,Bulk_download/Expenditures.txt; Bulk_download/expenditures_639065716188368118.txt,header_scanned_all_files_profiled_first_n_rows_per_file
isbe_expenditures_tsv,RedactionRequested,yes,redaction_requested,bulk_expenditures_clean.redaction_requested,yes,webapp/routes/committees.py; database/analytics.py; scraper/openbook_scraper.py,,,Keep mapped; add schema regression tests.,2,yes,0.0,False | True,Bulk_download/Expenditures.txt; Bulk_download/expenditures_639065716188368118.txt,header_scanned_all_files_profiled_first_n_rows_per_file
isbe_expenditures_tsv,State,yes,state,bulk_expenditures_clean.state,yes,webapp/routes/committees.py; database/analytics.py; scraper/openbook_scraper.py,,,Keep mapped; add schema regression tests.,2,yes,0.00154,IL | WI | PA,Bulk_download/Expenditures.txt; Bulk_download/expenditures_639065716188368118.txt,header_scanned_all_files_profiled_first_n_rows_per_file
isbe_expenditures_tsv,Supporting,yes,is_supporting,bulk_expenditures_clean.is_supporting,yes,webapp/routes/committees.py; database/analytics.py; scraper/openbook_scraper.py,,,Keep mapped; add schema regression tests.,2,yes,0.0,False,Bulk_download/Expenditures.txt; Bulk_download/expenditures_639065716188368118.txt,header_scanned_all_files_profiled_first_n_rows_per_file
isbe_expenditures_tsv,Zip,yes,postal_code,bulk_expenditures_clean.postal_code,yes,webapp/routes/committees.py; database/analytics.py; scraper/openbook_scraper.py,,,Keep mapped; add schema regression tests.,2,yes,0.02084,62040 | 60804 | 60131,Bulk_download/Expenditures.txt; Bulk_download/expenditures_639065716188368118.txt,header_scanned_all_files_profiled_first_n_rows_per_file
isbe_filed_docs_tsv,Amend,no,,,no,,database/bulk_download_loader.py:1362,explicitly excluded (import-bulk-download never selects this file type),Either migrate consumers to sunshine-import outputs or extend import-bulk-download to include this file family.,1,yes,0.0,True | False,Bulk_download/FiledDocs.txt,header_scanned_all_files_profiled_first_n_rows_per_file
isbe_filed_docs_tsv,Archived,no,,,no,,database/bulk_download_loader.py:1362,explicitly excluded (import-bulk-download never selects this file type),Either migrate consumers to sunshine-import outputs or extend import-bulk-download to include this file family.,1,yes,0.0,False | True,Bulk_download/FiledDocs.txt,header_scanned_all_files_profiled_first_n_rows_per_file
isbe_filed_docs_tsv,B9SignerFirstName,no,,,no,,database/bulk_download_loader.py:1362,explicitly excluded (import-bulk-download never selects this file type),Either migrate consumers to sunshine-import outputs or extend import-bulk-download to include this file family.,1,yes,1.0,,Bulk_download/FiledDocs.txt,header_scanned_all_files_profiled_first_n_rows_per_file
isbe_filed_docs_tsv,B9SignerLastOnlyName,no,,,no,,database/bulk_download_loader.py:1362,explicitly excluded (import-bulk-download never selects this file type),Either migrate consumers to sunshine-import outputs or extend import-bulk-download to include this file family.,1,yes,1.0,,Bulk_download/FiledDocs.txt,header_scanned_all_files_profiled_first_n_rows_per_file
isbe_filed_docs_tsv,Clarification,no,,,no,,database/bulk_download_loader.py:1362,explicitly excluded (import-bulk-download never selects this file type),Either migrate consumers to sunshine-import outputs or extend import-bulk-download to include this file family.,1,yes,1.0,,Bulk_download/FiledDocs.txt,header_scanned_all_files_profiled_first_n_rows_per_file
isbe_filed_docs_tsv,Comment,no,,,no,,database/bulk_download_loader.py:1362,explicitly excluded (import-bulk-download never selects this file type),Either migrate consumers to sunshine-import outputs or extend import-bulk-download to include this file family.,1,yes,0.97492,Changed Name Of Committee | Annual And Final Report | Schedule A Attached,Bulk_download/FiledDocs.txt,header_scanned_all_files_profiled_first_n_rows_per_file
isbe_filed_docs_tsv,CommitteeID,no,,,no,,database/bulk_download_loader.py:1362,explicitly excluded (import-bulk-download never selects this file type),Either migrate consumers to sunshine-import outputs or extend import-bulk-download to include this file family.,1,yes,0.0,586 | 1464 | 1463,Bulk_download/FiledDocs.txt,header_scanned_all_files_profiled_first_n_rows_per_file
isbe_filed_docs_tsv,DocName,no,,,no,,database/bulk_download_loader.py:1362,explicitly excluded (import-bulk-download never selects this file type),Either migrate consumers to sunshine-import outputs or extend import-bulk-download to include this file family.,1,yes,0.0,Statement of Organization | Final | Pre-election,Bulk_download/FiledDocs.txt,header_scanned_all_files_profiled_first_n_rows_per_file
isbe_filed_docs_tsv,ElectionType,no,,,no,,database/bulk_download_loader.py:1362,explicitly excluded (import-bulk-download never selects this file type),Either migrate consumers to sunshine-import outputs or extend import-bulk-download to include this file family.,1,yes,0.5082,CE | GE | GP,Bulk_download/FiledDocs.txt,header_scanned_all_files_profiled_first_n_rows_per_file
isbe_filed_docs_tsv,ElectionYear,no,,,no,,database/bulk_download_loader.py:1362,explicitly excluded (import-bulk-download never selects this file type),Either migrate consumers to sunshine-import outputs or extend import-bulk-download to include this file family.,1,yes,0.50818,1989 | 1988 | 1990,Bulk_download/FiledDocs.txt,header_scanned_all_files_profiled_first_n_rows_per_file
isbe_filed_docs_tsv,FiledDocType,no,,,no,,database/bulk_download_loader.py:1362,explicitly excluded (import-bulk-download never selects this file type),Either migrate consumers to sunshine-import outputs or extend import-bulk-download to include this file family.,1,yes,0.0,05 | 30 | 10,Bulk_download/FiledDocs.txt,header_scanned_all_files_profiled_first_n_rows_per_file
isbe_filed_docs_tsv,ID,no,,,no,,database/bulk_download_loader.py:1362,explicitly excluded (import-bulk-download never selects this file type),Either migrate consumers to sunshine-import outputs or extend import-bulk-download to include this file family.,1,yes,0.0,1 | 2 | 3,Bulk_download/FiledDocs.txt,header_scanned_all_files_profiled_first_n_rows_per_file
isbe_filed_docs_tsv,Pages,no,,,no,,database/bulk_download_loader.py:1362,explicitly excluded (import-bulk-download never selects this file type),Either migrate consumers to sunshine-import outputs or extend import-bulk-download to include this file family.,1,yes,0.0,2 | 0 | 3,Bulk_download/FiledDocs.txt,header_scanned_all_files_profiled_first_n_rows_per_file
isbe_filed_docs_tsv,Provider,no,,,no,,database/bulk_download_loader.py:1362,explicitly excluded (import-bulk-download never selects this file type),Either migrate consumers to sunshine-import outputs or extend import-bulk-download to include this file family.,1,yes,1.0,,Bulk_download/FiledDocs.txt,header_scanned_all_files_profiled_first_n_rows_per_file
isbe_filed_docs_tsv,RcvdAt,no,,,no,,database/bulk_download_loader.py:1362,explicitly excluded (import-bulk-download never selects this file type),Either migrate consumers to sunshine-import outputs or extend import-bulk-download to include this file family.,1,yes,0.0,S | C,Bulk_download/FiledDocs.txt,header_scanned_all_files_profiled_first_n_rows_per_file
isbe_filed_docs_tsv,RcvdDateTime,no,,,no,,database/bulk_download_loader.py:1362,explicitly excluded (import-bulk-download never selects this file type),Either migrate consumers to sunshine-import outputs or extend import-bulk-download to include this file family.,1,yes,0.0,1989-05-30 10:54:00 | 1989-05-30 16:02:00 | 1989-05-30 10:57:00,Bulk_download/FiledDocs.txt,header_scanned_all_files_profiled_first_n_rows_per_file
isbe_filed_docs_tsv,RedactionRequested,no,,,no,,database/bulk_download_loader.py:1362,explicitly excluded (import-bulk-download never selects this file type),Either migrate consumers to sunshine-import outputs or extend import-bulk-download to include this file family.,1,yes,0.0,False,Bulk_download/FiledDocs.txt,header_scanned_all_files_profiled_first_n_rows_per_file
isbe_filed_docs_tsv,RptPdBegDate,no,,,no,,database/bulk_download_loader.py:1362,explicitly excluded (import-bulk-download never selects this file type),Either migrate consumers to sunshine-import outputs or extend import-bulk-download to include this file family.,1,yes,0.16336,1989-01-07 00:00:00 | 1988-07-01 00:00:00 | 1989-01-08 00:00:00,Bulk_download/FiledDocs.txt,header_scanned_all_files_profiled_first_n_rows_per_file
isbe_filed_docs_tsv,RptPdEndDate,no,,,no,,database/bulk_download_loader.py:1362,explicitly excluded (import-bulk-download never selects this file type),Either migrate consumers to sunshine-import outputs or extend import-bulk-download to include this file family.,1,yes,0.16328,1989-03-17 00:00:00 | 1989-05-25 00:00:00 | 1989-03-05 00:00:00,Bulk_download/FiledDocs.txt,header_scanned_all_files_profiled_first_n_rows_per_file
isbe_filed_docs_tsv,SbmttrAddress1,no,,,no,,database/bulk_download_loader.py:1362,explicitly excluded (import-bulk-download never selects this file type),Either migrate consumers to sunshine-import outputs or extend import-bulk-download to include this file family.,1,yes,1.0,,Bulk_download/FiledDocs.txt,header_scanned_all_files_profiled_first_n_rows_per_file
isbe_filed_docs_tsv,SbmttrAddress2,no,,,no,,database/bulk_download_loader.py:1362,explicitly excluded (import-bulk-download never selects this file type),Either migrate consumers to sunshine-import outputs or extend import-bulk-download to include this file family.,1,yes,1.0,,Bulk_download/FiledDocs.txt,header_scanned_all_files_profiled_first_n_rows_per_file
isbe_filed_docs_tsv,SbmttrCity,no,,,no,,database/bulk_download_loader.py:1362,explicitly excluded (import-bulk-download never selects this file type),Either migrate consumers to sunshine-import outputs or extend import-bulk-download to include this file family.,1,yes,1.0,,Bulk_download/FiledDocs.txt,header_scanned_all_files_profiled_first_n_rows_per_file
isbe_filed_docs_tsv,SbmttrFirstName,no,,,no,,database/bulk_download_loader.py:1362,explicitly excluded (import-bulk-download never selects this file type),Either migrate consumers to sunshine-import outputs or extend import-bulk-download to include this file family.,1,yes,1.0,,Bulk_download/FiledDocs.txt,header_scanned_all_files_profiled_first_n_rows_per_file
isbe_filed_docs_tsv,SbmttrLastOnlyName,no,,,no,,database/bulk_download_loader.py:1362,explicitly excluded (import-bulk-download never selects this file type),Either migrate consumers to sunshine-import outputs or extend import-bulk-download to include this file family.,1,yes,1.0,,Bulk_download/FiledDocs.txt,header_scanned_all_files_profiled_first_n_rows_per_file
isbe_filed_docs_tsv,SbmttrState,no,,,no,,database/bulk_download_loader.py:1362,explicitly excluded (import-bulk-download never selects this file type),Either migrate consumers to sunshine-import outputs or extend import-bulk-download to include this file family.,1,yes,1.0,,Bulk_download/FiledDocs.txt,header_scanned_all_files_profiled_first_n_rows_per_file
isbe_filed_docs_tsv,SbmttrZip,no,,,no,,database/bulk_download_loader.py:1362,explicitly excluded (import-bulk-download never selects this file type),Either migrate consumers to sunshine-import outputs or extend import-bulk-download to include this file family.,1,yes,1.0,,Bulk_download/FiledDocs.txt,header_scanned_all_files_profiled_first_n_rows_per_file
isbe_filed_docs_tsv,SignerFirstName,no,,,no,,database/bulk_download_loader.py:1362,explicitly excluded (import-bulk-download never selects this file type),Either migrate consumers to sunshine-import outputs or extend import-bulk-download to include this file family.,1,yes,1.0,,Bulk_download/FiledDocs.txt,header_scanned_all_files_profiled_first_n_rows_per_file
isbe_filed_docs_tsv,SignerLastOnlyName,no,,,no,,database/bulk_download_loader.py:1362,explicitly excluded (import-bulk-download never selects this file type),Either migrate consumers to sunshine-import outputs or extend import-bulk-download to include this file family.,1,yes,1.0,,Bulk_download/FiledDocs.txt,header_scanned_all_files_profiled_first_n_rows_per_file
isbe_filed_docs_tsv,Source,no,,,no,,database/bulk_download_loader.py:1362,explicitly excluded (import-bulk-download never selects this file type),Either migrate consumers to sunshine-import outputs or extend import-bulk-download to include this file family.,1,yes,0.0,D,Bulk_download/FiledDocs.txt,header_scanned_all_files_profiled_first_n_rows_per_file
isbe_canelections_tsv,CandidateID,no,,,no,,database/bulk_download_loader.py:1362,explicitly excluded (import-bulk-download never selects this file type),Either migrate consumers to sunshine-import outputs or extend import-bulk-download to include this file family.,1,yes,0.0,1 | 2 | 3,Bulk_download/CanElections.txt,header_scanned_all_files_profiled_first_n_rows_per_file
isbe_canelections_tsv,ElectionType,no,,,no,,database/bulk_download_loader.py:1362,explicitly excluded (import-bulk-download never selects this file type),Either migrate consumers to sunshine-import outputs or extend import-bulk-download to include this file family.,1,yes,0.0,GP | GE | CE,Bulk_download/CanElections.txt,header_scanned_all_files_profiled_first_n_rows_per_file
isbe_canelections_tsv,ElectionYear,no,,,no,,database/bulk_download_loader.py:1362,explicitly excluded (import-bulk-download never selects this file type),Either migrate consumers to sunshine-import outputs or extend import-bulk-download to include this file family.,1,yes,0.0,1988 | 1992 | 1996,Bulk_download/CanElections.txt,header_scanned_all_files_profiled_first_n_rows_per_file
isbe_canelections_tsv,FairCampaign,no,,,no,,database/bulk_download_loader.py:1362,explicitly excluded (import-bulk-download never selects this file type),Either migrate consumers to sunshine-import outputs or extend import-bulk-download to include this file family.,1,yes,0.0,False | True,Bulk_download/CanElections.txt,header_scanned_all_files_profiled_first_n_rows_per_file
isbe_canelections_tsv,ID,no,,,no,,database/bulk_download_loader.py:1362,explicitly excluded (import-bulk-download never selects this file type),Either migrate consumers to sunshine-import outputs or extend import-bulk-download to include this file family.,1,yes,0.0,1 | 2 | 3,Bulk_download/CanElections.txt,header_scanned_all_files_profiled_first_n_rows_per_file
isbe_canelections_tsv,IncChallOpen,no,,,no,,database/bulk_download_loader.py:1362,explicitly excluded (import-bulk-download never selects this file type),Either migrate consumers to sunshine-import outputs or extend import-bulk-download to include this file family.,1,yes,0.32326,Inc | Chal | Open,Bulk_download/CanElections.txt,header_scanned_all_files_profiled_first_n_rows_per_file
isbe_canelections_tsv,LimitsOff,no,,,no,,database/bulk_download_loader.py:1362,explicitly excluded (import-bulk-download never selects this file type),Either migrate consumers to sunshine-import outputs or extend import-bulk-download to include this file family.,1,yes,0.0,False | True,Bulk_download/CanElections.txt,header_scanned_all_files_profiled_first_n_rows_per_file
isbe_canelections_tsv,LimitsOffReason,no,,,no,,database/bulk_download_loader.py:1362,explicitly excluded (import-bulk-download never selects this file type),Either migrate consumers to sunshine-import outputs or extend import-bulk-download to include this file family.,1,yes,0.99694,Limits Off for Race | Board Determination | Self Funding Disclosure,Bulk_download/CanElections.txt,header_scanned_all_files_profiled_first_n_rows_per_file
isbe_canelections_tsv,WonLost,no,,,no,,database/bulk_download_loader.py:1362,explicitly excluded (import-bulk-download never selects this file type),Either migrate consumers to sunshine-import outputs or extend import-bulk-download to include this file family.,1,yes,0.05484,Won | Lost | Nob,Bulk_download/CanElections.txt,header_scanned_all_files_profiled_first_n_rows_per_file
isbe_officers_tsv,Address1,no,,,no,,database/bulk_download_loader.py:1362,explicitly excluded (import-bulk-download never selects this file type),Either migrate consumers to sunshine-import outputs or extend import-bulk-download to include this file family.,1,yes,0.00196,435 W Erie Street # 1204 | 744 Lenox Ln | 215 Wing Park Boulevard,Bulk_download/Officers.txt,header_scanned_all_files_profiled_first_n_rows_per_file
isbe_officers_tsv,Address2,no,,,no,,database/bulk_download_loader.py:1362,explicitly excluded (import-bulk-download never selects this file type),Either migrate consumers to sunshine-import outputs or extend import-bulk-download to include this file family.,1,yes,0.9274,"20 N Wacker Dr, Ste 2275 | #6C | Unit 2",Bulk_download/Officers.txt,header_scanned_all_files_profiled_first_n_rows_per_file
isbe_officers_tsv,City,no,,,no,,database/bulk_download_loader.py:1362,explicitly excluded (import-bulk-download never selects this file type),Either migrate consumers to sunshine-import outputs or extend import-bulk-download to include this file family.,1,yes,0.0063,Chicago | Glenview | Elgin,Bulk_download/Officers.txt,header_scanned_all_files_profiled_first_n_rows_per_file
isbe_officers_tsv,FirstName,no,,,no,,database/bulk_download_loader.py:1362,explicitly excluded (import-bulk-download never selects this file type),Either migrate consumers to sunshine-import outputs or extend import-bulk-download to include this file family.,1,yes,4e-05,Christopher | Mary Lou | Christina,Bulk_download/Officers.txt,header_scanned_all_files_profiled_first_n_rows_per_file
isbe_officers_tsv,ID,no,,,no,,database/bulk_download_loader.py:1362,explicitly excluded (import-bulk-download never selects this file type),Either migrate consumers to sunshine-import outputs or extend import-bulk-download to include this file family.,1,yes,0.0,77192 | 804 | 87269,Bulk_download/Officers.txt,header_scanned_all_files_profiled_first_n_rows_per_file
isbe_officers_tsv,LastName,no,,,no,,database/bulk_download_loader.py:1362,explicitly excluded (import-bulk-download never selects this file type),Either migrate consumers to sunshine-import outputs or extend import-bulk-download to include this file family.,1,yes,0.0,!saac | Aagaard | Aagesen,Bulk_download/Officers.txt,header_scanned_all_files_profiled_first_n_rows_per_file
isbe_officers_tsv,Phone,no,,,no,,database/bulk_download_loader.py:1362,explicitly excluded (import-bulk-download never selects this file type),Either migrate consumers to sunshine-import outputs or extend import-bulk-download to include this file family.,1,yes,0.2849,312.929.6406 | 618/253-3602 | 312-332-7132,Bulk_download/Officers.txt,header_scanned_all_files_profiled_first_n_rows_per_file
isbe_officers_tsv,RedactionRequested,no,,,no,,database/bulk_download_loader.py:1362,explicitly excluded (import-bulk-download never selects this file type),Either migrate consumers to sunshine-import outputs or extend import-bulk-download to include this file family.,1,yes,0.0,False | True,Bulk_download/Officers.txt,header_scanned_all_files_profiled_first_n_rows_per_file
isbe_officers_tsv,State,no,,,no,,database/bulk_download_loader.py:1362,explicitly excluded (import-bulk-download never selects this file type),Either migrate consumers to sunshine-import outputs or extend import-bulk-download to include this file family.,1,yes,0.0063,IL | PA | DC,Bulk_download/Officers.txt,header_scanned_all_files_profiled_first_n_rows_per_file
isbe_officers_tsv,Title,no,,,no,,database/bulk_download_loader.py:1362,explicitly excluded (import-bulk-download never selects this file type),Either migrate consumers to sunshine-import outputs or extend import-bulk-download to include this file family.,1,yes,0.0,Treasurer | Chair | Secretary,Bulk_download/Officers.txt,header_scanned_all_files_profiled_first_n_rows_per_file
isbe_officers_tsv,Zip,no,,,no,,database/bulk_download_loader.py:1362,explicitly excluded (import-bulk-download never selects this file type),Either migrate consumers to sunshine-import outputs or extend import-bulk-download to include this file family.,1,yes,0.01708,60654 | 60025 | 60123,Bulk_download/Officers.txt,header_scanned_all_files_profiled_first_n_rows_per_file
isbe_prev_officers_tsv,Address1,no,,,no,,database/bulk_download_loader.py:1362,explicitly excluded (import-bulk-download never selects this file type),Either migrate consumers to sunshine-import outputs or extend import-bulk-download to include this file family.,1,yes,0.002554,10034 S. Carpenter | 11152 S. Lowe | 19w055 Avenue Normandy South,Bulk_download/PrevOfficers.txt,header_scanned_all_files_profiled_first_n_rows_per_file
isbe_prev_officers_tsv,Address2,no,,,no,,database/bulk_download_loader.py:1362,explicitly excluded (import-bulk-download never selects this file type),Either migrate consumers to sunshine-import outputs or extend import-bulk-download to include this file family.,1,yes,0.90283,2nd Floor North | Second Floor North | Unit #5,Bulk_download/PrevOfficers.txt,header_scanned_all_files_profiled_first_n_rows_per_file
isbe_prev_officers_tsv,City,no,,,no,,database/bulk_download_loader.py:1362,explicitly excluded (import-bulk-download never selects this file type),Either migrate consumers to sunshine-import outputs or extend import-bulk-download to include this file family.,1,yes,0.004689,Chicago | Oak Brook | Lombard,Bulk_download/PrevOfficers.txt,header_scanned_all_files_profiled_first_n_rows_per_file
isbe_prev_officers_tsv,CommitteeID,no,,,no,,database/bulk_download_loader.py:1362,explicitly excluded (import-bulk-download never selects this file type),Either migrate consumers to sunshine-import outputs or extend import-bulk-download to include this file family.,1,yes,0.0,1 | 5 | 8,Bulk_download/PrevOfficers.txt,header_scanned_all_files_profiled_first_n_rows_per_file
isbe_prev_officers_tsv,FirstName,no,,,no,,database/bulk_download_loader.py:1362,explicitly excluded (import-bulk-download never selects this file type),Either migrate consumers to sunshine-import outputs or extend import-bulk-download to include this file family.,1,yes,4.2e-05,Sylvia | Nelson | Hugh R.,Bulk_download/PrevOfficers.txt,header_scanned_all_files_profiled_first_n_rows_per_file
isbe_prev_officers_tsv,ID,no,,,no,,database/bulk_download_loader.py:1362,explicitly excluded (import-bulk-download never selects this file type),Either migrate consumers to sunshine-import outputs or extend import-bulk-download to include this file family.,1,yes,0.0,6707 | 6708 | 114,Bulk_download/PrevOfficers.txt,header_scanned_all_files_profiled_first_n_rows_per_file
isbe_prev_officers_tsv,LastName,no,,,no,,database/bulk_download_loader.py:1362,explicitly excluded (import-bulk-download never selects this file type),Either migrate consumers to sunshine-import outputs or extend import-bulk-download to include this file family.,1,yes,8.4e-05,Brooks | Rice | Murphy,Bulk_download/PrevOfficers.txt,header_scanned_all_files_profiled_first_n_rows_per_file
isbe_prev_officers_tsv,RedactionRequested,no,,,no,,database/bulk_download_loader.py:1362,explicitly excluded (import-bulk-download never selects this file type),Either migrate consumers to sunshine-import outputs or extend import-bulk-download to include this file family.,1,yes,0.0,False | True,Bulk_download/PrevOfficers.txt,header_scanned_all_files_profiled_first_n_rows_per_file
isbe_prev_officers_tsv,ResignDate,no,,,no,,database/bulk_download_loader.py:1362,explicitly excluded (import-bulk-download never selects this file type),Either migrate consumers to sunshine-import outputs or extend import-bulk-download to include this file family.,1,yes,0.0,1998-12-31 12:05:33 | 1998-12-31 12:05:53 | 1989-10-06 00:00:00,Bulk_download/PrevOfficers.txt,header_scanned_all_files_profiled_first_n_rows_per_file
isbe_prev_officers_tsv,State,no,,,no,,database/bulk_download_loader.py:1362,explicitly excluded (import-bulk-download never selects this file type),Either migrate consumers to sunshine-import outputs or extend import-bulk-download to include this file family.,1,yes,0.004689,IL | Il | iL,Bulk_download/PrevOfficers.txt,header_scanned_all_files_profiled_first_n_rows_per_file
isbe_prev_officers_tsv,Title,no,,,no,,database/bulk_download_loader.py:1362,explicitly excluded (import-bulk-download never selects this file type),Either migrate consumers to sunshine-import outputs or extend import-bulk-download to include this file family.,1,yes,0.0,Treasurer | Chair | Vice-Chair,Bulk_download/PrevOfficers.txt,header_scanned_all_files_profiled_first_n_rows_per_file
isbe_prev_officers_tsv,Zip,no,,,no,,database/bulk_download_loader.py:1362,explicitly excluded (import-bulk-download never selects this file type),Either migrate consumers to sunshine-import outputs or extend import-bulk-download to include this file family.,1,yes,0.015448,60643 | 60628 | 60521,Bulk_download/PrevOfficers.txt,header_scanned_all_files_profiled_first_n_rows_per_file
isbe_cmte_officer_links_tsv,CommitteeID,no,,,no,,database/bulk_download_loader.py:1362,explicitly excluded (import-bulk-download never selects this file type),Either migrate consumers to sunshine-import outputs or extend import-bulk-download to include this file family.,1,yes,0.0,1 | 2 | 3,Bulk_download/CmteOfficerLinks.txt,header_scanned_all_files_profiled_first_n_rows_per_file
isbe_cmte_officer_links_tsv,ID,no,,,no,,database/bulk_download_loader.py:1362,explicitly excluded (import-bulk-download never selects this file type),Either migrate consumers to sunshine-import outputs or extend import-bulk-download to include this file family.,1,yes,0.0,23999 | 24000 | 3,Bulk_download/CmteOfficerLinks.txt,header_scanned_all_files_profiled_first_n_rows_per_file
isbe_cmte_officer_links_tsv,OfficerID,no,,,no,,database/bulk_download_loader.py:1362,explicitly excluded (import-bulk-download never selects this file type),Either migrate consumers to sunshine-import outputs or extend import-bulk-download to include this file family.,1,yes,0.0,26668 | 26669 | 2,Bulk_download/CmteOfficerLinks.txt,header_scanned_all_files_profiled_first_n_rows_per_file
isbe_investments_tsv,Address1,no,,,no,,database/bulk_download_loader.py:1362,explicitly excluded (import-bulk-download never selects this file type),Either migrate consumers to sunshine-import outputs or extend import-bulk-download to include this file family.,1,yes,0.021395,5069 N. Broadway | 201 E. Cherry St. | Rose & Franklin Aves.,Bulk_download/Investments.txt,header_scanned_all_files_profiled_first_n_rows_per_file
isbe_investments_tsv,Address2,no,,,no,,database/bulk_download_loader.py:1362,explicitly excluded (import-bulk-download never selects this file type),Either migrate consumers to sunshine-import outputs or extend import-bulk-download to include this file family.,1,yes,0.882264,Suite 1000 | p o box 33030 | P O Box 89,Bulk_download/Investments.txt,header_scanned_all_files_profiled_first_n_rows_per_file
isbe_investments_tsv,Archived,no,,,no,,database/bulk_download_loader.py:1362,explicitly excluded (import-bulk-download never selects this file type),Either migrate consumers to sunshine-import outputs or extend import-bulk-download to include this file family.,1,yes,0.0,False | True,Bulk_download/Investments.txt,header_scanned_all_files_profiled_first_n_rows_per_file
isbe_investments_tsv,City,no,,,no,,database/bulk_download_loader.py:1362,explicitly excluded (import-bulk-download never selects this file type),Either migrate consumers to sunshine-import outputs or extend import-bulk-download to include this file family.,1,yes,0.021311,Chicago | Watseka | Franklin Park,Bulk_download/Investments.txt,header_scanned_all_files_profiled_first_n_rows_per_file
isbe_investments_tsv,CommitteeID,no,,,no,,database/bulk_download_loader.py:1362,explicitly excluded (import-bulk-download never selects this file type),Either migrate consumers to sunshine-import outputs or extend import-bulk-download to include this file family.,1,yes,0.0,4294 | 320 | 4682,Bulk_download/Investments.txt,header_scanned_all_files_profiled_first_n_rows_per_file
isbe_investments_tsv,Country,no,,,no,,database/bulk_download_loader.py:1362,explicitly excluded (import-bulk-download never selects this file type),Either migrate consumers to sunshine-import outputs or extend import-bulk-download to include this file family.,1,yes,0.986032,United States | Cook | Will,Bulk_download/Investments.txt,header_scanned_all_files_profiled_first_n_rows_per_file
isbe_investments_tsv,CurrentValue,no,,,no,,database/bulk_download_loader.py:1362,explicitly excluded (import-bulk-download never selects this file type),Either migrate consumers to sunshine-import outputs or extend import-bulk-download to include this file family.,1,yes,0.0,5000 | 100000 | 35000,Bulk_download/Investments.txt,header_scanned_all_files_profiled_first_n_rows_per_file
isbe_investments_tsv,Description,no,,,no,,database/bulk_download_loader.py:1362,explicitly excluded (import-bulk-download never selects this file type),Either migrate consumers to sunshine-import outputs or extend import-bulk-download to include this file family.,1,yes,0.0,Purchase CD | purchase of CD | Certificate of Deposit,Bulk_download/Investments.txt,header_scanned_all_files_profiled_first_n_rows_per_file
isbe_investments_tsv,FiledDocID,no,,,no,,database/bulk_download_loader.py:1362,explicitly excluded (import-bulk-download never selects this file type),Either migrate consumers to sunshine-import outputs or extend import-bulk-download to include this file family.,1,yes,0.0,173016 | 173563 | 173583,Bulk_download/Investments.txt,header_scanned_all_files_profiled_first_n_rows_per_file
isbe_investments_tsv,FirstName,no,,,no,,database/bulk_download_loader.py:1362,explicitly excluded (import-bulk-download never selects this file type),Either migrate consumers to sunshine-import outputs or extend import-bulk-download to include this file family.,1,yes,0.96278,Banda | Quin | Beverly,Bulk_download/Investments.txt,header_scanned_all_files_profiled_first_n_rows_per_file
isbe_investments_tsv,ID,no,,,no,,database/bulk_download_loader.py:1362,explicitly excluded (import-bulk-download never selects this file type),Either migrate consumers to sunshine-import outputs or extend import-bulk-download to include this file family.,1,yes,0.0,22 | 23 | 24,Bulk_download/Investments.txt,header_scanned_all_files_profiled_first_n_rows_per_file
isbe_investments_tsv,LastOnlyName,no,,,no,,database/bulk_download_loader.py:1362,explicitly excluded (import-bulk-download never selects this file type),Either migrate consumers to sunshine-import outputs or extend import-bulk-download to include this file family.,1,yes,0.002532,International Bank of Chicago | Iroquois Federal Savings | LaSalle Bank,Bulk_download/Investments.txt,header_scanned_all_files_profiled_first_n_rows_per_file
isbe_investments_tsv,LiquidDate,no,,,no,,database/bulk_download_loader.py:1362,explicitly excluded (import-bulk-download never selects this file type),Either migrate consumers to sunshine-import outputs or extend import-bulk-download to include this file family.,1,yes,0.902097,1999-06-30 00:00:00 | 1999-12-31 00:00:00 | 1999-09-27 00:00:00,Bulk_download/Investments.txt,header_scanned_all_files_profiled_first_n_rows_per_file
isbe_investments_tsv,LiquidValue,no,,,no,,database/bulk_download_loader.py:1362,explicitly excluded (import-bulk-download never selects this file type),Either migrate consumers to sunshine-import outputs or extend import-bulk-download to include this file family.,1,yes,0.0,10000 | 0 | 56859.8,Bulk_download/Investments.txt,header_scanned_all_files_profiled_first_n_rows_per_file
isbe_investments_tsv,PurchaseDate,no,,,no,,database/bulk_download_loader.py:1362,explicitly excluded (import-bulk-download never selects this file type),Either migrate consumers to sunshine-import outputs or extend import-bulk-download to include this file family.,1,yes,0.0,1998-07-29 00:00:00 | 1998-04-01 00:00:00 | 1999-01-29 00:00:00,Bulk_download/Investments.txt,header_scanned_all_files_profiled_first_n_rows_per_file
isbe_investments_tsv,PurchasePrice,no,,,no,,database/bulk_download_loader.py:1362,explicitly excluded (import-bulk-download never selects this file type),Either migrate consumers to sunshine-import outputs or extend import-bulk-download to include this file family.,1,yes,0.0,15000 | 100000 | 35000,Bulk_download/Investments.txt,header_scanned_all_files_profiled_first_n_rows_per_file
isbe_investments_tsv,PurchaseShares,no,,,no,,database/bulk_download_loader.py:1362,explicitly excluded (import-bulk-download never selects this file type),Either migrate consumers to sunshine-import outputs or extend import-bulk-download to include this file family.,1,yes,0.299996,0,Bulk_download/Investments.txt,header_scanned_all_files_profiled_first_n_rows_per_file
isbe_investments_tsv,State,no,,,no,,database/bulk_download_loader.py:1362,explicitly excluded (import-bulk-download never selects this file type),Either migrate consumers to sunshine-import outputs or extend import-bulk-download to include this file family.,1,yes,0.002785,IL | PA | MA,Bulk_download/Investments.txt,header_scanned_all_files_profiled_first_n_rows_per_file
isbe_investments_tsv,Zip,no,,,no,,database/bulk_download_loader.py:1362,explicitly excluded (import-bulk-download never selects this file type),Either migrate consumers to sunshine-import outputs or extend import-bulk-download to include this file family.,1,yes,0.023843,60640 | 60970 | 60131,Bulk_download/Investments.txt,header_scanned_all_files_profiled_first_n_rows_per_file
ilsos_lobbying_active_clients_csv,CLIENT_ID,yes,client_id,lobbying_clients.client_id,yes,webapp/routes/lobbying.py; database/cross_matching.py,,,Keep mapped; add new-column alerting.,1,yes,0.0,8799 | 7167 | 10608,Bulk_download/ILSOS_Lobbying_activeandclients/Active_Lobbying_Entities_and_Their_Clients_20260213.csv,header_scanned_all_files_profiled_first_n_rows_per_file
ilsos_lobbying_active_clients_csv,CLIENT_NAME,yes,client_name,lobbying_clients.client_name,yes,webapp/routes/lobbying.py; database/cross_matching.py,,,Keep mapped; add new-column alerting.,1,yes,0.0,FOX VALLEY PARK DISTRICT | UNIVERSITY OF ILLINOIS | VILLAGE OF LINCOLNWOOD,Bulk_download/ILSOS_Lobbying_activeandclients/Active_Lobbying_Entities_and_Their_Clients_20260213.csv,header_scanned_all_files_profiled_first_n_rows_per_file
ilsos_lobbying_active_clients_csv,ENTITY_ID,yes,entity_id,lobbying_entities.entity_id,yes,webapp/routes/lobbying.py; database/cross_matching.py; scraper/openbook_scraper.py,,,Keep mapped; add new-column alerting.,1,yes,0.0,7846 | 4683 | 11375,Bulk_download/ILSOS_Lobbying_activeandclients/Active_Lobbying_Entities_and_Their_Clients_20260213.csv,header_scanned_all_files_profiled_first_n_rows_per_file
ilsos_lobbying_active_clients_csv,ENTITY_NAME,yes,entity_name,lobbying_entities.entity_name,yes,webapp/routes/lobbying.py; database/cross_matching.py; scraper/openbook_scraper.py,,,Keep mapped; add new-column alerting.,1,yes,0.0,"ADVANTAGE GOVERNMENT STRATEGIES | ALEXANDER, BOROVICKA & O'SHEA GOVERNMENT SOLUTIONS | ALIVIO MEDICAL CENTER",Bulk_download/ILSOS_Lobbying_activeandclients/Active_Lobbying_Entities_and_Their_Clients_20260213.csv,header_scanned_all_files_profiled_first_n_rows_per_file
ilsos_lobbying_active_clients_csv,ENT_REG_YEAR,yes,reg_year,lobbying_entities.reg_year,yes,webapp/routes/lobbying.py; database/cross_matching.py; scraper/openbook_scraper.py,,,Keep mapped; add new-column alerting.,1,yes,0.0,2026 | 2025 | 2024,Bulk_download/ILSOS_Lobbying_activeandclients/Active_Lobbying_Entities_and_Their_Clients_20260213.csv,header_scanned_all_files_profiled_first_n_rows_per_file
ilsos_lobbying_daily_csv,CLIENT_ADDR1,yes,address_1,lobbying_clients.address_1,yes,webapp/routes/lobbying.py; database/cross_matching.py,,,Keep mapped; add new-column alerting.,1,yes,0.223244,600 SOUTH SECOND STREET | C/O POLITICOM LAW LLP | 333 WEST 35TH STREET,Bulk_download/Lobbyist_Entity_Client_Data_Daily_20260214.csv,header_scanned_all_files_profiled_first_n_rows_per_file
ilsos_lobbying_daily_csv,CLIENT_ADDR2,yes,address_2,lobbying_clients.address_2,yes,webapp/routes/lobbying.py; database/cross_matching.py,,,Keep mapped; add new-column alerting.,1,yes,0.731358,"SUITE 400 | 28 LIBERTY SHIP WAY, SUITE 2815 | 14TH FLOOR",Bulk_download/Lobbyist_Entity_Client_Data_Daily_20260214.csv,header_scanned_all_files_profiled_first_n_rows_per_file
ilsos_lobbying_daily_csv,CLIENT_CITY,yes,city,lobbying_clients.city,yes,webapp/routes/lobbying.py; database/cross_matching.py,,,Keep mapped; add new-column alerting.,1,yes,0.223244,SPRINGFIELD | SAUSALITO | CHICAGO,Bulk_download/Lobbyist_Entity_Client_Data_Daily_20260214.csv,header_scanned_all_files_profiled_first_n_rows_per_file
ilsos_lobbying_daily_csv,CLIENT_ID,yes,client_id,lobbying_clients.client_id,yes,webapp/routes/lobbying.py; database/cross_matching.py,,,Keep mapped; add new-column alerting.,1,yes,0.0,0 | 1022 | 7652,Bulk_download/Lobbyist_Entity_Client_Data_Daily_20260214.csv,header_scanned_all_files_profiled_first_n_rows_per_file
ilsos_lobbying_daily_csv,CLIENT_NAME,yes,client_name,lobbying_clients.client_name,yes,webapp/routes/lobbying.py; database/cross_matching.py,,,Keep mapped; add new-column alerting.,1,yes,0.223244,"MARQUARDT, ROGER C. & COMPANY, INC. | SALESFORCE.COM, INC. | CHICAGO WHITE SOX",Bulk_download/Lobbyist_Entity_Client_Data_Daily_20260214.csv,header_scanned_all_files_profiled_first_n_rows_per_file
ilsos_lobbying_daily_csv,CLIENT_STATUS,yes,status,lobbying_clients.status,yes,webapp/routes/lobbying.py; database/cross_matching.py,,,Keep mapped; add new-column alerting.,1,yes,0.223244,ACTIVE | TERMINATED,Bulk_download/Lobbyist_Entity_Client_Data_Daily_20260214.csv,header_scanned_all_files_profiled_first_n_rows_per_file
ilsos_lobbying_daily_csv,CLIENT_ST_ABBR,yes,state,lobbying_clients.state,yes,webapp/routes/lobbying.py; database/cross_matching.py,,,Keep mapped; add new-column alerting.,1,yes,0.223244,IL | CA | NY,Bulk_download/Lobbyist_Entity_Client_Data_Daily_20260214.csv,header_scanned_all_files_profiled_first_n_rows_per_file
ilsos_lobbying_daily_csv,CLIENT_ZIP,yes,postal_code,lobbying_clients.postal_code,yes,webapp/routes/lobbying.py; database/cross_matching.py,,,Keep mapped; add new-column alerting.,1,yes,0.223685,62704 | 94965 | 60616,Bulk_download/Lobbyist_Entity_Client_Data_Daily_20260214.csv,header_scanned_all_files_profiled_first_n_rows_per_file
ilsos_lobbying_daily_csv,ENT_ADDR1,yes,address_1,lobbying_entities.address_1,yes,webapp/routes/lobbying.py; database/cross_matching.py; scraper/openbook_scraper.py,,,Keep mapped; add new-column alerting.,1,yes,0.0,"3M CENTER, BUILDING 220-9E-02 | 1000 CHURCHILL RD, P.O. BOX 2328 | 150 N. MICHIGAN AVENUE",Bulk_download/Lobbyist_Entity_Client_Data_Daily_20260214.csv,header_scanned_all_files_profiled_first_n_rows_per_file
ilsos_lobbying_daily_csv,ENT_ADDR2,yes,address_2,lobbying_entities.address_2,yes,webapp/routes/lobbying.py; database/cross_matching.py; scraper/openbook_scraper.py,,,Keep mapped; add new-column alerting.,1,yes,0.483282,SUITE 600 | SUITE 1A | DEPT. G812-BLDG. AP6D-2,Bulk_download/Lobbyist_Entity_Client_Data_Daily_20260214.csv,header_scanned_all_files_profiled_first_n_rows_per_file
ilsos_lobbying_daily_csv,ENT_CITY,yes,city,lobbying_entities.city,yes,webapp/routes/lobbying.py; database/cross_matching.py; scraper/openbook_scraper.py,,,Keep mapped; add new-column alerting.,1,yes,0.0,ST. PAUL | SPRINGFIELD | CHICAGO,Bulk_download/Lobbyist_Entity_Client_Data_Daily_20260214.csv,header_scanned_all_files_profiled_first_n_rows_per_file
ilsos_lobbying_daily_csv,ENT_ID,yes,entity_id,lobbying_entities.entity_id,yes,webapp/routes/lobbying.py; database/cross_matching.py; scraper/openbook_scraper.py,,,Keep mapped; add new-column alerting.,1,yes,0.0,2 | 10 | 63,Bulk_download/Lobbyist_Entity_Client_Data_Daily_20260214.csv,header_scanned_all_files_profiled_first_n_rows_per_file
ilsos_lobbying_daily_csv,ENT_NAME,yes,entity_name,lobbying_entities.entity_name,yes,webapp/routes/lobbying.py; database/cross_matching.py; scraper/openbook_scraper.py,,,Keep mapped; add new-column alerting.,1,yes,0.0,3M COMPANY | AFSCME COUNCIL 31 | AMERICAN CIVIL LIBERTIES UNION,Bulk_download/Lobbyist_Entity_Client_Data_Daily_20260214.csv,header_scanned_all_files_profiled_first_n_rows_per_file
ilsos_lobbying_daily_csv,ENT_REG_YEAR,yes,reg_year,lobbying_entity_clients.reg_year,yes,webapp/routes/lobbying.py; database/cross_matching.py,,,Keep mapped; add new-column alerting.,1,yes,0.0,2025 | 2026 | 2022,Bulk_download/Lobbyist_Entity_Client_Data_Daily_20260214.csv,header_scanned_all_files_profiled_first_n_rows_per_file
ilsos_lobbying_daily_csv,ENT_ST_ABBR,yes,state,lobbying_entities.state,yes,webapp/routes/lobbying.py; database/cross_matching.py; scraper/openbook_scraper.py,,,Keep mapped; add new-column alerting.,1,yes,0.0,MN | IL | TX,Bulk_download/Lobbyist_Entity_Client_Data_Daily_20260214.csv,header_scanned_all_files_profiled_first_n_rows_per_file
ilsos_lobbying_daily_csv,ENT_ZIP,yes,postal_code,lobbying_entities.postal_code,yes,webapp/routes/lobbying.py; database/cross_matching.py; scraper/openbook_scraper.py,,,Keep mapped; add new-column alerting.,1,yes,0.0,55144 | 62702 | 60601,Bulk_download/Lobbyist_Entity_Client_Data_Daily_20260214.csv,header_scanned_all_files_profiled_first_n_rows_per_file
ilsos_lobbying_daily_csv,LOBBYIST_ADDR1,yes,address_1,lobbying_lobbyists.address_1,yes,webapp/routes/lobbying.py; docs/case_studies/ameren_lobbying_relationships.md,,,Keep mapped; add new-column alerting.,1,yes,0.0,"3M CENTER | 3M CENTER, BUILDING 220-9E-02 | 1000 CHURCHILL RD",Bulk_download/Lobbyist_Entity_Client_Data_Daily_20260214.csv,header_scanned_all_files_profiled_first_n_rows_per_file
ilsos_lobbying_daily_csv,LOBBYIST_ADDR2,yes,address_2,lobbying_lobbyists.address_2,yes,webapp/routes/lobbying.py; docs/case_studies/ameren_lobbying_relationships.md,,,Keep mapped; add new-column alerting.,1,yes,0.598103,BUILDING 220-9E-01 | SUITE 600 | STE. 1A,Bulk_download/Lobbyist_Entity_Client_Data_Daily_20260214.csv,header_scanned_all_files_profiled_first_n_rows_per_file
ilsos_lobbying_daily_csv,LOBBYIST_CITY,yes,city,lobbying_lobbyists.city,yes,webapp/routes/lobbying.py; docs/case_studies/ameren_lobbying_relationships.md,,,Keep mapped; add new-column alerting.,1,yes,0.0,ST. PAUL | CHICAGO | SPRINGFIELD,Bulk_download/Lobbyist_Entity_Client_Data_Daily_20260214.csv,header_scanned_all_files_profiled_first_n_rows_per_file
ilsos_lobbying_daily_csv,LOBBYIST_EMAIL,yes,email,lobbying_lobbyists.email,yes,webapp/routes/lobbying.py; docs/case_studies/ameren_lobbying_relationships.md,,,Keep mapped; add new-column alerting.,1,yes,0.0,MATT.HEDBERG@YAHOO.COM | TCLARK@MMM.COM | AALEXANDER@AFSCME31.ORG,Bulk_download/Lobbyist_Entity_Client_Data_Daily_20260214.csv,header_scanned_all_files_profiled_first_n_rows_per_file
ilsos_lobbying_daily_csv,LOBBYIST_FNAME,yes,first_name,lobbying_lobbyists.first_name,yes,webapp/routes/lobbying.py; docs/case_studies/ameren_lobbying_relationships.md,,,Keep mapped; add new-column alerting.,1,yes,0.0,MATTHEW | TYLER | ADRIENNE,Bulk_download/Lobbyist_Entity_Client_Data_Daily_20260214.csv,header_scanned_all_files_profiled_first_n_rows_per_file
ilsos_lobbying_daily_csv,LOBBYIST_ID,yes,lobbyist_id,lobbying_lobbyists.lobbyist_id,yes,webapp/routes/lobbying.py; docs/case_studies/ameren_lobbying_relationships.md,,,Keep mapped; add new-column alerting.,1,yes,0.0,7370 | 13446 | 7517,Bulk_download/Lobbyist_Entity_Client_Data_Daily_20260214.csv,header_scanned_all_files_profiled_first_n_rows_per_file
ilsos_lobbying_daily_csv,LOBBYIST_LNAME,yes,last_name,lobbying_lobbyists.last_name,yes,webapp/routes/lobbying.py; docs/case_studies/ameren_lobbying_relationships.md,,,Keep mapped; add new-column alerting.,1,yes,0.0,HEDBERG | CLARK | ALEXANDER,Bulk_download/Lobbyist_Entity_Client_Data_Daily_20260214.csv,header_scanned_all_files_profiled_first_n_rows_per_file
ilsos_lobbying_daily_csv,LOBBYIST_MNAME,yes,middle_name,lobbying_lobbyists.middle_name,yes,webapp/routes/lobbying.py; docs/case_studies/ameren_lobbying_relationships.md,,,Keep mapped; add new-column alerting.,1,yes,0.638084,C | W | D,Bulk_download/Lobbyist_Entity_Client_Data_Daily_20260214.csv,header_scanned_all_files_profiled_first_n_rows_per_file
ilsos_lobbying_daily_csv,LOBBYIST_PHONE,yes,phone,lobbying_lobbyists.phone,yes,webapp/routes/lobbying.py; docs/case_studies/ameren_lobbying_relationships.md,,,Keep mapped; add new-column alerting.,1,yes,0.0,5179839944 | 6089990603 | 3126416060,Bulk_download/Lobbyist_Entity_Client_Data_Daily_20260214.csv,header_scanned_all_files_profiled_first_n_rows_per_file
ilsos_lobbying_daily_csv,LOBBYIST_STATUS,yes,status,lobbying_lobbyists.status,yes,webapp/routes/lobbying.py; docs/case_studies/ameren_lobbying_relationships.md,,,Keep mapped; add new-column alerting.,1,yes,0.0,TERMINATED | ACTIVE | NONCOMPLIANT,Bulk_download/Lobbyist_Entity_Client_Data_Daily_20260214.csv,header_scanned_all_files_profiled_first_n_rows_per_file
ilsos_lobbying_daily_csv,LOBBYIST_ST_ABBR,yes,state,lobbying_lobbyists.state,yes,webapp/routes/lobbying.py; docs/case_studies/ameren_lobbying_relationships.md,,,Keep mapped; add new-column alerting.,1,yes,0.0,MN | IL | AZ,Bulk_download/Lobbyist_Entity_Client_Data_Daily_20260214.csv,header_scanned_all_files_profiled_first_n_rows_per_file
ilsos_lobbying_daily_csv,LOBBYIST_ZIP,yes,postal_code,lobbying_lobbyists.postal_code,yes,webapp/routes/lobbying.py; docs/case_studies/ameren_lobbying_relationships.md,,,Keep mapped; add new-column alerting.,1,yes,0.0,55144 | 62702 | 60601,Bulk_download/Lobbyist_Entity_Client_Data_Daily_20260214.csv,header_scanned_all_files_profiled_first_n_rows_per_file
irs527_full_data_record_1_org_registration,pos_1,yes,form_id,irs527_organizations.form_id,yes,webapp/routes/irs527.py; database/cross_matching.py,,,Keep mapped; enforce positional schema checks in CI.,1,yes,0.0,8871,Bulk_download/IRS_data/var/IRS/data/scripts/pofd/download/FullDataFile.txt,full_file_record_type_scan_profiled_first_n_rows_per_record_type
irs527_full_data_record_1_org_registration,pos_2,yes,form_id_seq,irs527_organizations.form_id_seq,yes,webapp/routes/irs527.py; database/cross_matching.py,,,Keep mapped; enforce positional schema checks in CI.,1,yes,0.0,8 | 9 | 10,Bulk_download/IRS_data/var/IRS/data/scripts/pofd/download/FullDataFile.txt,full_file_record_type_scan_profiled_first_n_rows_per_record_type
irs527_full_data_record_1_org_registration,pos_3,no,,,no,,database/irs527_loader.py:74,explicitly excluded (parser never references this position),Review IRS layout and map needed positions explicitly.,1,yes,0.0,0 | 1,Bulk_download/IRS_data/var/IRS/data/scripts/pofd/download/FullDataFile.txt,full_file_record_type_scan_profiled_first_n_rows_per_record_type
irs527_full_data_record_1_org_registration,pos_4,no,,,no,,database/irs527_loader.py:74,explicitly excluded (parser never references this position),Review IRS layout and map needed positions explicitly.,1,yes,0.0,0 | 1,Bulk_download/IRS_data/var/IRS/data/scripts/pofd/download/FullDataFile.txt,full_file_record_type_scan_profiled_first_n_rows_per_record_type
irs527_full_data_record_1_org_registration,pos_5,no,,,no,,database/irs527_loader.py:74,explicitly excluded (parser never references this position),Review IRS layout and map needed positions explicitly.,1,yes,0.0,0 | 1,Bulk_download/IRS_data/var/IRS/data/scripts/pofd/download/FullDataFile.txt,full_file_record_type_scan_profiled_first_n_rows_per_record_type
irs527_full_data_record_1_org_registration,pos_6,yes,ein,irs527_organizations.ein,yes,webapp/routes/irs527.py; database/cross_matching.py,,,Keep mapped; enforce positional schema checks in CI.,1,yes,0.0,912121950 | 954857244 | 061596525,Bulk_download/IRS_data/var/IRS/data/scripts/pofd/download/FullDataFile.txt,full_file_record_type_scan_profiled_first_n_rows_per_record_type
irs527_full_data_record_1_org_registration,pos_7,yes,org_name,irs527_organizations.org_name,yes,webapp/routes/irs527.py; database/cross_matching.py,,,Keep mapped; enforce positional schema checks in CI.,1,yes,0.0,Dan Swecker for Senate Campaign | FRIENDS OF TOM CALDERON | ASGM PAC,Bulk_download/IRS_data/var/IRS/data/scripts/pofd/download/FullDataFile.txt,full_file_record_type_scan_profiled_first_n_rows_per_record_type
irs527_full_data_record_1_org_registration,pos_8,yes,address_1,irs527_organizations.address_1,yes,webapp/routes/irs527.py; database/cross_matching.py,,,Keep mapped; enforce positional schema checks in CI.,1,yes,0.0,10420 - 173rd Ave SW | 728 W. EDNA PLACE | WILLIAM S WEBB CO INC,Bulk_download/IRS_data/var/IRS/data/scripts/pofd/download/FullDataFile.txt,full_file_record_type_scan_profiled_first_n_rows_per_record_type
irs527_full_data_record_1_org_registration,pos_9,yes,address_2,irs527_organizations.address_2,yes,webapp/routes/irs527.py; database/cross_matching.py,,,Keep mapped; enforce positional schema checks in CI.,1,yes,0.8236,377 OAK ST - CS601 | Suite 110 | 41st Floor,Bulk_download/IRS_data/var/IRS/data/scripts/pofd/download/FullDataFile.txt,full_file_record_type_scan_profiled_first_n_rows_per_record_type
irs527_full_data_record_1_org_registration,pos_10,yes,city,irs527_organizations.city,yes,webapp/routes/irs527.py; database/cross_matching.py,,,Keep mapped; enforce positional schema checks in CI.,1,yes,0.0,Rochester | COVINA | GARDEN CITY,Bulk_download/IRS_data/var/IRS/data/scripts/pofd/download/FullDataFile.txt,full_file_record_type_scan_profiled_first_n_rows_per_record_type
irs527_full_data_record_1_org_registration,pos_11,yes,state,irs527_organizations.state,yes,webapp/routes/irs527.py; database/cross_matching.py,,,Keep mapped; enforce positional schema checks in CI.,1,yes,0.0,WA | CA | NY,Bulk_download/IRS_data/var/IRS/data/scripts/pofd/download/FullDataFile.txt,full_file_record_type_scan_profiled_first_n_rows_per_record_type
irs527_full_data_record_1_org_registration,pos_12,yes,zip,irs527_organizations.zip,yes,webapp/routes/irs527.py; database/cross_matching.py,,,Keep mapped; enforce positional schema checks in CI.,1,yes,0.0,98579 | 91722 | 11530,Bulk_download/IRS_data/var/IRS/data/scripts/pofd/download/FullDataFile.txt,full_file_record_type_scan_profiled_first_n_rows_per_record_type
irs527_full_data_record_1_org_registration,pos_13,yes,zip_ext,irs527_organizations.zip_ext,yes,webapp/routes/irs527.py; database/cross_matching.py,,,Keep mapped; enforce positional schema checks in CI.,1,yes,0.77436,0601 | 0806 | 0754,Bulk_download/IRS_data/var/IRS/data/scripts/pofd/download/FullDataFile.txt,full_file_record_type_scan_profiled_first_n_rows_per_record_type
irs527_full_data_record_1_org_registration,pos_14,yes,email,irs527_organizations.email,yes,webapp/routes/irs527.py; database/cross_matching.py,,,Keep mapped; enforce positional schema checks in CI.,1,yes,0.0,wfga@localaccess.com | no@email | HERB10424@AOL.COM,Bulk_download/IRS_data/var/IRS/data/scripts/pofd/download/FullDataFile.txt,full_file_record_type_scan_profiled_first_n_rows_per_record_type
irs527_full_data_record_1_org_registration,pos_15,yes,formation_date,irs527_organizations.formation_date,yes,webapp/routes/irs527.py; database/cross_matching.py,,,Keep mapped; enforce positional schema checks in CI.,1,yes,0.13648,19701209 | 20010709 | 19990913,Bulk_download/IRS_data/var/IRS/data/scripts/pofd/download/FullDataFile.txt,full_file_record_type_scan_profiled_first_n_rows_per_record_type
irs527_full_data_record_1_org_registration,pos_16,yes,custodian_name,irs527_organizations.custodian_name,yes,webapp/routes/irs527.py; database/cross_matching.py,,,Keep mapped; enforce positional schema checks in CI.,1,yes,0.0,Dan Swecker | YOLANDA MIRANDA | RICHARD C BLIVEN,Bulk_download/IRS_data/var/IRS/data/scripts/pofd/download/FullDataFile.txt,full_file_record_type_scan_profiled_first_n_rows_per_record_type
irs527_full_data_record_1_org_registration,pos_17,yes,custodian_address_1,irs527_organizations.custodian_address_1,yes,webapp/routes/irs527.py; database/cross_matching.py,,,Keep mapped; enforce positional schema checks in CI.,1,yes,2e-05,10420 - 173rd Ave SW | 728 W. EDNA PLACE | 377 OAK ST - CS601,Bulk_download/IRS_data/var/IRS/data/scripts/pofd/download/FullDataFile.txt,full_file_record_type_scan_profiled_first_n_rows_per_record_type
irs527_full_data_record_1_org_registration,pos_18,yes,custodian_address_2,irs527_organizations.custodian_address_2,yes,webapp/routes/irs527.py; database/cross_matching.py,,,Keep mapped; enforce positional schema checks in CI.,1,yes,0.81816,Suite 110 | Suite G | 41st Floor,Bulk_download/IRS_data/var/IRS/data/scripts/pofd/download/FullDataFile.txt,full_file_record_type_scan_profiled_first_n_rows_per_record_type
irs527_full_data_record_1_org_registration,pos_19,yes,custodian_city,irs527_organizations.custodian_city,yes,webapp/routes/irs527.py; database/cross_matching.py,,,Keep mapped; enforce positional schema checks in CI.,1,yes,2e-05,Rochester | COVINA | GARDEN CITY,Bulk_download/IRS_data/var/IRS/data/scripts/pofd/download/FullDataFile.txt,full_file_record_type_scan_profiled_first_n_rows_per_record_type
irs527_full_data_record_1_org_registration,pos_20,yes,custodian_state,irs527_organizations.custodian_state,yes,webapp/routes/irs527.py; database/cross_matching.py,,,Keep mapped; enforce positional schema checks in CI.,1,yes,2e-05,WA | CA | NY,Bulk_download/IRS_data/var/IRS/data/scripts/pofd/download/FullDataFile.txt,full_file_record_type_scan_profiled_first_n_rows_per_record_type
irs527_full_data_record_1_org_registration,pos_21,yes,custodian_zip,irs527_organizations.custodian_zip,yes,webapp/routes/irs527.py; database/cross_matching.py,,,Keep mapped; enforce positional schema checks in CI.,1,yes,2e-05,98579 | 91722 | 11530,Bulk_download/IRS_data/var/IRS/data/scripts/pofd/download/FullDataFile.txt,full_file_record_type_scan_profiled_first_n_rows_per_record_type
irs527_full_data_record_1_org_registration,pos_22,yes,custodian_zip_ext,irs527_organizations.custodian_zip_ext,yes,webapp/routes/irs527.py; database/cross_matching.py,,,Keep mapped; enforce positional schema checks in CI.,1,yes,0.78656,0601 | 0806 | 5457,Bulk_download/IRS_data/var/IRS/data/scripts/pofd/download/FullDataFile.txt,full_file_record_type_scan_profiled_first_n_rows_per_record_type
irs527_full_data_record_1_org_registration,pos_23,yes,contact_name,irs527_organizations.contact_name,yes,webapp/routes/irs527.py; database/cross_matching.py,,,Keep mapped; enforce positional schema checks in CI.,1,yes,0.0,Dan Swecker | YOLANDA MIRANDA | RICHARD C BLIVEN,Bulk_download/IRS_data/var/IRS/data/scripts/pofd/download/FullDataFile.txt,full_file_record_type_scan_profiled_first_n_rows_per_record_type
irs527_full_data_record_1_org_registration,pos_24,yes,contact_address_1,irs527_organizations.contact_address_1,yes,webapp/routes/irs527.py; database/cross_matching.py,,,Keep mapped; enforce positional schema checks in CI.,1,yes,2e-05,10420 - 173rd Ave. SW | 728 W. EDNA PLACE | 377 OAK ST - CS601,Bulk_download/IRS_data/var/IRS/data/scripts/pofd/download/FullDataFile.txt,full_file_record_type_scan_profiled_first_n_rows_per_record_type
irs527_full_data_record_1_org_registration,pos_25,yes,contact_address_2,irs527_organizations.contact_address_2,yes,webapp/routes/irs527.py; database/cross_matching.py,,,Keep mapped; enforce positional schema checks in CI.,1,yes,0.8196,Suite 110 | Suite G | 201,Bulk_download/IRS_data/var/IRS/data/scripts/pofd/download/FullDataFile.txt,full_file_record_type_scan_profiled_first_n_rows_per_record_type
irs527_full_data_record_1_org_registration,pos_26,yes,contact_city,irs527_organizations.contact_city,yes,webapp/routes/irs527.py; database/cross_matching.py,,,Keep mapped; enforce positional schema checks in CI.,1,yes,0.0,Rochester | COVINA | GARDEN CITY,Bulk_download/IRS_data/var/IRS/data/scripts/pofd/download/FullDataFile.txt,full_file_record_type_scan_profiled_first_n_rows_per_record_type
irs527_full_data_record_1_org_registration,pos_27,yes,contact_state,irs527_organizations.contact_state,yes,webapp/routes/irs527.py; database/cross_matching.py,,,Keep mapped; enforce positional schema checks in CI.,1,yes,0.0,WA | CA | NY,Bulk_download/IRS_data/var/IRS/data/scripts/pofd/download/FullDataFile.txt,full_file_record_type_scan_profiled_first_n_rows_per_record_type
irs527_full_data_record_1_org_registration,pos_28,yes,contact_zip,irs527_organizations.contact_zip,yes,webapp/routes/irs527.py; database/cross_matching.py,,,Keep mapped; enforce positional schema checks in CI.,1,yes,0.0,98579 | 91722 | 11530,Bulk_download/IRS_data/var/IRS/data/scripts/pofd/download/FullDataFile.txt,full_file_record_type_scan_profiled_first_n_rows_per_record_type
irs527_full_data_record_1_org_registration,pos_29,yes,contact_zip_ext,irs527_organizations.contact_zip_ext,yes,webapp/routes/irs527.py; database/cross_matching.py,,,Keep mapped; enforce positional schema checks in CI.,1,yes,0.78546,0601 | 0806 | 5457,Bulk_download/IRS_data/var/IRS/data/scripts/pofd/download/FullDataFile.txt,full_file_record_type_scan_profiled_first_n_rows_per_record_type
irs527_full_data_record_1_org_registration,pos_30,yes,business_address_1,irs527_organizations.business_address_1,yes,webapp/routes/irs527.py; database/cross_matching.py,,,Keep mapped; enforce positional schema checks in CI.,1,yes,0.0001,same | 728 W. EDNA PLACE | WILLIAM S WEBB CO INC,Bulk_download/IRS_data/var/IRS/data/scripts/pofd/download/FullDataFile.txt,full_file_record_type_scan_profiled_first_n_rows_per_record_type
irs527_full_data_record_1_org_registration,pos_31,yes,business_address_2,irs527_organizations.business_address_2,yes,webapp/routes/irs527.py; database/cross_matching.py,,,Keep mapped; enforce positional schema checks in CI.,1,yes,0.82286,377 OAK ST - CS601 | Suite 110 | 41st Floor,Bulk_download/IRS_data/var/IRS/data/scripts/pofd/download/FullDataFile.txt,full_file_record_type_scan_profiled_first_n_rows_per_record_type
irs527_full_data_record_1_org_registration,pos_32,yes,business_city,irs527_organizations.business_city,yes,webapp/routes/irs527.py; database/cross_matching.py,,,Keep mapped; enforce positional schema checks in CI.,1,yes,0.0001,Rochester | COVINA | GARDEN CITY,Bulk_download/IRS_data/var/IRS/data/scripts/pofd/download/FullDataFile.txt,full_file_record_type_scan_profiled_first_n_rows_per_record_type
irs527_full_data_record_1_org_registration,pos_33,yes,business_state,irs527_organizations.business_state,yes,webapp/routes/irs527.py; database/cross_matching.py,,,Keep mapped; enforce positional schema checks in CI.,1,yes,0.0002,WA | CA | NY,Bulk_download/IRS_data/var/IRS/data/scripts/pofd/download/FullDataFile.txt,full_file_record_type_scan_profiled_first_n_rows_per_record_type
irs527_full_data_record_1_org_registration,pos_34,yes,business_zip,irs527_organizations.business_zip,yes,webapp/routes/irs527.py; database/cross_matching.py,,,Keep mapped; enforce positional schema checks in CI.,1,yes,0.0002,98579 | 91722 | 11530,Bulk_download/IRS_data/var/IRS/data/scripts/pofd/download/FullDataFile.txt,full_file_record_type_scan_profiled_first_n_rows_per_record_type
irs527_full_data_record_1_org_registration,pos_35,yes,business_zip_ext,irs527_organizations.business_zip_ext,yes,webapp/routes/irs527.py; database/cross_matching.py,,,Keep mapped; enforce positional schema checks in CI.,1,yes,0.79024,0601 | 0806 | 4572,Bulk_download/IRS_data/var/IRS/data/scripts/pofd/download/FullDataFile.txt,full_file_record_type_scan_profiled_first_n_rows_per_record_type
irs527_full_data_record_1_org_registration,pos_36,yes,purpose,irs527_organizations.purpose,yes,webapp/routes/irs527.py; database/cross_matching.py,,,Keep mapped; enforce positional schema checks in CI.,1,yes,0.13934,0 | 1,Bulk_download/IRS_data/var/IRS/data/scripts/pofd/download/FullDataFile.txt,full_file_record_type_scan_profiled_first_n_rows_per_record_type
irs527_full_data_record_1_org_registration,pos_37,yes,material_change_date,irs527_organizations.material_change_date,yes,webapp/routes/irs527.py; database/cross_matching.py,,,Keep mapped; enforce positional schema checks in CI.,1,yes,0.40622,WY | ND | OR,Bulk_download/IRS_data/var/IRS/data/scripts/pofd/download/FullDataFile.txt,full_file_record_type_scan_profiled_first_n_rows_per_record_type
irs527_full_data_record_1_org_registration,pos_38,yes,insert_datetime,irs527_organizations.insert_datetime,yes,webapp/routes/irs527.py; database/cross_matching.py,,,Keep mapped; enforce positional schema checks in CI.,1,yes,0.13934,0 | 1,Bulk_download/IRS_data/var/IRS/data/scripts/pofd/download/FullDataFile.txt,full_file_record_type_scan_profiled_first_n_rows_per_record_type
irs527_full_data_record_1_org_registration,pos_39,yes,related_entity_bypass,irs527_organizations.related_entity_bypass,yes,webapp/routes/irs527.py; database/cross_matching.py,,,Keep mapped; enforce positional schema checks in CI.,1,yes,0.00032,Tax exempt political organization - Political campaign | RAISE FUNDS TO ELECT CANDIDATE | POLITICAL ACTION COMMITTEE TO PROMOTE LEGISLATION FAVORABLE TO WORKERS COMPENSATION SAFETY GROUPS IN NEW YORK STATE.,Bulk_download/IRS_data/var/IRS/data/scripts/pofd/download/FullDataFile.txt,full_file_record_type_scan_profiled_first_n_rows_per_record_type
irs527_full_data_record_1_org_registration,pos_40,yes,eain_bypass,irs527_organizations.eain_bypass,yes,webapp/routes/irs527.py; database/cross_matching.py,,,Keep mapped; enforce positional schema checks in CI.,1,yes,0.39182,20021202 | 20020901 | 20021203,Bulk_download/IRS_data/var/IRS/data/scripts/pofd/download/FullDataFile.txt,full_file_record_type_scan_profiled_first_n_rows_per_record_type
irs527_full_data_record_1_org_registration,pos_41,no,,,no,,database/irs527_loader.py:74,explicitly excluded (parser never references this position),Review IRS layout and map needed positions explicitly.,1,yes,0.011,2001-05-13 21:20:54 | 2001-05-14 15:05:31 | 2001-05-14 17:24:52,Bulk_download/IRS_data/var/IRS/data/scripts/pofd/download/FullDataFile.txt,full_file_record_type_scan_profiled_first_n_rows_per_record_type
irs527_full_data_record_1_org_registration,pos_42,no,,,no,,database/irs527_loader.py:74,explicitly excluded (parser never references this position),Review IRS layout and map needed positions explicitly.,1,yes,0.01106,0 | 1,Bulk_download/IRS_data/var/IRS/data/scripts/pofd/download/FullDataFile.txt,full_file_record_type_scan_profiled_first_n_rows_per_record_type
irs527_full_data_record_1_org_registration,pos_43,no,,,no,,database/irs527_loader.py:74,explicitly excluded (parser never references this position),Review IRS layout and map needed positions explicitly.,1,yes,0.01106,1 | 0,Bulk_download/IRS_data/var/IRS/data/scripts/pofd/download/FullDataFile.txt,full_file_record_type_scan_profiled_first_n_rows_per_record_type
irs527_full_data_record_2_periodic_report,pos_1,yes,ein_fallback,irs527_reports.ein_fallback,yes,webapp/routes/irs527.py; scripts/build_triple_pipeline.py,,,Keep mapped; enforce positional schema checks in CI.,1,yes,0.0,8872,Bulk_download/IRS_data/var/IRS/data/scripts/pofd/download/FullDataFile.txt,full_file_record_type_scan_profiled_first_n_rows_per_record_type
irs527_full_data_record_2_periodic_report,pos_2,yes,form_id,irs527_reports.form_id,yes,webapp/routes/irs527.py; scripts/build_triple_pipeline.py,,,Keep mapped; enforce positional schema checks in CI.,1,yes,0.0,9555268 | 9556563 | 9557324,Bulk_download/IRS_data/var/IRS/data/scripts/pofd/download/FullDataFile.txt,full_file_record_type_scan_profiled_first_n_rows_per_record_type
irs527_full_data_record_2_periodic_report,pos_3,yes,period_start,irs527_reports.period_start,yes,webapp/routes/irs527.py; scripts/build_triple_pipeline.py,,,Keep mapped; enforce positional schema checks in CI.,1,yes,0.0,20030101 | 20030701 | 20040101,Bulk_download/IRS_data/var/IRS/data/scripts/pofd/download/FullDataFile.txt,full_file_record_type_scan_profiled_first_n_rows_per_record_type
irs527_full_data_record_2_periodic_report,pos_4,yes,period_end,irs527_reports.period_end,yes,webapp/routes/irs527.py; scripts/build_triple_pipeline.py,,,Keep mapped; enforce positional schema checks in CI.,1,yes,0.0,20030630 | 20031231 | 20040331,Bulk_download/IRS_data/var/IRS/data/scripts/pofd/download/FullDataFile.txt,full_file_record_type_scan_profiled_first_n_rows_per_record_type
irs527_full_data_record_2_periodic_report,pos_5,no,,,no,,database/irs527_loader.py:125,explicitly excluded (parser never references this position),Review IRS layout and map needed positions explicitly.,1,yes,0.0,1 | 0,Bulk_download/IRS_data/var/IRS/data/scripts/pofd/download/FullDataFile.txt,full_file_record_type_scan_profiled_first_n_rows_per_record_type
irs527_full_data_record_2_periodic_report,pos_6,no,,,no,,database/irs527_loader.py:125,explicitly excluded (parser never references this position),Review IRS layout and map needed positions explicitly.,1,yes,0.0,0 | 1,Bulk_download/IRS_data/var/IRS/data/scripts/pofd/download/FullDataFile.txt,full_file_record_type_scan_profiled_first_n_rows_per_record_type
irs527_full_data_record_2_periodic_report,pos_7,no,,,no,,database/irs527_loader.py:125,explicitly excluded (parser never references this position),Review IRS layout and map needed positions explicitly.,1,yes,0.0,0 | 1,Bulk_download/IRS_data/var/IRS/data/scripts/pofd/download/FullDataFile.txt,full_file_record_type_scan_profiled_first_n_rows_per_record_type
irs527_full_data_record_2_periodic_report,pos_8,no,,,no,,database/irs527_loader.py:125,explicitly excluded (parser never references this position),Review IRS layout and map needed positions explicitly.,1,yes,0.0,0 | 1,Bulk_download/IRS_data/var/IRS/data/scripts/pofd/download/FullDataFile.txt,full_file_record_type_scan_profiled_first_n_rows_per_record_type
irs527_full_data_record_2_periodic_report,pos_9,yes,org_name,irs527_reports.org_name,yes,webapp/routes/irs527.py; scripts/build_triple_pipeline.py,,,Keep mapped; enforce positional schema checks in CI.,1,yes,0.0,HAWAII STATE TEACHERS ASSOCIATION POLITICAL ACTION COMMITTEE | NATPAC | UP POWER A WPS RESOURCES PAC,Bulk_download/IRS_data/var/IRS/data/scripts/pofd/download/FullDataFile.txt,full_file_record_type_scan_profiled_first_n_rows_per_record_type
irs527_full_data_record_2_periodic_report,pos_10,yes,org_ein,irs527_reports.org_ein,yes,webapp/routes/irs527.py; scripts/build_triple_pipeline.py,,,Keep mapped; enforce positional schema checks in CI.,1,yes,0.0,521073928 | 593729315 | 392037087,Bulk_download/IRS_data/var/IRS/data/scripts/pofd/download/FullDataFile.txt,full_file_record_type_scan_profiled_first_n_rows_per_record_type
irs527_full_data_record_2_periodic_report,pos_11,yes,org_address_1,irs527_reports.org_address_1,yes,webapp/routes/irs527.py; scripts/build_triple_pipeline.py,,,Keep mapped; enforce positional schema checks in CI.,1,yes,0.0,"1200 ALA KAPUNA STREET | Post Office Box 1701 | 700 N. ADAMS STREET, P.O. BOX 19002",Bulk_download/IRS_data/var/IRS/data/scripts/pofd/download/FullDataFile.txt,full_file_record_type_scan_profiled_first_n_rows_per_record_type
irs527_full_data_record_2_periodic_report,pos_12,yes,org_address_2,irs527_reports.org_address_2,yes,webapp/routes/irs527.py; scripts/build_triple_pipeline.py,,,Keep mapped; enforce positional schema checks in CI.,1,yes,0.76976,SUITE ONE | 319 | Suite 306,Bulk_download/IRS_data/var/IRS/data/scripts/pofd/download/FullDataFile.txt,full_file_record_type_scan_profiled_first_n_rows_per_record_type
irs527_full_data_record_2_periodic_report,pos_13,yes,org_city,irs527_reports.org_city,yes,webapp/routes/irs527.py; scripts/build_triple_pipeline.py,,,Keep mapped; enforce positional schema checks in CI.,1,yes,0.0,HONOLULU | Tallahassee | GREEN BAY,Bulk_download/IRS_data/var/IRS/data/scripts/pofd/download/FullDataFile.txt,full_file_record_type_scan_profiled_first_n_rows_per_record_type
irs527_full_data_record_2_periodic_report,pos_14,yes,org_state,irs527_reports.org_state,yes,webapp/routes/irs527.py; scripts/build_triple_pipeline.py,,,Keep mapped; enforce positional schema checks in CI.,1,yes,0.0,HI | FL | WI,Bulk_download/IRS_data/var/IRS/data/scripts/pofd/download/FullDataFile.txt,full_file_record_type_scan_profiled_first_n_rows_per_record_type
irs527_full_data_record_2_periodic_report,pos_15,yes,org_zip,irs527_reports.org_zip,yes,webapp/routes/irs527.py; scripts/build_triple_pipeline.py,,,Keep mapped; enforce positional schema checks in CI.,1,yes,0.0,96819 | 32302 | 54307,Bulk_download/IRS_data/var/IRS/data/scripts/pofd/download/FullDataFile.txt,full_file_record_type_scan_profiled_first_n_rows_per_record_type
irs527_full_data_record_2_periodic_report,pos_16,yes,org_zip_ext,irs527_reports.org_zip_ext,yes,webapp/routes/irs527.py; scripts/build_triple_pipeline.py,,,Keep mapped; enforce positional schema checks in CI.,1,yes,0.81244,1701 | 9002 | 2565,Bulk_download/IRS_data/var/IRS/data/scripts/pofd/download/FullDataFile.txt,full_file_record_type_scan_profiled_first_n_rows_per_record_type
irs527_full_data_record_2_periodic_report,pos_17,yes,email,irs527_reports.email,yes,webapp/routes/irs527.py; scripts/build_triple_pipeline.py,,,Keep mapped; enforce positional schema checks in CI.,1,yes,0.0,lhasegawa@nea.org | mherron@nettally.com | ssoderl@wpsr.com,Bulk_download/IRS_data/var/IRS/data/scripts/pofd/download/FullDataFile.txt,full_file_record_type_scan_profiled_first_n_rows_per_record_type
irs527_full_data_record_2_periodic_report,pos_18,yes,formation_date,irs527_reports.formation_date,yes,webapp/routes/irs527.py; scripts/build_triple_pipeline.py,,,Keep mapped; enforce positional schema checks in CI.,1,yes,0.0,19701209 | 20010709 | 20011105,Bulk_download/IRS_data/var/IRS/data/scripts/pofd/download/FullDataFile.txt,full_file_record_type_scan_profiled_first_n_rows_per_record_type
irs527_full_data_record_2_periodic_report,pos_19,yes,custodian_name,irs527_reports.custodian_name,yes,webapp/routes/irs527.py; scripts/build_triple_pipeline.py,,,Keep mapped; enforce positional schema checks in CI.,1,yes,0.0,LYNNELLE HASEGAWA | Mark Herron | JAMES N MORRISON,Bulk_download/IRS_data/var/IRS/data/scripts/pofd/download/FullDataFile.txt,full_file_record_type_scan_profiled_first_n_rows_per_record_type
irs527_full_data_record_2_periodic_report,pos_20,yes,custodian_address_1,irs527_reports.custodian_address_1,yes,webapp/routes/irs527.py; scripts/build_triple_pipeline.py,,,Keep mapped; enforce positional schema checks in CI.,1,yes,0.0,1200 ALA KAPUNA STREET | Post Office Box 1701 | 700 N ADAMS STREET,Bulk_download/IRS_data/var/IRS/data/scripts/pofd/download/FullDataFile.txt,full_file_record_type_scan_profiled_first_n_rows_per_record_type
irs527_full_data_record_2_periodic_report,pos_21,yes,custodian_address_2,irs527_reports.custodian_address_2,yes,webapp/routes/irs527.py; scripts/build_triple_pipeline.py,,,Keep mapped; enforce positional schema checks in CI.,1,yes,0.77094,SUITE ONE | 2nd Floor | Suite 306,Bulk_download/IRS_data/var/IRS/data/scripts/pofd/download/FullDataFile.txt,full_file_record_type_scan_profiled_first_n_rows_per_record_type
irs527_full_data_record_2_periodic_report,pos_22,yes,custodian_city,irs527_reports.custodian_city,yes,webapp/routes/irs527.py; scripts/build_triple_pipeline.py,,,Keep mapped; enforce positional schema checks in CI.,1,yes,0.0,"HONOLULU | Tallahassee, | GREEN BAY",Bulk_download/IRS_data/var/IRS/data/scripts/pofd/download/FullDataFile.txt,full_file_record_type_scan_profiled_first_n_rows_per_record_type
irs527_full_data_record_2_periodic_report,pos_23,yes,custodian_state,irs527_reports.custodian_state,yes,webapp/routes/irs527.py; scripts/build_triple_pipeline.py,,,Keep mapped; enforce positional schema checks in CI.,1,yes,0.0,HI | FL | WI,Bulk_download/IRS_data/var/IRS/data/scripts/pofd/download/FullDataFile.txt,full_file_record_type_scan_profiled_first_n_rows_per_record_type
irs527_full_data_record_2_periodic_report,pos_24,yes,custodian_zip,irs527_reports.custodian_zip,yes,webapp/routes/irs527.py; scripts/build_triple_pipeline.py,,,Keep mapped; enforce positional schema checks in CI.,1,yes,0.0,96819 | 32302 | 54307,Bulk_download/IRS_data/var/IRS/data/scripts/pofd/download/FullDataFile.txt,full_file_record_type_scan_profiled_first_n_rows_per_record_type
irs527_full_data_record_2_periodic_report,pos_25,yes,custodian_zip_ext,irs527_reports.custodian_zip_ext,yes,webapp/routes/irs527.py; scripts/build_triple_pipeline.py,,,Keep mapped; enforce positional schema checks in CI.,1,yes,0.8092,1701 | 9002 | 1522,Bulk_download/IRS_data/var/IRS/data/scripts/pofd/download/FullDataFile.txt,full_file_record_type_scan_profiled_first_n_rows_per_record_type
irs527_full_data_record_2_periodic_report,pos_26,yes,contact_name,irs527_reports.contact_name,yes,webapp/routes/irs527.py; scripts/build_triple_pipeline.py,,,Keep mapped; enforce positional schema checks in CI.,1,yes,0.0,LYNNELLE HASEGAWA | Mark Herron | JAMES N. MORRISON,Bulk_download/IRS_data/var/IRS/data/scripts/pofd/download/FullDataFile.txt,full_file_record_type_scan_profiled_first_n_rows_per_record_type
irs527_full_data_record_2_periodic_report,pos_27,yes,contact_address_1,irs527_reports.contact_address_1,yes,webapp/routes/irs527.py; scripts/build_triple_pipeline.py,,,Keep mapped; enforce positional schema checks in CI.,1,yes,0.0,1200 ALA KAPUNA STREET | Post Office Box 1701 | 700 N ADAMS STREET,Bulk_download/IRS_data/var/IRS/data/scripts/pofd/download/FullDataFile.txt,full_file_record_type_scan_profiled_first_n_rows_per_record_type
irs527_full_data_record_2_periodic_report,pos_28,yes,contact_address_2,irs527_reports.contact_address_2,yes,webapp/routes/irs527.py; scripts/build_triple_pipeline.py,,,Keep mapped; enforce positional schema checks in CI.,1,yes,0.77106,SUITE ONE | Suite 306 | GR11-251,Bulk_download/IRS_data/var/IRS/data/scripts/pofd/download/FullDataFile.txt,full_file_record_type_scan_profiled_first_n_rows_per_record_type
irs527_full_data_record_2_periodic_report,pos_29,yes,contact_city,irs527_reports.contact_city,yes,webapp/routes/irs527.py; scripts/build_triple_pipeline.py,,,Keep mapped; enforce positional schema checks in CI.,1,yes,0.0,HONOLULU | Tallahassee | GREEN BAY,Bulk_download/IRS_data/var/IRS/data/scripts/pofd/download/FullDataFile.txt,full_file_record_type_scan_profiled_first_n_rows_per_record_type
irs527_full_data_record_2_periodic_report,pos_30,yes,contact_state,irs527_reports.contact_state,yes,webapp/routes/irs527.py; scripts/build_triple_pipeline.py,,,Keep mapped; enforce positional schema checks in CI.,1,yes,0.0,HI | FL | WI,Bulk_download/IRS_data/var/IRS/data/scripts/pofd/download/FullDataFile.txt,full_file_record_type_scan_profiled_first_n_rows_per_record_type
irs527_full_data_record_2_periodic_report,pos_31,yes,contact_zip,irs527_reports.contact_zip,yes,webapp/routes/irs527.py; scripts/build_triple_pipeline.py,,,Keep mapped; enforce positional schema checks in CI.,1,yes,0.0,96819 | 32302 | 54307,Bulk_download/IRS_data/var/IRS/data/scripts/pofd/download/FullDataFile.txt,full_file_record_type_scan_profiled_first_n_rows_per_record_type
irs527_full_data_record_2_periodic_report,pos_32,yes,contact_zip_ext,irs527_reports.contact_zip_ext,yes,webapp/routes/irs527.py; scripts/build_triple_pipeline.py,,,Keep mapped; enforce positional schema checks in CI.,1,yes,0.81068,1701 | 9002 | 1522,Bulk_download/IRS_data/var/IRS/data/scripts/pofd/download/FullDataFile.txt,full_file_record_type_scan_profiled_first_n_rows_per_record_type
irs527_full_data_record_2_periodic_report,pos_33,yes,business_address_1,irs527_reports.business_address_1,yes,webapp/routes/irs527.py; scripts/build_triple_pipeline.py,,,Keep mapped; enforce positional schema checks in CI.,1,yes,6e-05,"1200 ALA KAPUNA STREET | Post Office Box 1701 | 700 N. ADAMS STREET, P.O. BOX 19002",Bulk_download/IRS_data/var/IRS/data/scripts/pofd/download/FullDataFile.txt,full_file_record_type_scan_profiled_first_n_rows_per_record_type
irs527_full_data_record_2_periodic_report,pos_34,yes,business_address_2,irs527_reports.business_address_2,yes,webapp/routes/irs527.py; scripts/build_triple_pipeline.py,,,Keep mapped; enforce positional schema checks in CI.,1,yes,0.77258,SUITE ONE | 319 | Suite 306,Bulk_download/IRS_data/var/IRS/data/scripts/pofd/download/FullDataFile.txt,full_file_record_type_scan_profiled_first_n_rows_per_record_type
irs527_full_data_record_2_periodic_report,pos_35,yes,business_city,irs527_reports.business_city,yes,webapp/routes/irs527.py; scripts/build_triple_pipeline.py,,,Keep mapped; enforce positional schema checks in CI.,1,yes,6e-05,HONOLULU | Tallahassee | GREEN BAY,Bulk_download/IRS_data/var/IRS/data/scripts/pofd/download/FullDataFile.txt,full_file_record_type_scan_profiled_first_n_rows_per_record_type
irs527_full_data_record_2_periodic_report,pos_36,yes,business_state,irs527_reports.business_state,yes,webapp/routes/irs527.py; scripts/build_triple_pipeline.py,,,Keep mapped; enforce positional schema checks in CI.,1,yes,6e-05,HI | FL | WI,Bulk_download/IRS_data/var/IRS/data/scripts/pofd/download/FullDataFile.txt,full_file_record_type_scan_profiled_first_n_rows_per_record_type
irs527_full_data_record_2_periodic_report,pos_37,yes,business_zip,irs527_reports.business_zip,yes,webapp/routes/irs527.py; scripts/build_triple_pipeline.py,,,Keep mapped; enforce positional schema checks in CI.,1,yes,6e-05,96819 | 32302 | 54307,Bulk_download/IRS_data/var/IRS/data/scripts/pofd/download/FullDataFile.txt,full_file_record_type_scan_profiled_first_n_rows_per_record_type
irs527_full_data_record_2_periodic_report,pos_38,yes,business_zip_ext,irs527_reports.business_zip_ext,yes,webapp/routes/irs527.py; scripts/build_triple_pipeline.py,,,Keep mapped; enforce positional schema checks in CI.,1,yes,0.82134,1701 | 9002 | 1522,Bulk_download/IRS_data/var/IRS/data/scripts/pofd/download/FullDataFile.txt,full_file_record_type_scan_profiled_first_n_rows_per_record_type
irs527_full_data_record_2_periodic_report,pos_39,yes,qtr_indicator,irs527_reports.qtr_indicator,yes,webapp/routes/irs527.py; scripts/build_triple_pipeline.py,,,Keep mapped; enforce positional schema checks in CI.,1,yes,0.0,5 | 4 | 1,Bulk_download/IRS_data/var/IRS/data/scripts/pofd/download/FullDataFile.txt,full_file_record_type_scan_profiled_first_n_rows_per_record_type
irs527_full_data_record_2_periodic_report,pos_40,yes,monthly_amount_1,irs527_reports.monthly_amount_1,yes,webapp/routes/irs527.py; scripts/build_triple_pipeline.py,,,Keep mapped; enforce positional schema checks in CI.,1,yes,0.81752,02 | 03 | 01,Bulk_download/IRS_data/var/IRS/data/scripts/pofd/download/FullDataFile.txt,full_file_record_type_scan_profiled_first_n_rows_per_record_type
irs527_full_data_record_2_periodic_report,pos_41,yes,monthly_amount_2,irs527_reports.monthly_amount_2,yes,webapp/routes/irs527.py; scripts/build_triple_pipeline.py,,,Keep mapped; enforce positional schema checks in CI.,1,yes,0.93836,primary | general | General,Bulk_download/IRS_data/var/IRS/data/scripts/pofd/download/FullDataFile.txt,full_file_record_type_scan_profiled_first_n_rows_per_record_type
irs527_full_data_record_2_periodic_report,pos_42,yes,monthly_amount_3,irs527_reports.monthly_amount_3,yes,webapp/routes/irs527.py; scripts/build_triple_pipeline.py,,,Keep mapped; enforce positional schema checks in CI.,1,yes,0.84016,20040918 | 20041102 | 20021105,Bulk_download/IRS_data/var/IRS/data/scripts/pofd/download/FullDataFile.txt,full_file_record_type_scan_profiled_first_n_rows_per_record_type
irs527_full_data_record_2_periodic_report,pos_43,yes,total_contributions_fallback,irs527_reports.total_contributions_fallback,yes,webapp/routes/irs527.py; scripts/build_triple_pipeline.py,,,Keep mapped; enforce positional schema checks in CI.,1,yes,0.84032,HI | FL | AZ,Bulk_download/IRS_data/var/IRS/data/scripts/pofd/download/FullDataFile.txt,full_file_record_type_scan_profiled_first_n_rows_per_record_type
irs527_full_data_record_2_periodic_report,pos_44,yes,total_expenditures_fallback,irs527_reports.total_expenditures_fallback,yes,webapp/routes/irs527.py; scripts/build_triple_pipeline.py,,,Keep mapped; enforce positional schema checks in CI.,1,yes,0.0,0 | 1,Bulk_download/IRS_data/var/IRS/data/scripts/pofd/download/FullDataFile.txt,full_file_record_type_scan_profiled_first_n_rows_per_record_type
irs527_full_data_record_2_periodic_report,pos_45,yes,total_contributions,irs527_reports.total_contributions,yes,webapp/routes/irs527.py; scripts/build_triple_pipeline.py,,,Keep mapped; enforce positional schema checks in CI.,1,yes,0.0,97298 | 91018 | 46113,Bulk_download/IRS_data/var/IRS/data/scripts/pofd/download/FullDataFile.txt,full_file_record_type_scan_profiled_first_n_rows_per_record_type
irs527_full_data_record_2_periodic_report,pos_46,no,,,no,,database/irs527_loader.py:125,explicitly excluded (parser never references this position),Review IRS layout and map needed positions explicitly.,1,yes,0.0,0 | 1,Bulk_download/IRS_data/var/IRS/data/scripts/pofd/download/FullDataFile.txt,full_file_record_type_scan_profiled_first_n_rows_per_record_type
irs527_full_data_record_2_periodic_report,pos_47,yes,total_expenditures,irs527_reports.total_expenditures,yes,webapp/routes/irs527.py; scripts/build_triple_pipeline.py,,,Keep mapped; enforce positional schema checks in CI.,1,yes,0.0,500 | 1150 | 0,Bulk_download/IRS_data/var/IRS/data/scripts/pofd/download/FullDataFile.txt,full_file_record_type_scan_profiled_first_n_rows_per_record_type
irs527_full_data_record_2_periodic_report,pos_48,yes,insert_datetime,irs527_reports.insert_datetime,yes,webapp/routes/irs527.py; scripts/build_triple_pipeline.py,,,Keep mapped; enforce positional schema checks in CI.,1,yes,0.0,2003-07-08 21:30:24 | 2004-01-23 19:29:51 | 2004-04-08 19:03:41,Bulk_download/IRS_data/var/IRS/data/scripts/pofd/download/FullDataFile.txt,full_file_record_type_scan_profiled_first_n_rows_per_record_type
irs527_full_data_record_2_periodic_report,pos_49,no,,,no,,database/irs527_loader.py:125,explicitly excluded (parser never references this position),Review IRS layout and map needed positions explicitly.,1,yes,1.0,,Bulk_download/IRS_data/var/IRS/data/scripts/pofd/download/FullDataFile.txt,full_file_record_type_scan_profiled_first_n_rows_per_record_type
irs527_full_data_record_A_contribution,pos_1,yes,form_id,irs527_contributions.form_id,yes,webapp/routes/irs527.py; scripts/build_triple_pipeline.py,,,Keep mapped; enforce positional schema checks in CI.,1,yes,0.0,9555268 | 9556563 | 9557324,Bulk_download/IRS_data/var/IRS/data/scripts/pofd/download/FullDataFile.txt,full_file_record_type_scan_profiled_first_n_rows_per_record_type
irs527_full_data_record_A_contribution,pos_2,no,,,no,,database/irs527_loader.py:234,explicitly excluded (parser never references this position),Review IRS layout and map needed positions explicitly.,1,yes,0.0,38296 | 38297 | 38298,Bulk_download/IRS_data/var/IRS/data/scripts/pofd/download/FullDataFile.txt,full_file_record_type_scan_profiled_first_n_rows_per_record_type
irs527_full_data_record_A_contribution,pos_3,yes,org_name,irs527_contributions.org_name,yes,webapp/routes/irs527.py; scripts/build_triple_pipeline.py,,,Keep mapped; enforce positional schema checks in CI.,1,yes,0.0,HAWAII STATE TEACHERS ASSOCIATION POLITICAL ACTION COMMITTEE | NATPAC | UP POWER A WPS RESOURCES PAC,Bulk_download/IRS_data/var/IRS/data/scripts/pofd/download/FullDataFile.txt,full_file_record_type_scan_profiled_first_n_rows_per_record_type
irs527_full_data_record_A_contribution,pos_4,yes,ein,irs527_contributions.ein,yes,webapp/routes/irs527.py; scripts/build_triple_pipeline.py,,,Keep mapped; enforce positional schema checks in CI.,1,yes,0.0,521073928 | 593729315 | 392037087,Bulk_download/IRS_data/var/IRS/data/scripts/pofd/download/FullDataFile.txt,full_file_record_type_scan_profiled_first_n_rows_per_record_type
irs527_full_data_record_A_contribution,pos_5,yes,contributor_name,irs527_contributions.contributor_name,yes,webapp/routes/irs527.py; scripts/build_triple_pipeline.py,,,Keep mapped; enforce positional schema checks in CI.,1,yes,0.0,National Education Association | Hawaii State Teachers Association | HAWAII STATE TEACHERS ASSOCIATION,Bulk_download/IRS_data/var/IRS/data/scripts/pofd/download/FullDataFile.txt,full_file_record_type_scan_profiled_first_n_rows_per_record_type
irs527_full_data_record_A_contribution,pos_6,yes,contributor_address,irs527_contributions.contributor_address,yes,webapp/routes/irs527.py; scripts/build_triple_pipeline.py,,,Keep mapped; enforce positional schema checks in CI.,1,yes,4e-05,"1201 16th Street, NW | 1200 ALA KAPUNA STREET | 445 North Wymore Road",Bulk_download/IRS_data/var/IRS/data/scripts/pofd/download/FullDataFile.txt,full_file_record_type_scan_profiled_first_n_rows_per_record_type
irs527_full_data_record_A_contribution,pos_7,yes,contributor_address_2,irs527_contributions.contributor_address_2,yes,webapp/routes/irs527.py; scripts/build_triple_pipeline.py,,,Keep mapped; enforce positional schema checks in CI.,1,yes,0.85874,BOX 45 | Box 45 | Suite 100,Bulk_download/IRS_data/var/IRS/data/scripts/pofd/download/FullDataFile.txt,full_file_record_type_scan_profiled_first_n_rows_per_record_type
irs527_full_data_record_A_contribution,pos_8,yes,city,irs527_contributions.city,yes,webapp/routes/irs527.py; scripts/build_triple_pipeline.py,,,Keep mapped; enforce positional schema checks in CI.,1,yes,0.0,Washington | HONOLULU | Winter Park,Bulk_download/IRS_data/var/IRS/data/scripts/pofd/download/FullDataFile.txt,full_file_record_type_scan_profiled_first_n_rows_per_record_type
irs527_full_data_record_A_contribution,pos_9,yes,state,irs527_contributions.state,yes,webapp/routes/irs527.py; scripts/build_triple_pipeline.py,,,Keep mapped; enforce positional schema checks in CI.,1,yes,0.0,DC | HI | FL,Bulk_download/IRS_data/var/IRS/data/scripts/pofd/download/FullDataFile.txt,full_file_record_type_scan_profiled_first_n_rows_per_record_type
irs527_full_data_record_A_contribution,pos_10,yes,zip,irs527_contributions.zip,yes,webapp/routes/irs527.py; scripts/build_triple_pipeline.py,,,Keep mapped; enforce positional schema checks in CI.,1,yes,0.0,20036 | 96819 | 32789,Bulk_download/IRS_data/var/IRS/data/scripts/pofd/download/FullDataFile.txt,full_file_record_type_scan_profiled_first_n_rows_per_record_type
irs527_full_data_record_A_contribution,pos_11,yes,zip_ext,irs527_contributions.zip_ext,yes,webapp/routes/irs527.py; scripts/build_triple_pipeline.py,,,Keep mapped; enforce positional schema checks in CI.,1,yes,0.76822,3290 | 1522 | 0000,Bulk_download/IRS_data/var/IRS/data/scripts/pofd/download/FullDataFile.txt,full_file_record_type_scan_profiled_first_n_rows_per_record_type
irs527_full_data_record_A_contribution,pos_12,yes,contributor_employer,irs527_contributions.contributor_employer,yes,webapp/routes/irs527.py; scripts/build_triple_pipeline.py,,,Keep mapped; enforce positional schema checks in CI.,1,yes,0.0,n/a | N/A | Same,Bulk_download/IRS_data/var/IRS/data/scripts/pofd/download/FullDataFile.txt,full_file_record_type_scan_profiled_first_n_rows_per_record_type
irs527_full_data_record_A_contribution,pos_13,yes,amount,irs527_contributions.amount,yes,webapp/routes/irs527.py; scripts/build_triple_pipeline.py,,,Keep mapped; enforce positional schema checks in CI.,1,yes,0.0,5000 | 15083 | 15301,Bulk_download/IRS_data/var/IRS/data/scripts/pofd/download/FullDataFile.txt,full_file_record_type_scan_profiled_first_n_rows_per_record_type
irs527_full_data_record_A_contribution,pos_14,yes,contributor_occupation,irs527_contributions.contributor_occupation,yes,webapp/routes/irs527.py; scripts/build_triple_pipeline.py,,,Keep mapped; enforce positional schema checks in CI.,1,yes,0.0,n/a | N/A | Trade Association,Bulk_download/IRS_data/var/IRS/data/scripts/pofd/download/FullDataFile.txt,full_file_record_type_scan_profiled_first_n_rows_per_record_type
irs527_full_data_record_A_contribution,pos_15,yes,date,irs527_contributions.date,yes,webapp/routes/irs527.py; scripts/build_triple_pipeline.py,,,Keep mapped; enforce positional schema checks in CI.,1,yes,0.0,5000 | 92298 | 77215,Bulk_download/IRS_data/var/IRS/data/scripts/pofd/download/FullDataFile.txt,full_file_record_type_scan_profiled_first_n_rows_per_record_type
irs527_full_data_record_A_contribution,pos_16,no,,,no,,database/irs527_loader.py:234,explicitly excluded (parser never references this position),Review IRS layout and map needed positions explicitly.,1,yes,0.33108,20030214 | 20030630 | 20030531,Bulk_download/IRS_data/var/IRS/data/scripts/pofd/download/FullDataFile.txt,full_file_record_type_scan_profiled_first_n_rows_per_record_type
irs527_full_data_record_A_contribution,pos_17,no,,,no,,database/irs527_loader.py:234,explicitly excluded (parser never references this position),Review IRS layout and map needed positions explicitly.,1,yes,1.0,,Bulk_download/IRS_data/var/IRS/data/scripts/pofd/download/FullDataFile.txt,full_file_record_type_scan_profiled_first_n_rows_per_record_type
irs527_full_data_record_B_expenditure,pos_1,yes,form_id,irs527_expenditures.form_id,yes,webapp/routes/irs527.py; database/cross_matching.py,,,Keep mapped; enforce positional schema checks in CI.,1,yes,0.0,9555268 | 9556563 | 9558209,Bulk_download/IRS_data/var/IRS/data/scripts/pofd/download/FullDataFile.txt,full_file_record_type_scan_profiled_first_n_rows_per_record_type
irs527_full_data_record_B_expenditure,pos_2,no,,,no,,database/irs527_loader.py:259,explicitly excluded (parser never references this position),Review IRS layout and map needed positions explicitly.,1,yes,0.0,38295 | 71358 | 71359,Bulk_download/IRS_data/var/IRS/data/scripts/pofd/download/FullDataFile.txt,full_file_record_type_scan_profiled_first_n_rows_per_record_type
irs527_full_data_record_B_expenditure,pos_3,yes,org_name,irs527_expenditures.org_name,yes,webapp/routes/irs527.py; database/cross_matching.py,,,Keep mapped; enforce positional schema checks in CI.,1,yes,0.0,HAWAII STATE TEACHERS ASSOCIATION POLITICAL ACTION COMMITTEE | NATPAC | UP POWER A WPS RESOURCES PAC,Bulk_download/IRS_data/var/IRS/data/scripts/pofd/download/FullDataFile.txt,full_file_record_type_scan_profiled_first_n_rows_per_record_type
irs527_full_data_record_B_expenditure,pos_4,yes,ein,irs527_expenditures.ein,yes,webapp/routes/irs527.py; database/cross_matching.py,,,Keep mapped; enforce positional schema checks in CI.,1,yes,0.0,521073928 | 593729315 | 392037087,Bulk_download/IRS_data/var/IRS/data/scripts/pofd/download/FullDataFile.txt,full_file_record_type_scan_profiled_first_n_rows_per_record_type
irs527_full_data_record_B_expenditure,pos_5,yes,recipient_name,irs527_expenditures.recipient_name,yes,webapp/routes/irs527.py; database/cross_matching.py,,,Keep mapped; enforce positional schema checks in CI.,1,yes,0.0,Hawaii Republican Party | GOP HOUSE PAC | CITIZENS FOR RESPONSIVE GOVERNMENT,Bulk_download/IRS_data/var/IRS/data/scripts/pofd/download/FullDataFile.txt,full_file_record_type_scan_profiled_first_n_rows_per_record_type
irs527_full_data_record_B_expenditure,pos_6,yes,recipient_address,irs527_expenditures.recipient_address,yes,webapp/routes/irs527.py; database/cross_matching.py,,,Keep mapped; enforce positional schema checks in CI.,1,yes,0.00022,725 Kapiolani Blvd. | CARE OF - | 770 KAPIOLANI BLVD,Bulk_download/IRS_data/var/IRS/data/scripts/pofd/download/FullDataFile.txt,full_file_record_type_scan_profiled_first_n_rows_per_record_type
irs527_full_data_record_B_expenditure,pos_7,yes,recipient_address_2,irs527_expenditures.recipient_address_2,yes,webapp/routes/irs527.py; database/cross_matching.py,,,Keep mapped; enforce positional schema checks in CI.,1,yes,0.87954,C105 | 2650 PACIFIC HEIGHTS RD | STE 505,Bulk_download/IRS_data/var/IRS/data/scripts/pofd/download/FullDataFile.txt,full_file_record_type_scan_profiled_first_n_rows_per_record_type
irs527_full_data_record_B_expenditure,pos_8,yes,city,irs527_expenditures.city,yes,webapp/routes/irs527.py; database/cross_matching.py,,,Keep mapped; enforce positional schema checks in CI.,1,yes,0.0,Honolulu | HONOLULU | KANEOHE,Bulk_download/IRS_data/var/IRS/data/scripts/pofd/download/FullDataFile.txt,full_file_record_type_scan_profiled_first_n_rows_per_record_type
irs527_full_data_record_B_expenditure,pos_9,yes,state,irs527_expenditures.state,yes,webapp/routes/irs527.py; database/cross_matching.py,,,Keep mapped; enforce positional schema checks in CI.,1,yes,0.0,HI | FL | MI,Bulk_download/IRS_data/var/IRS/data/scripts/pofd/download/FullDataFile.txt,full_file_record_type_scan_profiled_first_n_rows_per_record_type
irs527_full_data_record_B_expenditure,pos_10,yes,zip,irs527_expenditures.zip,yes,webapp/routes/irs527.py; database/cross_matching.py,,,Keep mapped; enforce positional schema checks in CI.,1,yes,0.0,96813 | 96819 | 96744,Bulk_download/IRS_data/var/IRS/data/scripts/pofd/download/FullDataFile.txt,full_file_record_type_scan_profiled_first_n_rows_per_record_type
irs527_full_data_record_B_expenditure,pos_11,yes,zip_ext,irs527_expenditures.zip_ext,yes,webapp/routes/irs527.py; database/cross_matching.py,,,Keep mapped; enforce positional schema checks in CI.,1,yes,0.93334,3031 | 1522 | 9267,Bulk_download/IRS_data/var/IRS/data/scripts/pofd/download/FullDataFile.txt,full_file_record_type_scan_profiled_first_n_rows_per_record_type
irs527_full_data_record_B_expenditure,pos_12,yes,recipient_employer,irs527_expenditures.recipient_employer,yes,webapp/routes/irs527.py; database/cross_matching.py,,,Keep mapped; enforce positional schema checks in CI.,1,yes,0.0,n/a | N/A | SELF EMPLOYED,Bulk_download/IRS_data/var/IRS/data/scripts/pofd/download/FullDataFile.txt,full_file_record_type_scan_profiled_first_n_rows_per_record_type
irs527_full_data_record_B_expenditure,pos_13,yes,amount,irs527_expenditures.amount,yes,webapp/routes/irs527.py; database/cross_matching.py,,,Keep mapped; enforce positional schema checks in CI.,1,yes,0.0,500 | 750 | 400,Bulk_download/IRS_data/var/IRS/data/scripts/pofd/download/FullDataFile.txt,full_file_record_type_scan_profiled_first_n_rows_per_record_type
irs527_full_data_record_B_expenditure,pos_14,yes,recipient_occupation,irs527_expenditures.recipient_occupation,yes,webapp/routes/irs527.py; database/cross_matching.py,,,Keep mapped; enforce positional schema checks in CI.,1,yes,0.0,n/a | N/A | POLITICIAN,Bulk_download/IRS_data/var/IRS/data/scripts/pofd/download/FullDataFile.txt,full_file_record_type_scan_profiled_first_n_rows_per_record_type
irs527_full_data_record_B_expenditure,pos_15,yes,date,irs527_expenditures.date,yes,webapp/routes/irs527.py; database/cross_matching.py,,,Keep mapped; enforce positional schema checks in CI.,1,yes,0.30686,20030430 | 20030911 | 20031218,Bulk_download/IRS_data/var/IRS/data/scripts/pofd/download/FullDataFile.txt,full_file_record_type_scan_profiled_first_n_rows_per_record_type
irs527_full_data_record_B_expenditure,pos_16,yes,purpose,irs527_expenditures.purpose,yes,webapp/routes/irs527.py; database/cross_matching.py,,,Keep mapped; enforce positional schema checks in CI.,1,yes,0.30688,Contribution | REPUBLICAN FUNDRAISER | DEMOCRATIC FUNDRAISER,Bulk_download/IRS_data/var/IRS/data/scripts/pofd/download/FullDataFile.txt,full_file_record_type_scan_profiled_first_n_rows_per_record_type
irs527_full_data_record_B_expenditure,pos_17,no,,,no,,database/irs527_loader.py:259,explicitly excluded (parser never references this position),Review IRS layout and map needed positions explicitly.,1,yes,1.0,,Bulk_download/IRS_data/var/IRS/data/scripts/pofd/download/FullDataFile.txt,full_file_record_type_scan_profiled_first_n_rows_per_record_type
irs527_full_data_record_D_director,pos_1,yes,form_id,irs527_directors.form_id,yes,webapp/routes/irs527.py; database/cross_matching.py,,,Keep mapped; enforce positional schema checks in CI.,1,yes,0.0,8 | 9 | 10,Bulk_download/IRS_data/var/IRS/data/scripts/pofd/download/FullDataFile.txt,full_file_record_type_scan_profiled_first_n_rows_per_record_type
irs527_full_data_record_D_director,pos_2,no,,,no,,database/irs527_loader.py:190,explicitly excluded (parser never references this position),Review IRS layout and map needed positions explicitly.,1,yes,0.0,26174 | 269 | 270,Bulk_download/IRS_data/var/IRS/data/scripts/pofd/download/FullDataFile.txt,full_file_record_type_scan_profiled_first_n_rows_per_record_type
irs527_full_data_record_D_director,pos_3,yes,org_name,irs527_directors.org_name,yes,webapp/routes/irs527.py; database/cross_matching.py,,,Keep mapped; enforce positional schema checks in CI.,1,yes,0.0,Dan Swecker for Senate Campaign | FRIENDS OF TOM CALDERON | ASGM PAC,Bulk_download/IRS_data/var/IRS/data/scripts/pofd/download/FullDataFile.txt,full_file_record_type_scan_profiled_first_n_rows_per_record_type
irs527_full_data_record_D_director,pos_4,yes,ein,irs527_directors.ein,yes,webapp/routes/irs527.py; database/cross_matching.py,,,Keep mapped; enforce positional schema checks in CI.,1,yes,0.0,912121950 | 954857244 | 061596525,Bulk_download/IRS_data/var/IRS/data/scripts/pofd/download/FullDataFile.txt,full_file_record_type_scan_profiled_first_n_rows_per_record_type
irs527_full_data_record_D_director,pos_5,yes,person_name,irs527_directors.person_name,yes,webapp/routes/irs527.py; database/cross_matching.py,,,Keep mapped; enforce positional schema checks in CI.,1,yes,0.0,Dan Swecker | THOMAS M. CALDERON | YOLANDA MIRAND,Bulk_download/IRS_data/var/IRS/data/scripts/pofd/download/FullDataFile.txt,full_file_record_type_scan_profiled_first_n_rows_per_record_type
irs527_full_data_record_D_director,pos_6,yes,title,irs527_directors.title,yes,webapp/routes/irs527.py; database/cross_matching.py,,,Keep mapped; enforce positional schema checks in CI.,1,yes,2e-05,Candidate | CANDIDATE | TREASURER,Bulk_download/IRS_data/var/IRS/data/scripts/pofd/download/FullDataFile.txt,full_file_record_type_scan_profiled_first_n_rows_per_record_type
irs527_full_data_record_D_director,pos_7,yes,address_1,irs527_directors.address_1,yes,webapp/routes/irs527.py; database/cross_matching.py,,,Keep mapped; enforce positional schema checks in CI.,1,yes,0.00014,10420 - 173rd Ave. SW | 412 N. 10TH STREET | 728 W. EDNA PLACE,Bulk_download/IRS_data/var/IRS/data/scripts/pofd/download/FullDataFile.txt,full_file_record_type_scan_profiled_first_n_rows_per_record_type
irs527_full_data_record_D_director,pos_8,yes,address_2,irs527_directors.address_2,yes,webapp/routes/irs527.py; database/cross_matching.py,,,Keep mapped; enforce positional schema checks in CI.,1,yes,0.80148,125 MAIDEN LANE | 11 BEECH STREET | 550 MAMARONECK AV-STE 405,Bulk_download/IRS_data/var/IRS/data/scripts/pofd/download/FullDataFile.txt,full_file_record_type_scan_profiled_first_n_rows_per_record_type
irs527_full_data_record_D_director,pos_9,yes,city,irs527_directors.city,yes,webapp/routes/irs527.py; database/cross_matching.py,,,Keep mapped; enforce positional schema checks in CI.,1,yes,0.0,Rochester | MONTEBELLO | COVINA,Bulk_download/IRS_data/var/IRS/data/scripts/pofd/download/FullDataFile.txt,full_file_record_type_scan_profiled_first_n_rows_per_record_type
irs527_full_data_record_D_director,pos_10,yes,state,irs527_directors.state,yes,webapp/routes/irs527.py; database/cross_matching.py,,,Keep mapped; enforce positional schema checks in CI.,1,yes,0.0,WA | CA | NY,Bulk_download/IRS_data/var/IRS/data/scripts/pofd/download/FullDataFile.txt,full_file_record_type_scan_profiled_first_n_rows_per_record_type
irs527_full_data_record_D_director,pos_11,yes,zip,irs527_directors.zip,yes,webapp/routes/irs527.py; database/cross_matching.py,,,Keep mapped; enforce positional schema checks in CI.,1,yes,0.0,98579 | 90640 | 91722,Bulk_download/IRS_data/var/IRS/data/scripts/pofd/download/FullDataFile.txt,full_file_record_type_scan_profiled_first_n_rows_per_record_type
irs527_full_data_record_D_director,pos_12,yes,zip_ext,irs527_directors.zip_ext,yes,webapp/routes/irs527.py; database/cross_matching.py,,,Keep mapped; enforce positional schema checks in CI.,1,yes,0.83936,0601 | 0806 | 5457,Bulk_download/IRS_data/var/IRS/data/scripts/pofd/download/FullDataFile.txt,full_file_record_type_scan_profiled_first_n_rows_per_record_type
irs527_full_data_record_D_director,pos_13,no,,,no,,database/irs527_loader.py:190,explicitly excluded (parser never references this position),Review IRS layout and map needed positions explicitly.,1,yes,1.0,,Bulk_download/IRS_data/var/IRS/data/scripts/pofd/download/FullDataFile.txt,full_file_record_type_scan_profiled_first_n_rows_per_record_type
irs527_full_data_record_E_election_authority,pos_1,yes,form_id,irs527_election_authority.form_id,yes,database/irs527_loader.py,,,Keep mapped; enforce positional schema checks in CI.,1,yes,0.0,9555171 | 9555173 | 9555181,Bulk_download/IRS_data/var/IRS/data/scripts/pofd/download/FullDataFile.txt,full_file_record_type_scan_profiled_first_n_rows_per_record_type
irs527_full_data_record_E_election_authority,pos_2,yes,election_authority_id,irs527_election_authority.election_authority_id,yes,database/irs527_loader.py,,,Keep mapped; enforce positional schema checks in CI.,1,yes,0.0,1365 | 2 | 3,Bulk_download/IRS_data/var/IRS/data/scripts/pofd/download/FullDataFile.txt,full_file_record_type_scan_profiled_first_n_rows_per_record_type
irs527_full_data_record_E_election_authority,pos_3,yes,state,irs527_election_authority.state,yes,database/irs527_loader.py,,,Keep mapped; enforce positional schema checks in CI.,1,yes,0.0,01945 | 00136142-50 | 34541,Bulk_download/IRS_data/var/IRS/data/scripts/pofd/download/FullDataFile.txt,full_file_record_type_scan_profiled_first_n_rows_per_record_type
irs527_full_data_record_E_election_authority,pos_4,no,,,no,,database/irs527_loader.py:285,explicitly excluded (parser never references this position),Review IRS layout and map needed positions explicitly.,1,yes,0.0,FL | MI | NY,Bulk_download/IRS_data/var/IRS/data/scripts/pofd/download/FullDataFile.txt,full_file_record_type_scan_profiled_first_n_rows_per_record_type
irs527_full_data_record_E_election_authority,pos_5,no,,,no,,database/irs527_loader.py:285,explicitly excluded (parser never references this position),Review IRS layout and map needed positions explicitly.,1,yes,1.0,,Bulk_download/IRS_data/var/IRS/data/scripts/pofd/download/FullDataFile.txt,full_file_record_type_scan_profiled_first_n_rows_per_record_type
irs527_full_data_record_H_header,pos_1,yes,,,no,,database/irs527_loader.py:562,always-null/meaningless for core model (header parsed for stats only),Persist header metadata to an audit table if needed for provenance.,1,yes,0.0,20260208,Bulk_download/IRS_data/var/IRS/data/scripts/pofd/download/FullDataFile.txt,full_file_record_type_scan_profiled_first_n_rows_per_record_type
irs527_full_data_record_H_header,pos_2,yes,,,no,,database/irs527_loader.py:562,always-null/meaningless for core model (header parsed for stats only),Persist header metadata to an audit table if needed for provenance.,1,yes,0.0,0641,Bulk_download/IRS_data/var/IRS/data/scripts/pofd/download/FullDataFile.txt,full_file_record_type_scan_profiled_first_n_rows_per_record_type
irs527_full_data_record_H_header,pos_3,yes,,,no,,database/irs527_loader.py:562,always-null/meaningless for core model (header parsed for stats only),Persist header metadata to an audit table if needed for provenance.,1,yes,0.0,F,Bulk_download/IRS_data/var/IRS/data/scripts/pofd/download/FullDataFile.txt,full_file_record_type_scan_profiled_first_n_rows_per_record_type
irs527_full_data_record_H_header,pos_4,no,,,no,,database/irs527_loader.py:64,never read,Add explicit mapping or mark intentional denylist with rationale.,1,yes,1.0,,Bulk_download/IRS_data/var/IRS/data/scripts/pofd/download/FullDataFile.txt,full_file_record_type_scan_profiled_first_n_rows_per_record_type
irs527_full_data_record_R_related_org,pos_1,yes,form_id,irs527_related_orgs.form_id,yes,webapp/routes/irs527.py,,,Keep mapped; enforce positional schema checks in CI.,1,yes,0.0,10 | 25 | 31,Bulk_download/IRS_data/var/IRS/data/scripts/pofd/download/FullDataFile.txt,full_file_record_type_scan_profiled_first_n_rows_per_record_type
irs527_full_data_record_R_related_org,pos_2,no,,,no,,database/irs527_loader.py:212,explicitly excluded (parser never references this position),Review IRS layout and map needed positions explicitly.,1,yes,0.0,5 | 7 | 8,Bulk_download/IRS_data/var/IRS/data/scripts/pofd/download/FullDataFile.txt,full_file_record_type_scan_profiled_first_n_rows_per_record_type
irs527_full_data_record_R_related_org,pos_3,yes,org_name,irs527_related_orgs.org_name,yes,webapp/routes/irs527.py,,,Keep mapped; enforce positional schema checks in CI.,1,yes,0.0,ASGM PAC | Brookhaven Town Republican Pre-Primary Committee | BLUE DOG NON-FEDERAL PAC,Bulk_download/IRS_data/var/IRS/data/scripts/pofd/download/FullDataFile.txt,full_file_record_type_scan_profiled_first_n_rows_per_record_type
irs527_full_data_record_R_related_org,pos_4,yes,ein,irs527_related_orgs.ein,yes,webapp/routes/irs527.py,,,Keep mapped; enforce positional schema checks in CI.,1,yes,0.0,061596525 | 112794844 | 522316473,Bulk_download/IRS_data/var/IRS/data/scripts/pofd/download/FullDataFile.txt,full_file_record_type_scan_profiled_first_n_rows_per_record_type
irs527_full_data_record_R_related_org,pos_5,yes,related_org_name,irs527_related_orgs.related_org_name,yes,webapp/routes/irs527.py,,,Keep mapped; enforce positional schema checks in CI.,1,yes,0.0,ASSOCIATION OF SAFETY GROUPS | Brookhaven Town Republican Committee | Blue Dog Political Action Committee,Bulk_download/IRS_data/var/IRS/data/scripts/pofd/download/FullDataFile.txt,full_file_record_type_scan_profiled_first_n_rows_per_record_type
irs527_full_data_record_R_related_org,pos_6,yes,relationship_type,irs527_related_orgs.relationship_type,yes,webapp/routes/irs527.py,,,Keep mapped; enforce positional schema checks in CI.,1,yes,0.0,Connected | Federal Account | Self,Bulk_download/IRS_data/var/IRS/data/scripts/pofd/download/FullDataFile.txt,full_file_record_type_scan_profiled_first_n_rows_per_record_type
irs527_full_data_record_R_related_org,pos_7,yes,address_1,irs527_related_orgs.address_1,yes,webapp/routes/irs527.py,,,Keep mapped; enforce positional schema checks in CI.,1,yes,4e-05,WILLIAM S WEBB CO INC | 1717 N. Ocean Avenue | P.O. Box 7668,Bulk_download/IRS_data/var/IRS/data/scripts/pofd/download/FullDataFile.txt,full_file_record_type_scan_profiled_first_n_rows_per_record_type
irs527_full_data_record_R_related_org,pos_8,yes,address_2,irs527_related_orgs.address_2,yes,webapp/routes/irs527.py,,,Keep mapped; enforce positional schema checks in CI.,1,yes,0.82102,377 OAK ST - CS0601 | 1100 | R-300,Bulk_download/IRS_data/var/IRS/data/scripts/pofd/download/FullDataFile.txt,full_file_record_type_scan_profiled_first_n_rows_per_record_type
irs527_full_data_record_R_related_org,pos_9,yes,city,irs527_related_orgs.city,yes,webapp/routes/irs527.py,,,Keep mapped; enforce positional schema checks in CI.,1,yes,2e-05,GARDEN CITY | Medford | Washington,Bulk_download/IRS_data/var/IRS/data/scripts/pofd/download/FullDataFile.txt,full_file_record_type_scan_profiled_first_n_rows_per_record_type
irs527_full_data_record_R_related_org,pos_10,yes,state,irs527_related_orgs.state,yes,webapp/routes/irs527.py,,,Keep mapped; enforce positional schema checks in CI.,1,yes,0.0,NY | DC | MO,Bulk_download/IRS_data/var/IRS/data/scripts/pofd/download/FullDataFile.txt,full_file_record_type_scan_profiled_first_n_rows_per_record_type
irs527_full_data_record_R_related_org,pos_11,yes,zip,irs527_related_orgs.zip,yes,webapp/routes/irs527.py,,,Keep mapped; enforce positional schema checks in CI.,1,yes,0.0,11530 | 11763 | 20044,Bulk_download/IRS_data/var/IRS/data/scripts/pofd/download/FullDataFile.txt,full_file_record_type_scan_profiled_first_n_rows_per_record_type
irs527_full_data_record_R_related_org,pos_12,yes,zip_ext,irs527_related_orgs.zip_ext,yes,webapp/routes/irs527.py,,,Keep mapped; enforce positional schema checks in CI.,1,yes,0.6848,0601 | 2343 | 1845,Bulk_download/IRS_data/var/IRS/data/scripts/pofd/download/FullDataFile.txt,full_file_record_type_scan_profiled_first_n_rows_per_record_type
irs527_full_data_record_R_related_org,pos_13,no,,,no,,database/irs527_loader.py:212,explicitly excluded (parser never references this position),Review IRS layout and map needed positions explicitly.,1,yes,1.0,,Bulk_download/IRS_data/var/IRS/data/scripts/pofd/download/FullDataFile.txt,full_file_record_type_scan_profiled_first_n_rows_per_record_type
irs527_full_data_record_UNKNOWN,pos_1,no,,,no,,database/irs527_loader.py:651,unknown/bug (unrecognized record type treated as malformed),Persist unknown record types to quarantine table for review.,1,yes,0.890931,20130306 | 20130116 | 20130320,Bulk_download/IRS_data/var/IRS/data/scripts/pofd/download/FullDataFile.txt,full_file_record_type_scan_profiled_first_n_rows_per_record_type
irs527_full_data_record_UNKNOWN,pos_2,no,,,no,,database/irs527_loader.py:651,unknown/bug (unrecognized record type treated as malformed),Persist unknown record types to quarantine table for review.,1,yes,0.806027,2013-03-06 16:32:00 | 2013-03-18 11:11:29 | 2013-03-20 14:49:05,Bulk_download/IRS_data/var/IRS/data/scripts/pofd/download/FullDataFile.txt,full_file_record_type_scan_profiled_first_n_rows_per_record_type
irs527_full_data_record_UNKNOWN,pos_3,no,,,no,,database/irs527_loader.py:651,unknown/bug (unrecognized record type treated as malformed),Persist unknown record types to quarantine table for review.,1,yes,0.810319,1 | 0 | 775,Bulk_download/IRS_data/var/IRS/data/scripts/pofd/download/FullDataFile.txt,full_file_record_type_scan_profiled_first_n_rows_per_record_type
irs527_full_data_record_UNKNOWN,pos_4,no,,,no,,database/irs527_loader.py:651,unknown/bug (unrecognized record type treated as malformed),Persist unknown record types to quarantine table for review.,1,yes,0.811159,1 | 0 | 20091019,Bulk_download/IRS_data/var/IRS/data/scripts/pofd/download/FullDataFile.txt,full_file_record_type_scan_profiled_first_n_rows_per_record_type
irs527_full_data_record_UNKNOWN,pos_5,no,,,no,,database/irs527_loader.py:651,unknown/bug (unrecognized record type treated as malformed),Persist unknown record types to quarantine table for review.,1,yes,0.99916,"N/A | WESTERN REFINING, INC. | RETIRED",Bulk_download/IRS_data/var/IRS/data/scripts/pofd/download/FullDataFile.txt,full_file_record_type_scan_profiled_first_n_rows_per_record_type
irs527_full_data_record_UNKNOWN,pos_6,no,,,no,,database/irs527_loader.py:651,unknown/bug (unrecognized record type treated as malformed),Persist unknown record types to quarantine table for review.,1,yes,0.91379,N/A | Brian Sims | STATE OF ARKANSAS,Bulk_download/IRS_data/var/IRS/data/scripts/pofd/download/FullDataFile.txt,full_file_record_type_scan_profiled_first_n_rows_per_record_type
irs527_full_data_record_UNKNOWN,pos_7,no,,,no,,database/irs527_loader.py:651,unknown/bug (unrecognized record type treated as malformed),Persist unknown record types to quarantine table for review.,1,yes,0.913697,10 | 3973 | 195,Bulk_download/IRS_data/var/IRS/data/scripts/pofd/download/FullDataFile.txt,full_file_record_type_scan_profiled_first_n_rows_per_record_type
irs527_full_data_record_UNKNOWN,pos_8,no,,,no,,database/irs527_loader.py:651,unknown/bug (unrecognized record type treated as malformed),Persist unknown record types to quarantine table for review.,1,yes,0.913697,N/A | Chief of Staff | DEPUTY DIRECTOR OF LEGISLATIVE AFFAIRS,Bulk_download/IRS_data/var/IRS/data/scripts/pofd/download/FullDataFile.txt,full_file_record_type_scan_profiled_first_n_rows_per_record_type
irs527_full_data_record_UNKNOWN,pos_9,no,,,no,,database/irs527_loader.py:651,unknown/bug (unrecognized record type treated as malformed),Persist unknown record types to quarantine table for review.,1,yes,0.913697,20150130 | 20150617 | 20150108,Bulk_download/IRS_data/var/IRS/data/scripts/pofd/download/FullDataFile.txt,full_file_record_type_scan_profiled_first_n_rows_per_record_type
irs527_full_data_record_UNKNOWN,pos_10,no,,,no,,database/irs527_loader.py:651,unknown/bug (unrecognized record type treated as malformed),Persist unknown record types to quarantine table for review.,1,yes,0.914443,"AMEX/TRAVEL | REIMBURSEMENT; METRO, TRAVEL | INSURANCE",Bulk_download/IRS_data/var/IRS/data/scripts/pofd/download/FullDataFile.txt,full_file_record_type_scan_profiled_first_n_rows_per_record_type
irs527_full_data_record_UNKNOWN,pos_11,no,,,no,,database/irs527_loader.py:651,unknown/bug (unrecognized record type treated as malformed),Persist unknown record types to quarantine table for review.,1,yes,0.999907,Political contribution,Bulk_download/IRS_data/var/IRS/data/scripts/pofd/download/FullDataFile.txt,full_file_record_type_scan_profiled_first_n_rows_per_record_type
irs527_full_data_record_UNKNOWN,pos_12,no,,,no,,database/irs527_loader.py:651,unknown/bug (unrecognized record type treated as malformed),Persist unknown record types to quarantine table for review.,1,yes,1.0,,Bulk_download/IRS_data/var/IRS/data/scripts/pofd/download/FullDataFile.txt,full_file_record_type_scan_profiled_first_n_rows_per_record_type
fec_api_schedule_a_json,amendment_indicator,yes,,raw_extractions.payload_json,no,,database/federal_fec.py:1173,explicitly excluded (not projected into structured FEC table),"Add explicit projection mapping if this key is needed downstream, or document intentional exclusion.",1249,no,0.0,A | N | C,raw_extractions:fec_api:schedules_schedule_a:f13d47ec7c4732c98634b886fd9979289d42d0d1; raw_extractions:fec_api:schedules_schedule_a:98e38b95be9eb31749a3ff52d676d0078676e4d1; raw_extractions:fec_api:schedules_schedule_a:820ee583d6f695a607715fde9236a00e6fc10d61; raw_extractions:fec_api:schedules_schedule_a:2d89850b7d91c9f74db2196f1a07860219e324cf; raw_extractions:fec_api:schedules_schedule_a:440608d0054e46e524ef222748e33c225959c381; raw_extractions:fec_api:schedules_schedule_a:0dbf760a699f91678d9afe0d73835c1ed5efb6b4; raw_extractions:fec_api:schedules_schedule_a:e8bf15e5d29b8fb902a0d383784faa35bd40b3b3; raw_extractions:fec_api:schedules_schedule_a:7e9fecf8d677dc328747fd881afe7f57f6ae2bd0; raw_extractions:fec_api:schedules_schedule_a:a148b4961f4f49fb7b86040027d229540bc1a5d1; raw_extractions:fec_api:schedules_schedule_a:7e66a0eb5ea53b7415394e0025be3f5932b83d09; raw_extractions:fec_api:schedules_schedule_a:bdf26447deaabefd4d04f09125246d74cbae534a; raw_extractions:fec_api:schedules_schedule_a:787025dfaa9b8d636d3580a996170cbef1ecdc2c; ... (+1673 more),raw_extractions_payload_scan_union_all_payloads_profiled_first_n_rows_across_feed
fec_api_schedule_a_json,amendment_indicator_desc,yes,,raw_extractions.payload_json,no,,database/federal_fec.py:1173,explicitly excluded (not projected into structured FEC table),"Add explicit projection mapping if this key is needed downstream, or document intentional exclusion.",1249,no,0.0,ADD | NO CHANGE | CHANGE,raw_extractions:fec_api:schedules_schedule_a:f13d47ec7c4732c98634b886fd9979289d42d0d1; raw_extractions:fec_api:schedules_schedule_a:98e38b95be9eb31749a3ff52d676d0078676e4d1; raw_extractions:fec_api:schedules_schedule_a:820ee583d6f695a607715fde9236a00e6fc10d61; raw_extractions:fec_api:schedules_schedule_a:2d89850b7d91c9f74db2196f1a07860219e324cf; raw_extractions:fec_api:schedules_schedule_a:440608d0054e46e524ef222748e33c225959c381; raw_extractions:fec_api:schedules_schedule_a:0dbf760a699f91678d9afe0d73835c1ed5efb6b4; raw_extractions:fec_api:schedules_schedule_a:e8bf15e5d29b8fb902a0d383784faa35bd40b3b3; raw_extractions:fec_api:schedules_schedule_a:7e9fecf8d677dc328747fd881afe7f57f6ae2bd0; raw_extractions:fec_api:schedules_schedule_a:a148b4961f4f49fb7b86040027d229540bc1a5d1; raw_extractions:fec_api:schedules_schedule_a:7e66a0eb5ea53b7415394e0025be3f5932b83d09; raw_extractions:fec_api:schedules_schedule_a:bdf26447deaabefd4d04f09125246d74cbae534a; raw_extractions:fec_api:schedules_schedule_a:787025dfaa9b8d636d3580a996170cbef1ecdc2c; ... (+1673 more),raw_extractions_payload_scan_union_all_payloads_profiled_first_n_rows_across_feed
fec_api_schedule_a_json,back_reference_schedule_name,yes,,raw_extractions.payload_json,no,,database/federal_fec.py:1173,explicitly excluded (not projected into structured FEC table),"Add explicit projection mapping if this key is needed downstream, or document intentional exclusion.",1249,no,0.58734,SA11AI | SA11D | SA12,raw_extractions:fec_api:schedules_schedule_a:f13d47ec7c4732c98634b886fd9979289d42d0d1; raw_extractions:fec_api:schedules_schedule_a:98e38b95be9eb31749a3ff52d676d0078676e4d1; raw_extractions:fec_api:schedules_schedule_a:820ee583d6f695a607715fde9236a00e6fc10d61; raw_extractions:fec_api:schedules_schedule_a:2d89850b7d91c9f74db2196f1a07860219e324cf; raw_extractions:fec_api:schedules_schedule_a:440608d0054e46e524ef222748e33c225959c381; raw_extractions:fec_api:schedules_schedule_a:0dbf760a699f91678d9afe0d73835c1ed5efb6b4; raw_extractions:fec_api:schedules_schedule_a:e8bf15e5d29b8fb902a0d383784faa35bd40b3b3; raw_extractions:fec_api:schedules_schedule_a:7e9fecf8d677dc328747fd881afe7f57f6ae2bd0; raw_extractions:fec_api:schedules_schedule_a:a148b4961f4f49fb7b86040027d229540bc1a5d1; raw_extractions:fec_api:schedules_schedule_a:7e66a0eb5ea53b7415394e0025be3f5932b83d09; raw_extractions:fec_api:schedules_schedule_a:bdf26447deaabefd4d04f09125246d74cbae534a; raw_extractions:fec_api:schedules_schedule_a:787025dfaa9b8d636d3580a996170cbef1ecdc2c; ... (+1673 more),raw_extractions_payload_scan_union_all_payloads_profiled_first_n_rows_across_feed
fec_api_schedule_a_json,back_reference_transaction_id,yes,,raw_extractions.payload_json,no,,database/federal_fec.py:1173,explicitly excluded (not projected into structured FEC table),"Add explicit projection mapping if this key is needed downstream, or document intentional exclusion.",1249,no,0.58072,A7ABDE7206C224F078A4 | AD2A07F1A69DA436CAB2 | AA57A013D938E4152891,raw_extractions:fec_api:schedules_schedule_a:f13d47ec7c4732c98634b886fd9979289d42d0d1; raw_extractions:fec_api:schedules_schedule_a:98e38b95be9eb31749a3ff52d676d0078676e4d1; raw_extractions:fec_api:schedules_schedule_a:820ee583d6f695a607715fde9236a00e6fc10d61; raw_extractions:fec_api:schedules_schedule_a:2d89850b7d91c9f74db2196f1a07860219e324cf; raw_extractions:fec_api:schedules_schedule_a:440608d0054e46e524ef222748e33c225959c381; raw_extractions:fec_api:schedules_schedule_a:0dbf760a699f91678d9afe0d73835c1ed5efb6b4; raw_extractions:fec_api:schedules_schedule_a:e8bf15e5d29b8fb902a0d383784faa35bd40b3b3; raw_extractions:fec_api:schedules_schedule_a:7e9fecf8d677dc328747fd881afe7f57f6ae2bd0; raw_extractions:fec_api:schedules_schedule_a:a148b4961f4f49fb7b86040027d229540bc1a5d1; raw_extractions:fec_api:schedules_schedule_a:7e66a0eb5ea53b7415394e0025be3f5932b83d09; raw_extractions:fec_api:schedules_schedule_a:bdf26447deaabefd4d04f09125246d74cbae534a; raw_extractions:fec_api:schedules_schedule_a:787025dfaa9b8d636d3580a996170cbef1ecdc2c; ... (+1673 more),raw_extractions_payload_scan_union_all_payloads_profiled_first_n_rows_across_feed
fec_api_schedule_a_json,candidate_first_name,yes,,raw_extractions.payload_json,no,,database/federal_fec.py:1173,explicitly excluded (not projected into structured FEC table),"Add explicit projection mapping if this key is needed downstream, or document intentional exclusion.",1249,no,0.98906,JONATHAN | FELIX | JEFFREY D,raw_extractions:fec_api:schedules_schedule_a:f13d47ec7c4732c98634b886fd9979289d42d0d1; raw_extractions:fec_api:schedules_schedule_a:98e38b95be9eb31749a3ff52d676d0078676e4d1; raw_extractions:fec_api:schedules_schedule_a:820ee583d6f695a607715fde9236a00e6fc10d61; raw_extractions:fec_api:schedules_schedule_a:2d89850b7d91c9f74db2196f1a07860219e324cf; raw_extractions:fec_api:schedules_schedule_a:440608d0054e46e524ef222748e33c225959c381; raw_extractions:fec_api:schedules_schedule_a:0dbf760a699f91678d9afe0d73835c1ed5efb6b4; raw_extractions:fec_api:schedules_schedule_a:e8bf15e5d29b8fb902a0d383784faa35bd40b3b3; raw_extractions:fec_api:schedules_schedule_a:7e9fecf8d677dc328747fd881afe7f57f6ae2bd0; raw_extractions:fec_api:schedules_schedule_a:a148b4961f4f49fb7b86040027d229540bc1a5d1; raw_extractions:fec_api:schedules_schedule_a:7e66a0eb5ea53b7415394e0025be3f5932b83d09; raw_extractions:fec_api:schedules_schedule_a:bdf26447deaabefd4d04f09125246d74cbae534a; raw_extractions:fec_api:schedules_schedule_a:787025dfaa9b8d636d3580a996170cbef1ecdc2c; ... (+1673 more),raw_extractions_payload_scan_union_all_payloads_profiled_first_n_rows_across_feed
fec_api_schedule_a_json,candidate_id,yes,,raw_extractions.payload_json; fec_schedule_a_contributions.*,yes,database/federal_fec.py; webapp/routes/main.py; database/analytics.py,,,Keep full raw payload retention and structured projection tests aligned.,1249,no,0.98924,S6IL00623 | H6IL07479 | H6IL11166,raw_extractions:fec_api:schedules_schedule_a:f13d47ec7c4732c98634b886fd9979289d42d0d1; raw_extractions:fec_api:schedules_schedule_a:98e38b95be9eb31749a3ff52d676d0078676e4d1; raw_extractions:fec_api:schedules_schedule_a:820ee583d6f695a607715fde9236a00e6fc10d61; raw_extractions:fec_api:schedules_schedule_a:2d89850b7d91c9f74db2196f1a07860219e324cf; raw_extractions:fec_api:schedules_schedule_a:440608d0054e46e524ef222748e33c225959c381; raw_extractions:fec_api:schedules_schedule_a:0dbf760a699f91678d9afe0d73835c1ed5efb6b4; raw_extractions:fec_api:schedules_schedule_a:e8bf15e5d29b8fb902a0d383784faa35bd40b3b3; raw_extractions:fec_api:schedules_schedule_a:7e9fecf8d677dc328747fd881afe7f57f6ae2bd0; raw_extractions:fec_api:schedules_schedule_a:a148b4961f4f49fb7b86040027d229540bc1a5d1; raw_extractions:fec_api:schedules_schedule_a:7e66a0eb5ea53b7415394e0025be3f5932b83d09; raw_extractions:fec_api:schedules_schedule_a:bdf26447deaabefd4d04f09125246d74cbae534a; raw_extractions:fec_api:schedules_schedule_a:787025dfaa9b8d636d3580a996170cbef1ecdc2c; ... (+1673 more),raw_extractions_payload_scan_union_all_payloads_profiled_first_n_rows_across_feed
fec_api_schedule_a_json,candidate_last_name,yes,,raw_extractions.payload_json,no,,database/federal_fec.py:1173,explicitly excluded (not projected into structured FEC table),"Add explicit projection mapping if this key is needed downstream, or document intentional exclusion.",1249,no,0.98906,DEAN | TELLO | WALTER,raw_extractions:fec_api:schedules_schedule_a:f13d47ec7c4732c98634b886fd9979289d42d0d1; raw_extractions:fec_api:schedules_schedule_a:98e38b95be9eb31749a3ff52d676d0078676e4d1; raw_extractions:fec_api:schedules_schedule_a:820ee583d6f695a607715fde9236a00e6fc10d61; raw_extractions:fec_api:schedules_schedule_a:2d89850b7d91c9f74db2196f1a07860219e324cf; raw_extractions:fec_api:schedules_schedule_a:440608d0054e46e524ef222748e33c225959c381; raw_extractions:fec_api:schedules_schedule_a:0dbf760a699f91678d9afe0d73835c1ed5efb6b4; raw_extractions:fec_api:schedules_schedule_a:e8bf15e5d29b8fb902a0d383784faa35bd40b3b3; raw_extractions:fec_api:schedules_schedule_a:7e9fecf8d677dc328747fd881afe7f57f6ae2bd0; raw_extractions:fec_api:schedules_schedule_a:a148b4961f4f49fb7b86040027d229540bc1a5d1; raw_extractions:fec_api:schedules_schedule_a:7e66a0eb5ea53b7415394e0025be3f5932b83d09; raw_extractions:fec_api:schedules_schedule_a:bdf26447deaabefd4d04f09125246d74cbae534a; raw_extractions:fec_api:schedules_schedule_a:787025dfaa9b8d636d3580a996170cbef1ecdc2c; ... (+1673 more),raw_extractions_payload_scan_union_all_payloads_profiled_first_n_rows_across_feed
fec_api_schedule_a_json,candidate_middle_name,yes,,raw_extractions.payload_json,no,,database/federal_fec.py:1173,explicitly excluded (not projected into structured FEC table),"Add explicit projection mapping if this key is needed downstream, or document intentional exclusion.",1249,no,0.9978,MCKAY | L | D.,raw_extractions:fec_api:schedules_schedule_a:f13d47ec7c4732c98634b886fd9979289d42d0d1; raw_extractions:fec_api:schedules_schedule_a:98e38b95be9eb31749a3ff52d676d0078676e4d1; raw_extractions:fec_api:schedules_schedule_a:820ee583d6f695a607715fde9236a00e6fc10d61; raw_extractions:fec_api:schedules_schedule_a:2d89850b7d91c9f74db2196f1a07860219e324cf; raw_extractions:fec_api:schedules_schedule_a:440608d0054e46e524ef222748e33c225959c381; raw_extractions:fec_api:schedules_schedule_a:0dbf760a699f91678d9afe0d73835c1ed5efb6b4; raw_extractions:fec_api:schedules_schedule_a:e8bf15e5d29b8fb902a0d383784faa35bd40b3b3; raw_extractions:fec_api:schedules_schedule_a:7e9fecf8d677dc328747fd881afe7f57f6ae2bd0; raw_extractions:fec_api:schedules_schedule_a:a148b4961f4f49fb7b86040027d229540bc1a5d1; raw_extractions:fec_api:schedules_schedule_a:7e66a0eb5ea53b7415394e0025be3f5932b83d09; raw_extractions:fec_api:schedules_schedule_a:bdf26447deaabefd4d04f09125246d74cbae534a; raw_extractions:fec_api:schedules_schedule_a:787025dfaa9b8d636d3580a996170cbef1ecdc2c; ... (+1673 more),raw_extractions_payload_scan_union_all_payloads_profiled_first_n_rows_across_feed
fec_api_schedule_a_json,candidate_name,yes,,raw_extractions.payload_json; fec_schedule_a_contributions.*,yes,database/federal_fec.py; webapp/routes/main.py; database/analytics.py,,,Keep full raw payload retention and structured projection tests aligned.,1249,no,0.98906,"DEAN, JONATHAN | TELLO, FELIX | WALTER, JEFFREY D",raw_extractions:fec_api:schedules_schedule_a:f13d47ec7c4732c98634b886fd9979289d42d0d1; raw_extractions:fec_api:schedules_schedule_a:98e38b95be9eb31749a3ff52d676d0078676e4d1; raw_extractions:fec_api:schedules_schedule_a:820ee583d6f695a607715fde9236a00e6fc10d61; raw_extractions:fec_api:schedules_schedule_a:2d89850b7d91c9f74db2196f1a07860219e324cf; raw_extractions:fec_api:schedules_schedule_a:440608d0054e46e524ef222748e33c225959c381; raw_extractions:fec_api:schedules_schedule_a:0dbf760a699f91678d9afe0d73835c1ed5efb6b4; raw_extractions:fec_api:schedules_schedule_a:e8bf15e5d29b8fb902a0d383784faa35bd40b3b3; raw_extractions:fec_api:schedules_schedule_a:7e9fecf8d677dc328747fd881afe7f57f6ae2bd0; raw_extractions:fec_api:schedules_schedule_a:a148b4961f4f49fb7b86040027d229540bc1a5d1; raw_extractions:fec_api:schedules_schedule_a:7e66a0eb5ea53b7415394e0025be3f5932b83d09; raw_extractions:fec_api:schedules_schedule_a:bdf26447deaabefd4d04f09125246d74cbae534a; raw_extractions:fec_api:schedules_schedule_a:787025dfaa9b8d636d3580a996170cbef1ecdc2c; ... (+1673 more),raw_extractions_payload_scan_union_all_payloads_profiled_first_n_rows_across_feed
fec_api_schedule_a_json,candidate_office,yes,,raw_extractions.payload_json,no,,database/federal_fec.py:1173,explicitly excluded (not projected into structured FEC table),"Add explicit projection mapping if this key is needed downstream, or document intentional exclusion.",1249,no,0.98906,S | H,raw_extractions:fec_api:schedules_schedule_a:f13d47ec7c4732c98634b886fd9979289d42d0d1; raw_extractions:fec_api:schedules_schedule_a:98e38b95be9eb31749a3ff52d676d0078676e4d1; raw_extractions:fec_api:schedules_schedule_a:820ee583d6f695a607715fde9236a00e6fc10d61; raw_extractions:fec_api:schedules_schedule_a:2d89850b7d91c9f74db2196f1a07860219e324cf; raw_extractions:fec_api:schedules_schedule_a:440608d0054e46e524ef222748e33c225959c381; raw_extractions:fec_api:schedules_schedule_a:0dbf760a699f91678d9afe0d73835c1ed5efb6b4; raw_extractions:fec_api:schedules_schedule_a:e8bf15e5d29b8fb902a0d383784faa35bd40b3b3; raw_extractions:fec_api:schedules_schedule_a:7e9fecf8d677dc328747fd881afe7f57f6ae2bd0; raw_extractions:fec_api:schedules_schedule_a:a148b4961f4f49fb7b86040027d229540bc1a5d1; raw_extractions:fec_api:schedules_schedule_a:7e66a0eb5ea53b7415394e0025be3f5932b83d09; raw_extractions:fec_api:schedules_schedule_a:bdf26447deaabefd4d04f09125246d74cbae534a; raw_extractions:fec_api:schedules_schedule_a:787025dfaa9b8d636d3580a996170cbef1ecdc2c; ... (+1673 more),raw_extractions_payload_scan_union_all_payloads_profiled_first_n_rows_across_feed
fec_api_schedule_a_json,candidate_office_district,yes,,raw_extractions.payload_json,no,,database/federal_fec.py:1173,explicitly excluded (not projected into structured FEC table),"Add explicit projection mapping if this key is needed downstream, or document intentional exclusion.",1249,no,0.99116,00 | 07 | 11,raw_extractions:fec_api:schedules_schedule_a:f13d47ec7c4732c98634b886fd9979289d42d0d1; raw_extractions:fec_api:schedules_schedule_a:98e38b95be9eb31749a3ff52d676d0078676e4d1; raw_extractions:fec_api:schedules_schedule_a:820ee583d6f695a607715fde9236a00e6fc10d61; raw_extractions:fec_api:schedules_schedule_a:2d89850b7d91c9f74db2196f1a07860219e324cf; raw_extractions:fec_api:schedules_schedule_a:440608d0054e46e524ef222748e33c225959c381; raw_extractions:fec_api:schedules_schedule_a:0dbf760a699f91678d9afe0d73835c1ed5efb6b4; raw_extractions:fec_api:schedules_schedule_a:e8bf15e5d29b8fb902a0d383784faa35bd40b3b3; raw_extractions:fec_api:schedules_schedule_a:7e9fecf8d677dc328747fd881afe7f57f6ae2bd0; raw_extractions:fec_api:schedules_schedule_a:a148b4961f4f49fb7b86040027d229540bc1a5d1; raw_extractions:fec_api:schedules_schedule_a:7e66a0eb5ea53b7415394e0025be3f5932b83d09; raw_extractions:fec_api:schedules_schedule_a:bdf26447deaabefd4d04f09125246d74cbae534a; raw_extractions:fec_api:schedules_schedule_a:787025dfaa9b8d636d3580a996170cbef1ecdc2c; ... (+1673 more),raw_extractions_payload_scan_union_all_payloads_profiled_first_n_rows_across_feed
fec_api_schedule_a_json,candidate_office_full,yes,,raw_extractions.payload_json,no,,database/federal_fec.py:1173,explicitly excluded (not projected into structured FEC table),"Add explicit projection mapping if this key is needed downstream, or document intentional exclusion.",1249,no,0.98906,SENATE | HOUSE,raw_extractions:fec_api:schedules_schedule_a:f13d47ec7c4732c98634b886fd9979289d42d0d1; raw_extractions:fec_api:schedules_schedule_a:98e38b95be9eb31749a3ff52d676d0078676e4d1; raw_extractions:fec_api:schedules_schedule_a:820ee583d6f695a607715fde9236a00e6fc10d61; raw_extractions:fec_api:schedules_schedule_a:2d89850b7d91c9f74db2196f1a07860219e324cf; raw_extractions:fec_api:schedules_schedule_a:440608d0054e46e524ef222748e33c225959c381; raw_extractions:fec_api:schedules_schedule_a:0dbf760a699f91678d9afe0d73835c1ed5efb6b4; raw_extractions:fec_api:schedules_schedule_a:e8bf15e5d29b8fb902a0d383784faa35bd40b3b3; raw_extractions:fec_api:schedules_schedule_a:7e9fecf8d677dc328747fd881afe7f57f6ae2bd0; raw_extractions:fec_api:schedules_schedule_a:a148b4961f4f49fb7b86040027d229540bc1a5d1; raw_extractions:fec_api:schedules_schedule_a:7e66a0eb5ea53b7415394e0025be3f5932b83d09; raw_extractions:fec_api:schedules_schedule_a:bdf26447deaabefd4d04f09125246d74cbae534a; raw_extractions:fec_api:schedules_schedule_a:787025dfaa9b8d636d3580a996170cbef1ecdc2c; ... (+1673 more),raw_extractions_payload_scan_union_all_payloads_profiled_first_n_rows_across_feed
fec_api_schedule_a_json,candidate_office_state,yes,,raw_extractions.payload_json,no,,database/federal_fec.py:1173,explicitly excluded (not projected into structured FEC table),"Add explicit projection mapping if this key is needed downstream, or document intentional exclusion.",1249,no,0.98906,IL | TX | IN,raw_extractions:fec_api:schedules_schedule_a:f13d47ec7c4732c98634b886fd9979289d42d0d1; raw_extractions:fec_api:schedules_schedule_a:98e38b95be9eb31749a3ff52d676d0078676e4d1; raw_extractions:fec_api:schedules_schedule_a:820ee583d6f695a607715fde9236a00e6fc10d61; raw_extractions:fec_api:schedules_schedule_a:2d89850b7d91c9f74db2196f1a07860219e324cf; raw_extractions:fec_api:schedules_schedule_a:440608d0054e46e524ef222748e33c225959c381; raw_extractions:fec_api:schedules_schedule_a:0dbf760a699f91678d9afe0d73835c1ed5efb6b4; raw_extractions:fec_api:schedules_schedule_a:e8bf15e5d29b8fb902a0d383784faa35bd40b3b3; raw_extractions:fec_api:schedules_schedule_a:7e9fecf8d677dc328747fd881afe7f57f6ae2bd0; raw_extractions:fec_api:schedules_schedule_a:a148b4961f4f49fb7b86040027d229540bc1a5d1; raw_extractions:fec_api:schedules_schedule_a:7e66a0eb5ea53b7415394e0025be3f5932b83d09; raw_extractions:fec_api:schedules_schedule_a:bdf26447deaabefd4d04f09125246d74cbae534a; raw_extractions:fec_api:schedules_schedule_a:787025dfaa9b8d636d3580a996170cbef1ecdc2c; ... (+1673 more),raw_extractions_payload_scan_union_all_payloads_profiled_first_n_rows_across_feed
fec_api_schedule_a_json,candidate_office_state_full,yes,,raw_extractions.payload_json,no,,database/federal_fec.py:1173,explicitly excluded (not projected into structured FEC table),"Add explicit projection mapping if this key is needed downstream, or document intentional exclusion.",1249,no,0.98906,ILLINOIS | TEXAS | INDIANA,raw_extractions:fec_api:schedules_schedule_a:f13d47ec7c4732c98634b886fd9979289d42d0d1; raw_extractions:fec_api:schedules_schedule_a:98e38b95be9eb31749a3ff52d676d0078676e4d1; raw_extractions:fec_api:schedules_schedule_a:820ee583d6f695a607715fde9236a00e6fc10d61; raw_extractions:fec_api:schedules_schedule_a:2d89850b7d91c9f74db2196f1a07860219e324cf; raw_extractions:fec_api:schedules_schedule_a:440608d0054e46e524ef222748e33c225959c381; raw_extractions:fec_api:schedules_schedule_a:0dbf760a699f91678d9afe0d73835c1ed5efb6b4; raw_extractions:fec_api:schedules_schedule_a:e8bf15e5d29b8fb902a0d383784faa35bd40b3b3; raw_extractions:fec_api:schedules_schedule_a:7e9fecf8d677dc328747fd881afe7f57f6ae2bd0; raw_extractions:fec_api:schedules_schedule_a:a148b4961f4f49fb7b86040027d229540bc1a5d1; raw_extractions:fec_api:schedules_schedule_a:7e66a0eb5ea53b7415394e0025be3f5932b83d09; raw_extractions:fec_api:schedules_schedule_a:bdf26447deaabefd4d04f09125246d74cbae534a; raw_extractions:fec_api:schedules_schedule_a:787025dfaa9b8d636d3580a996170cbef1ecdc2c; ... (+1673 more),raw_extractions_payload_scan_union_all_payloads_profiled_first_n_rows_across_feed
fec_api_schedule_a_json,candidate_prefix,yes,,raw_extractions.payload_json,no,,database/federal_fec.py:1173,explicitly excluded (not projected into structured FEC table),"Add explicit projection mapping if this key is needed downstream, or document intentional exclusion.",1249,no,0.9984,DR. | MRS. | MR.,raw_extractions:fec_api:schedules_schedule_a:f13d47ec7c4732c98634b886fd9979289d42d0d1; raw_extractions:fec_api:schedules_schedule_a:98e38b95be9eb31749a3ff52d676d0078676e4d1; raw_extractions:fec_api:schedules_schedule_a:820ee583d6f695a607715fde9236a00e6fc10d61; raw_extractions:fec_api:schedules_schedule_a:2d89850b7d91c9f74db2196f1a07860219e324cf; raw_extractions:fec_api:schedules_schedule_a:440608d0054e46e524ef222748e33c225959c381; raw_extractions:fec_api:schedules_schedule_a:0dbf760a699f91678d9afe0d73835c1ed5efb6b4; raw_extractions:fec_api:schedules_schedule_a:e8bf15e5d29b8fb902a0d383784faa35bd40b3b3; raw_extractions:fec_api:schedules_schedule_a:7e9fecf8d677dc328747fd881afe7f57f6ae2bd0; raw_extractions:fec_api:schedules_schedule_a:a148b4961f4f49fb7b86040027d229540bc1a5d1; raw_extractions:fec_api:schedules_schedule_a:7e66a0eb5ea53b7415394e0025be3f5932b83d09; raw_extractions:fec_api:schedules_schedule_a:bdf26447deaabefd4d04f09125246d74cbae534a; raw_extractions:fec_api:schedules_schedule_a:787025dfaa9b8d636d3580a996170cbef1ecdc2c; ... (+1673 more),raw_extractions_payload_scan_union_all_payloads_profiled_first_n_rows_across_feed
fec_api_schedule_a_json,candidate_suffix,yes,,raw_extractions.payload_json,no,,database/federal_fec.py:1173,explicitly excluded (not projected into structured FEC table),"Add explicit projection mapping if this key is needed downstream, or document intentional exclusion.",1249,no,0.99788,JR | JR.,raw_extractions:fec_api:schedules_schedule_a:f13d47ec7c4732c98634b886fd9979289d42d0d1; raw_extractions:fec_api:schedules_schedule_a:98e38b95be9eb31749a3ff52d676d0078676e4d1; raw_extractions:fec_api:schedules_schedule_a:820ee583d6f695a607715fde9236a00e6fc10d61; raw_extractions:fec_api:schedules_schedule_a:2d89850b7d91c9f74db2196f1a07860219e324cf; raw_extractions:fec_api:schedules_schedule_a:440608d0054e46e524ef222748e33c225959c381; raw_extractions:fec_api:schedules_schedule_a:0dbf760a699f91678d9afe0d73835c1ed5efb6b4; raw_extractions:fec_api:schedules_schedule_a:e8bf15e5d29b8fb902a0d383784faa35bd40b3b3; raw_extractions:fec_api:schedules_schedule_a:7e9fecf8d677dc328747fd881afe7f57f6ae2bd0; raw_extractions:fec_api:schedules_schedule_a:a148b4961f4f49fb7b86040027d229540bc1a5d1; raw_extractions:fec_api:schedules_schedule_a:7e66a0eb5ea53b7415394e0025be3f5932b83d09; raw_extractions:fec_api:schedules_schedule_a:bdf26447deaabefd4d04f09125246d74cbae534a; raw_extractions:fec_api:schedules_schedule_a:787025dfaa9b8d636d3580a996170cbef1ecdc2c; ... (+1673 more),raw_extractions_payload_scan_union_all_payloads_profiled_first_n_rows_across_feed
fec_api_schedule_a_json,committee,yes,,raw_extractions.payload_json; fec_schedule_a_contributions.*,yes,database/federal_fec.py; webapp/routes/main.py; database/analytics.py,,,Keep full raw payload retention and structured projection tests aligned.,1249,no,0.0,"{'affiliated_committee_name': 'NONE', 'candidate_ids': ['H6IL17262'], 'city': 'MT CARROLL', 'committee_id': 'C00917245', 'committee_type': 'H', 'committee_type_full': 'House', 'cycle': 2026, 'cycles': [2026], 'cycles_has_activity': [2026], 'cycles_has_financial': [2026], 'designation': 'P', 'designation_full': 'Principal campaign committee', 'filing_frequency': 'Q', 'first_f1_date': '2025-08-26', 'first_file_date': '2025-08-26', 'is_active': True, 'last_cycle_has_activity': 2026, 'last_cycle_has_financial': 2026, 'last_f1_date': '2025-08-26', 'last_file_date': '2026-01-30', 'name': 'JULIE FOR ILLINOIS', 'organization_type': None, 'organization_type_full': None, 'party': 'REP', 'party_full': 'REPUBLICAN PARTY', 'state': 'IL', 'state_full': 'Illinois', 'street_1': '15835 US-52', 'street_2': None, 'treasurer_name': 'DATWYLER, THOMAS C', 'zip': '61053'} | {'affiliated_committee_name': 'NONE', 'candidate_ids': ['S6IL00623'], 'city': 'CHICAGO', 'committee_id': 'C00915280', 'committee_type': 'S', 'committee_type_full': 'Senate', 'cycle': 2026, 'cycles': [2026], 'cycles_has_activity': [2026], 'cycles_has_financial': [2026], 'designation': 'P', 'designation_full': 'Principal campaign committee', 'filing_frequency': 'Q', 'first_f1_date': '2025-08-08', 'first_file_date': '2025-08-08', 'is_active': True, 'last_cycle_has_activity': 2026, 'last_cycle_has_financial': 2026, 'last_f1_date': '2025-08-08', 'last_file_date': '2026-01-15', 'name': 'DEAN FOR ILLINOIS', 'organization_type': None, 'organization_type_full': None, 'party': 'DEM', 'party_full': 'DEMOCRATIC PARTY', 'state': 'IL', 'state_full': 'Illinois', 'street_1': '105 W MADISON STREET', 'street_2': 'SUITE 1300', 'treasurer_name': 'DEAN, JONATHAN', 'zip': '60602'} | {'affiliated_committee_name': 'NONE', 'candidate_ids': ['H6IL07479'], 'city': 'CHICAGO', 'committee_id': 'C00917930', 'committee_type': 'H', 'committee_type_full': 'House', 'cycle': 2026, 'cycles': [2026], 'cycles_has_activity': [2026], 'cycles_has_financial': [2026], 'designation': 'P', 'designation_full': 'Principal campaign committee', 'filing_frequency': 'Q', 'first_f1_date': '2025-08-30', 'first_file_date': '2025-08-30', 'is_active': True, 'last_cycle_has_activity': 2026, 'last_cycle_has_financial': 2026, 'last_f1_date': '2025-10-21', 'last_file_date': '2025-10-21', 'name': 'FELIX FOR CONGRESS', 'organization_type': None, 'organization_type_full': None, 'party': 'DEM', 'party_full': 'DEMOCRATIC PARTY', 'state': 'IL', 'state_full': 'Illinois', 'street_1': 'PO BOX 107', 'street_2': None, 'treasurer_name': 'TELLO, FELIX', 'zip': '60690'}",raw_extractions:fec_api:schedules_schedule_a:f13d47ec7c4732c98634b886fd9979289d42d0d1; raw_extractions:fec_api:schedules_schedule_a:98e38b95be9eb31749a3ff52d676d0078676e4d1; raw_extractions:fec_api:schedules_schedule_a:820ee583d6f695a607715fde9236a00e6fc10d61; raw_extractions:fec_api:schedules_schedule_a:2d89850b7d91c9f74db2196f1a07860219e324cf; raw_extractions:fec_api:schedules_schedule_a:440608d0054e46e524ef222748e33c225959c381; raw_extractions:fec_api:schedules_schedule_a:0dbf760a699f91678d9afe0d73835c1ed5efb6b4; raw_extractions:fec_api:schedules_schedule_a:e8bf15e5d29b8fb902a0d383784faa35bd40b3b3; raw_extractions:fec_api:schedules_schedule_a:7e9fecf8d677dc328747fd881afe7f57f6ae2bd0; raw_extractions:fec_api:schedules_schedule_a:a148b4961f4f49fb7b86040027d229540bc1a5d1; raw_extractions:fec_api:schedules_schedule_a:7e66a0eb5ea53b7415394e0025be3f5932b83d09; raw_extractions:fec_api:schedules_schedule_a:bdf26447deaabefd4d04f09125246d74cbae534a; raw_extractions:fec_api:schedules_schedule_a:787025dfaa9b8d636d3580a996170cbef1ecdc2c; ... (+1673 more),raw_extractions_payload_scan_union_all_payloads_profiled_first_n_rows_across_feed
fec_api_schedule_a_json,committee_id,yes,,raw_extractions.payload_json,no,,database/federal_fec.py:1173,explicitly excluded (not projected into structured FEC table),"Add explicit projection mapping if this key is needed downstream, or document intentional exclusion.",1249,no,0.0,C00917245 | C00915280 | C00917930,raw_extractions:fec_api:schedules_schedule_a:f13d47ec7c4732c98634b886fd9979289d42d0d1; raw_extractions:fec_api:schedules_schedule_a:98e38b95be9eb31749a3ff52d676d0078676e4d1; raw_extractions:fec_api:schedules_schedule_a:820ee583d6f695a607715fde9236a00e6fc10d61; raw_extractions:fec_api:schedules_schedule_a:2d89850b7d91c9f74db2196f1a07860219e324cf; raw_extractions:fec_api:schedules_schedule_a:440608d0054e46e524ef222748e33c225959c381; raw_extractions:fec_api:schedules_schedule_a:0dbf760a699f91678d9afe0d73835c1ed5efb6b4; raw_extractions:fec_api:schedules_schedule_a:e8bf15e5d29b8fb902a0d383784faa35bd40b3b3; raw_extractions:fec_api:schedules_schedule_a:7e9fecf8d677dc328747fd881afe7f57f6ae2bd0; raw_extractions:fec_api:schedules_schedule_a:a148b4961f4f49fb7b86040027d229540bc1a5d1; raw_extractions:fec_api:schedules_schedule_a:7e66a0eb5ea53b7415394e0025be3f5932b83d09; raw_extractions:fec_api:schedules_schedule_a:bdf26447deaabefd4d04f09125246d74cbae534a; raw_extractions:fec_api:schedules_schedule_a:787025dfaa9b8d636d3580a996170cbef1ecdc2c; ... (+1673 more),raw_extractions_payload_scan_union_all_payloads_profiled_first_n_rows_across_feed
fec_api_schedule_a_json,committee_name,yes,,raw_extractions.payload_json; fec_schedule_a_contributions.*,yes,database/federal_fec.py; webapp/routes/main.py; database/analytics.py,,,Keep full raw payload retention and structured projection tests aligned.,1249,no,1.0,,raw_extractions:fec_api:schedules_schedule_a:f13d47ec7c4732c98634b886fd9979289d42d0d1; raw_extractions:fec_api:schedules_schedule_a:98e38b95be9eb31749a3ff52d676d0078676e4d1; raw_extractions:fec_api:schedules_schedule_a:820ee583d6f695a607715fde9236a00e6fc10d61; raw_extractions:fec_api:schedules_schedule_a:2d89850b7d91c9f74db2196f1a07860219e324cf; raw_extractions:fec_api:schedules_schedule_a:440608d0054e46e524ef222748e33c225959c381; raw_extractions:fec_api:schedules_schedule_a:0dbf760a699f91678d9afe0d73835c1ed5efb6b4; raw_extractions:fec_api:schedules_schedule_a:e8bf15e5d29b8fb902a0d383784faa35bd40b3b3; raw_extractions:fec_api:schedules_schedule_a:7e9fecf8d677dc328747fd881afe7f57f6ae2bd0; raw_extractions:fec_api:schedules_schedule_a:a148b4961f4f49fb7b86040027d229540bc1a5d1; raw_extractions:fec_api:schedules_schedule_a:7e66a0eb5ea53b7415394e0025be3f5932b83d09; raw_extractions:fec_api:schedules_schedule_a:bdf26447deaabefd4d04f09125246d74cbae534a; raw_extractions:fec_api:schedules_schedule_a:787025dfaa9b8d636d3580a996170cbef1ecdc2c; ... (+1673 more),raw_extractions_payload_scan_union_all_payloads_profiled_first_n_rows_across_feed
fec_api_schedule_a_json,conduit_committee_city,yes,,raw_extractions.payload_json,no,,database/federal_fec.py:1173,explicitly excluded (not projected into structured FEC table),"Add explicit projection mapping if this key is needed downstream, or document intentional exclusion.",1249,no,0.98224,ARLINGTON | WASHINGTON | CHICAGO,raw_extractions:fec_api:schedules_schedule_a:f13d47ec7c4732c98634b886fd9979289d42d0d1; raw_extractions:fec_api:schedules_schedule_a:98e38b95be9eb31749a3ff52d676d0078676e4d1; raw_extractions:fec_api:schedules_schedule_a:820ee583d6f695a607715fde9236a00e6fc10d61; raw_extractions:fec_api:schedules_schedule_a:2d89850b7d91c9f74db2196f1a07860219e324cf; raw_extractions:fec_api:schedules_schedule_a:440608d0054e46e524ef222748e33c225959c381; raw_extractions:fec_api:schedules_schedule_a:0dbf760a699f91678d9afe0d73835c1ed5efb6b4; raw_extractions:fec_api:schedules_schedule_a:e8bf15e5d29b8fb902a0d383784faa35bd40b3b3; raw_extractions:fec_api:schedules_schedule_a:7e9fecf8d677dc328747fd881afe7f57f6ae2bd0; raw_extractions:fec_api:schedules_schedule_a:a148b4961f4f49fb7b86040027d229540bc1a5d1; raw_extractions:fec_api:schedules_schedule_a:7e66a0eb5ea53b7415394e0025be3f5932b83d09; raw_extractions:fec_api:schedules_schedule_a:bdf26447deaabefd4d04f09125246d74cbae534a; raw_extractions:fec_api:schedules_schedule_a:787025dfaa9b8d636d3580a996170cbef1ecdc2c; ... (+1673 more),raw_extractions_payload_scan_union_all_payloads_profiled_first_n_rows_across_feed
fec_api_schedule_a_json,conduit_committee_id,yes,,raw_extractions.payload_json,no,,database/federal_fec.py:1173,explicitly excluded (not projected into structured FEC table),"Add explicit projection mapping if this key is needed downstream, or document intentional exclusion.",1249,no,1.0,,raw_extractions:fec_api:schedules_schedule_a:f13d47ec7c4732c98634b886fd9979289d42d0d1; raw_extractions:fec_api:schedules_schedule_a:98e38b95be9eb31749a3ff52d676d0078676e4d1; raw_extractions:fec_api:schedules_schedule_a:820ee583d6f695a607715fde9236a00e6fc10d61; raw_extractions:fec_api:schedules_schedule_a:2d89850b7d91c9f74db2196f1a07860219e324cf; raw_extractions:fec_api:schedules_schedule_a:440608d0054e46e524ef222748e33c225959c381; raw_extractions:fec_api:schedules_schedule_a:0dbf760a699f91678d9afe0d73835c1ed5efb6b4; raw_extractions:fec_api:schedules_schedule_a:e8bf15e5d29b8fb902a0d383784faa35bd40b3b3; raw_extractions:fec_api:schedules_schedule_a:7e9fecf8d677dc328747fd881afe7f57f6ae2bd0; raw_extractions:fec_api:schedules_schedule_a:a148b4961f4f49fb7b86040027d229540bc1a5d1; raw_extractions:fec_api:schedules_schedule_a:7e66a0eb5ea53b7415394e0025be3f5932b83d09; raw_extractions:fec_api:schedules_schedule_a:bdf26447deaabefd4d04f09125246d74cbae534a; raw_extractions:fec_api:schedules_schedule_a:787025dfaa9b8d636d3580a996170cbef1ecdc2c; ... (+1673 more),raw_extractions_payload_scan_union_all_payloads_profiled_first_n_rows_across_feed
fec_api_schedule_a_json,conduit_committee_name,yes,,raw_extractions.payload_json,no,,database/federal_fec.py:1173,explicitly excluded (not projected into structured FEC table),"Add explicit projection mapping if this key is needed downstream, or document intentional exclusion.",1249,no,0.98224,WINRED PAC | HOUSE FREEDOM FUND | WINRED,raw_extractions:fec_api:schedules_schedule_a:f13d47ec7c4732c98634b886fd9979289d42d0d1; raw_extractions:fec_api:schedules_schedule_a:98e38b95be9eb31749a3ff52d676d0078676e4d1; raw_extractions:fec_api:schedules_schedule_a:820ee583d6f695a607715fde9236a00e6fc10d61; raw_extractions:fec_api:schedules_schedule_a:2d89850b7d91c9f74db2196f1a07860219e324cf; raw_extractions:fec_api:schedules_schedule_a:440608d0054e46e524ef222748e33c225959c381; raw_extractions:fec_api:schedules_schedule_a:0dbf760a699f91678d9afe0d73835c1ed5efb6b4; raw_extractions:fec_api:schedules_schedule_a:e8bf15e5d29b8fb902a0d383784faa35bd40b3b3; raw_extractions:fec_api:schedules_schedule_a:7e9fecf8d677dc328747fd881afe7f57f6ae2bd0; raw_extractions:fec_api:schedules_schedule_a:a148b4961f4f49fb7b86040027d229540bc1a5d1; raw_extractions:fec_api:schedules_schedule_a:7e66a0eb5ea53b7415394e0025be3f5932b83d09; raw_extractions:fec_api:schedules_schedule_a:bdf26447deaabefd4d04f09125246d74cbae534a; raw_extractions:fec_api:schedules_schedule_a:787025dfaa9b8d636d3580a996170cbef1ecdc2c; ... (+1673 more),raw_extractions_payload_scan_union_all_payloads_profiled_first_n_rows_across_feed
fec_api_schedule_a_json,conduit_committee_state,yes,,raw_extractions.payload_json,no,,database/federal_fec.py:1173,explicitly excluded (not projected into structured FEC table),"Add explicit projection mapping if this key is needed downstream, or document intentional exclusion.",1249,no,0.98224,VA | DC | IL,raw_extractions:fec_api:schedules_schedule_a:f13d47ec7c4732c98634b886fd9979289d42d0d1; raw_extractions:fec_api:schedules_schedule_a:98e38b95be9eb31749a3ff52d676d0078676e4d1; raw_extractions:fec_api:schedules_schedule_a:820ee583d6f695a607715fde9236a00e6fc10d61; raw_extractions:fec_api:schedules_schedule_a:2d89850b7d91c9f74db2196f1a07860219e324cf; raw_extractions:fec_api:schedules_schedule_a:440608d0054e46e524ef222748e33c225959c381; raw_extractions:fec_api:schedules_schedule_a:0dbf760a699f91678d9afe0d73835c1ed5efb6b4; raw_extractions:fec_api:schedules_schedule_a:e8bf15e5d29b8fb902a0d383784faa35bd40b3b3; raw_extractions:fec_api:schedules_schedule_a:7e9fecf8d677dc328747fd881afe7f57f6ae2bd0; raw_extractions:fec_api:schedules_schedule_a:a148b4961f4f49fb7b86040027d229540bc1a5d1; raw_extractions:fec_api:schedules_schedule_a:7e66a0eb5ea53b7415394e0025be3f5932b83d09; raw_extractions:fec_api:schedules_schedule_a:bdf26447deaabefd4d04f09125246d74cbae534a; raw_extractions:fec_api:schedules_schedule_a:787025dfaa9b8d636d3580a996170cbef1ecdc2c; ... (+1673 more),raw_extractions_payload_scan_union_all_payloads_profiled_first_n_rows_across_feed
fec_api_schedule_a_json,conduit_committee_street1,yes,,raw_extractions.payload_json,no,,database/federal_fec.py:1173,explicitly excluded (not projected into structured FEC table),"Add explicit projection mapping if this key is needed downstream, or document intentional exclusion.",1249,no,0.98224,PO BOX 9891 | 300 INDEPENDENCE AVENUE SE | 4250 FAIRFAX DR,raw_extractions:fec_api:schedules_schedule_a:f13d47ec7c4732c98634b886fd9979289d42d0d1; raw_extractions:fec_api:schedules_schedule_a:98e38b95be9eb31749a3ff52d676d0078676e4d1; raw_extractions:fec_api:schedules_schedule_a:820ee583d6f695a607715fde9236a00e6fc10d61; raw_extractions:fec_api:schedules_schedule_a:2d89850b7d91c9f74db2196f1a07860219e324cf; raw_extractions:fec_api:schedules_schedule_a:440608d0054e46e524ef222748e33c225959c381; raw_extractions:fec_api:schedules_schedule_a:0dbf760a699f91678d9afe0d73835c1ed5efb6b4; raw_extractions:fec_api:schedules_schedule_a:e8bf15e5d29b8fb902a0d383784faa35bd40b3b3; raw_extractions:fec_api:schedules_schedule_a:7e9fecf8d677dc328747fd881afe7f57f6ae2bd0; raw_extractions:fec_api:schedules_schedule_a:a148b4961f4f49fb7b86040027d229540bc1a5d1; raw_extractions:fec_api:schedules_schedule_a:7e66a0eb5ea53b7415394e0025be3f5932b83d09; raw_extractions:fec_api:schedules_schedule_a:bdf26447deaabefd4d04f09125246d74cbae534a; raw_extractions:fec_api:schedules_schedule_a:787025dfaa9b8d636d3580a996170cbef1ecdc2c; ... (+1673 more),raw_extractions_payload_scan_union_all_payloads_profiled_first_n_rows_across_feed
fec_api_schedule_a_json,conduit_committee_street2,yes,,raw_extractions.payload_json,no,,database/federal_fec.py:1173,explicitly excluded (not projected into structured FEC table),"Add explicit projection mapping if this key is needed downstream, or document intentional exclusion.",1249,no,0.99696,STE 600 | SUITE 530,raw_extractions:fec_api:schedules_schedule_a:f13d47ec7c4732c98634b886fd9979289d42d0d1; raw_extractions:fec_api:schedules_schedule_a:98e38b95be9eb31749a3ff52d676d0078676e4d1; raw_extractions:fec_api:schedules_schedule_a:820ee583d6f695a607715fde9236a00e6fc10d61; raw_extractions:fec_api:schedules_schedule_a:2d89850b7d91c9f74db2196f1a07860219e324cf; raw_extractions:fec_api:schedules_schedule_a:440608d0054e46e524ef222748e33c225959c381; raw_extractions:fec_api:schedules_schedule_a:0dbf760a699f91678d9afe0d73835c1ed5efb6b4; raw_extractions:fec_api:schedules_schedule_a:e8bf15e5d29b8fb902a0d383784faa35bd40b3b3; raw_extractions:fec_api:schedules_schedule_a:7e9fecf8d677dc328747fd881afe7f57f6ae2bd0; raw_extractions:fec_api:schedules_schedule_a:a148b4961f4f49fb7b86040027d229540bc1a5d1; raw_extractions:fec_api:schedules_schedule_a:7e66a0eb5ea53b7415394e0025be3f5932b83d09; raw_extractions:fec_api:schedules_schedule_a:bdf26447deaabefd4d04f09125246d74cbae534a; raw_extractions:fec_api:schedules_schedule_a:787025dfaa9b8d636d3580a996170cbef1ecdc2c; ... (+1673 more),raw_extractions_payload_scan_union_all_payloads_profiled_first_n_rows_across_feed
fec_api_schedule_a_json,conduit_committee_zip,yes,,raw_extractions.payload_json,no,,database/federal_fec.py:1173,explicitly excluded (not projected into structured FEC table),"Add explicit projection mapping if this key is needed downstream, or document intentional exclusion.",1249,no,0.98224,22219 | 20003 | 22203,raw_extractions:fec_api:schedules_schedule_a:f13d47ec7c4732c98634b886fd9979289d42d0d1; raw_extractions:fec_api:schedules_schedule_a:98e38b95be9eb31749a3ff52d676d0078676e4d1; raw_extractions:fec_api:schedules_schedule_a:820ee583d6f695a607715fde9236a00e6fc10d61; raw_extractions:fec_api:schedules_schedule_a:2d89850b7d91c9f74db2196f1a07860219e324cf; raw_extractions:fec_api:schedules_schedule_a:440608d0054e46e524ef222748e33c225959c381; raw_extractions:fec_api:schedules_schedule_a:0dbf760a699f91678d9afe0d73835c1ed5efb6b4; raw_extractions:fec_api:schedules_schedule_a:e8bf15e5d29b8fb902a0d383784faa35bd40b3b3; raw_extractions:fec_api:schedules_schedule_a:7e9fecf8d677dc328747fd881afe7f57f6ae2bd0; raw_extractions:fec_api:schedules_schedule_a:a148b4961f4f49fb7b86040027d229540bc1a5d1; raw_extractions:fec_api:schedules_schedule_a:7e66a0eb5ea53b7415394e0025be3f5932b83d09; raw_extractions:fec_api:schedules_schedule_a:bdf26447deaabefd4d04f09125246d74cbae534a; raw_extractions:fec_api:schedules_schedule_a:787025dfaa9b8d636d3580a996170cbef1ecdc2c; ... (+1673 more),raw_extractions_payload_scan_union_all_payloads_profiled_first_n_rows_across_feed
fec_api_schedule_a_json,contribution_receipt_amount,yes,,raw_extractions.payload_json; fec_schedule_a_contributions.*,yes,database/federal_fec.py; webapp/routes/main.py; database/analytics.py,,,Keep full raw payload retention and structured projection tests aligned.,1249,no,0.0,260.25 | 250.0 | 500.0,raw_extractions:fec_api:schedules_schedule_a:f13d47ec7c4732c98634b886fd9979289d42d0d1; raw_extractions:fec_api:schedules_schedule_a:98e38b95be9eb31749a3ff52d676d0078676e4d1; raw_extractions:fec_api:schedules_schedule_a:820ee583d6f695a607715fde9236a00e6fc10d61; raw_extractions:fec_api:schedules_schedule_a:2d89850b7d91c9f74db2196f1a07860219e324cf; raw_extractions:fec_api:schedules_schedule_a:440608d0054e46e524ef222748e33c225959c381; raw_extractions:fec_api:schedules_schedule_a:0dbf760a699f91678d9afe0d73835c1ed5efb6b4; raw_extractions:fec_api:schedules_schedule_a:e8bf15e5d29b8fb902a0d383784faa35bd40b3b3; raw_extractions:fec_api:schedules_schedule_a:7e9fecf8d677dc328747fd881afe7f57f6ae2bd0; raw_extractions:fec_api:schedules_schedule_a:a148b4961f4f49fb7b86040027d229540bc1a5d1; raw_extractions:fec_api:schedules_schedule_a:7e66a0eb5ea53b7415394e0025be3f5932b83d09; raw_extractions:fec_api:schedules_schedule_a:bdf26447deaabefd4d04f09125246d74cbae534a; raw_extractions:fec_api:schedules_schedule_a:787025dfaa9b8d636d3580a996170cbef1ecdc2c; ... (+1673 more),raw_extractions_payload_scan_union_all_payloads_profiled_first_n_rows_across_feed
fec_api_schedule_a_json,contribution_receipt_date,yes,,raw_extractions.payload_json; fec_schedule_a_contributions.*,yes,database/federal_fec.py; webapp/routes/main.py; database/analytics.py,,,Keep full raw payload retention and structured projection tests aligned.,1249,no,0.0,2025-09-26 | 2025-09-25 | 2025-09-23,raw_extractions:fec_api:schedules_schedule_a:f13d47ec7c4732c98634b886fd9979289d42d0d1; raw_extractions:fec_api:schedules_schedule_a:98e38b95be9eb31749a3ff52d676d0078676e4d1; raw_extractions:fec_api:schedules_schedule_a:820ee583d6f695a607715fde9236a00e6fc10d61; raw_extractions:fec_api:schedules_schedule_a:2d89850b7d91c9f74db2196f1a07860219e324cf; raw_extractions:fec_api:schedules_schedule_a:440608d0054e46e524ef222748e33c225959c381; raw_extractions:fec_api:schedules_schedule_a:0dbf760a699f91678d9afe0d73835c1ed5efb6b4; raw_extractions:fec_api:schedules_schedule_a:e8bf15e5d29b8fb902a0d383784faa35bd40b3b3; raw_extractions:fec_api:schedules_schedule_a:7e9fecf8d677dc328747fd881afe7f57f6ae2bd0; raw_extractions:fec_api:schedules_schedule_a:a148b4961f4f49fb7b86040027d229540bc1a5d1; raw_extractions:fec_api:schedules_schedule_a:7e66a0eb5ea53b7415394e0025be3f5932b83d09; raw_extractions:fec_api:schedules_schedule_a:bdf26447deaabefd4d04f09125246d74cbae534a; raw_extractions:fec_api:schedules_schedule_a:787025dfaa9b8d636d3580a996170cbef1ecdc2c; ... (+1673 more),raw_extractions_payload_scan_union_all_payloads_profiled_first_n_rows_across_feed
fec_api_schedule_a_json,contributor,yes,,raw_extractions.payload_json; fec_schedule_a_contributions.*,yes,database/federal_fec.py; webapp/routes/main.py; database/analytics.py,,,Keep full raw payload retention and structured projection tests aligned.,1249,no,0.31692,"{'affiliated_committee_name': 'NONE', 'candidate_ids': [], 'city': 'ARLINGTON', 'committee_id': 'C00694323', 'committee_type': 'V', 'committee_type_full': 'Hybrid PAC (with Non-Contribution Account) - Nonqualified', 'cycle': 2026, 'cycles': [2020, 2022, 2024, 2026], 'cycles_has_activity': [2020, 2022, 2024, 2026], 'cycles_has_financial': [2020, 2022, 2024, 2026], 'designation': 'U', 'designation_full': 'Unauthorized', 'filing_frequency': 'Q', 'first_f1_date': '2019-01-18', 'first_file_date': '2019-01-18', 'is_active': True, 'last_cycle_has_activity': 2026, 'last_cycle_has_financial': 2026, 'last_f1_date': '2019-10-16', 'last_file_date': '2026-02-09', 'name': 'WINRED', 'organization_type': None, 'organization_type_full': None, 'party': None, 'party_full': None, 'state': 'VA', 'state_full': 'Virginia', 'street_1': '4250 FAIRFAX DR', 'street_2': 'STE 600', 'treasurer_name': 'OTTENHOFF, BENJAMIN', 'zip': '22203'} | {'affiliated_committee_name': 'A BRTHD AIMED TOWARD EDUC OF IL FED ELEC DEVICE FOR POLITICALLY ACTIVE MOTORCYCLISTS...', 'candidate_ids': [], 'city': 'LINDENHURST', 'committee_id': 'C00308460', 'committee_type': 'Q', 'committee_type_full': 'PAC - Qualified', 'cycle': 2026, 'cycles': [1996, 1998, 2000, 2002, 2004, 2006, 2008, 2010, 2012, 2014, 2016, 2018, 2020, 2022, 2024, 2026], 'cycles_has_activity': [1996, 1998, 2000, 2002, 2004, 2006, 2008, 2010, 2012, 2014, 2016, 2018, 2020, 2022, 2024, 2026], 'cycles_has_financial': [1996, 1998, 2000, 2002, 2004, 2006, 2008, 2010, 2012, 2014, 2016, 2018, 2020, 2022, 2024, 2026], 'designation': 'U', 'designation_full': 'Unauthorized', 'filing_frequency': 'Q', 'first_f1_date': '1995-11-20', 'first_file_date': '1995-11-20', 'is_active': True, 'last_cycle_has_activity': 2026, 'last_cycle_has_financial': 2026, 'last_f1_date': '2024-01-26', 'last_file_date': '2026-01-23', 'name': 'A BRTHD AIMED TOWARD EDUC OF IL FED ELEC DEVICE FOR POLITICALLY ACTIVE MOTORCYCLISTS...', 'organization_type': 'M', 'organization_type_full': 'Membership Organization', 'party': 'NAT', 'party_full': None, 'state': 'IL', 'state_full': 'Illinois', 'street_1': '2807 FALLING WATERS DR', 'street_2': None, 'treasurer_name': 'WINTERS, ELIZABETH', 'zip': '60046'} | {'affiliated_committee_name': 'BLUE TO THE FUTURE 2024', 'candidate_ids': [], 'city': 'SOMERVILLE', 'committee_id': 'C00401224', 'committee_type': 'V', 'committee_type_full': 'Hybrid PAC (with Non-Contribution Account) - Nonqualified', 'cycle': 2026, 'cycles': [2004, 2006, 2008, 2010, 2012, 2014, 2016, 2018, 2020, 2022, 2024, 2026], 'cycles_has_activity': [2004, 2006, 2008, 2010, 2012, 2014, 2016, 2018, 2020, 2022, 2024, 2026], 'cycles_has_financial': [2004, 2006, 2008, 2010, 2012, 2014, 2016, 2018, 2020, 2022, 2024, 2026], 'designation': 'U', 'designation_full': 'Unauthorized', 'filing_frequency': 'M', 'first_f1_date': '2004-05-17', 'first_file_date': '2004-05-17', 'is_active': True, 'last_cycle_has_activity': 2026, 'last_cycle_has_financial': 2026, 'last_f1_date': '2024-07-29', 'last_file_date': '2026-01-31', 'name': 'ACTBLUE', 'organization_type': None, 'organization_type_full': None, 'party': None, 'party_full': None, 'state': 'MA', 'state_full': 'Massachusetts', 'street_1': 'PO BOX 441146', 'street_2': None, 'treasurer_name': 'GILMER, GEORGE', 'zip': '02144'}",raw_extractions:fec_api:schedules_schedule_a:f13d47ec7c4732c98634b886fd9979289d42d0d1; raw_extractions:fec_api:schedules_schedule_a:98e38b95be9eb31749a3ff52d676d0078676e4d1; raw_extractions:fec_api:schedules_schedule_a:820ee583d6f695a607715fde9236a00e6fc10d61; raw_extractions:fec_api:schedules_schedule_a:2d89850b7d91c9f74db2196f1a07860219e324cf; raw_extractions:fec_api:schedules_schedule_a:440608d0054e46e524ef222748e33c225959c381; raw_extractions:fec_api:schedules_schedule_a:0dbf760a699f91678d9afe0d73835c1ed5efb6b4; raw_extractions:fec_api:schedules_schedule_a:e8bf15e5d29b8fb902a0d383784faa35bd40b3b3; raw_extractions:fec_api:schedules_schedule_a:7e9fecf8d677dc328747fd881afe7f57f6ae2bd0; raw_extractions:fec_api:schedules_schedule_a:a148b4961f4f49fb7b86040027d229540bc1a5d1; raw_extractions:fec_api:schedules_schedule_a:7e66a0eb5ea53b7415394e0025be3f5932b83d09; raw_extractions:fec_api:schedules_schedule_a:bdf26447deaabefd4d04f09125246d74cbae534a; raw_extractions:fec_api:schedules_schedule_a:787025dfaa9b8d636d3580a996170cbef1ecdc2c; ... (+1673 more),raw_extractions_payload_scan_union_all_payloads_profiled_first_n_rows_across_feed
fec_api_schedule_a_json,contributor_aggregate_ytd,yes,,raw_extractions.payload_json,no,,database/federal_fec.py:1173,explicitly excluded (not projected into structured FEC table),"Add explicit projection mapping if this key is needed downstream, or document intentional exclusion.",1249,no,0.0,5507.08 | 260.25 | 250.0,raw_extractions:fec_api:schedules_schedule_a:f13d47ec7c4732c98634b886fd9979289d42d0d1; raw_extractions:fec_api:schedules_schedule_a:98e38b95be9eb31749a3ff52d676d0078676e4d1; raw_extractions:fec_api:schedules_schedule_a:820ee583d6f695a607715fde9236a00e6fc10d61; raw_extractions:fec_api:schedules_schedule_a:2d89850b7d91c9f74db2196f1a07860219e324cf; raw_extractions:fec_api:schedules_schedule_a:440608d0054e46e524ef222748e33c225959c381; raw_extractions:fec_api:schedules_schedule_a:0dbf760a699f91678d9afe0d73835c1ed5efb6b4; raw_extractions:fec_api:schedules_schedule_a:e8bf15e5d29b8fb902a0d383784faa35bd40b3b3; raw_extractions:fec_api:schedules_schedule_a:7e9fecf8d677dc328747fd881afe7f57f6ae2bd0; raw_extractions:fec_api:schedules_schedule_a:a148b4961f4f49fb7b86040027d229540bc1a5d1; raw_extractions:fec_api:schedules_schedule_a:7e66a0eb5ea53b7415394e0025be3f5932b83d09; raw_extractions:fec_api:schedules_schedule_a:bdf26447deaabefd4d04f09125246d74cbae534a; raw_extractions:fec_api:schedules_schedule_a:787025dfaa9b8d636d3580a996170cbef1ecdc2c; ... (+1673 more),raw_extractions_payload_scan_union_all_payloads_profiled_first_n_rows_across_feed
fec_api_schedule_a_json,contributor_city,yes,,raw_extractions.payload_json; fec_schedule_a_contributions.*,yes,database/federal_fec.py; webapp/routes/main.py; database/analytics.py,,,Keep full raw payload retention and structured projection tests aligned.,1249,no,4e-05,ARLINGTON | LEROY | THOMSON,raw_extractions:fec_api:schedules_schedule_a:f13d47ec7c4732c98634b886fd9979289d42d0d1; raw_extractions:fec_api:schedules_schedule_a:98e38b95be9eb31749a3ff52d676d0078676e4d1; raw_extractions:fec_api:schedules_schedule_a:820ee583d6f695a607715fde9236a00e6fc10d61; raw_extractions:fec_api:schedules_schedule_a:2d89850b7d91c9f74db2196f1a07860219e324cf; raw_extractions:fec_api:schedules_schedule_a:440608d0054e46e524ef222748e33c225959c381; raw_extractions:fec_api:schedules_schedule_a:0dbf760a699f91678d9afe0d73835c1ed5efb6b4; raw_extractions:fec_api:schedules_schedule_a:e8bf15e5d29b8fb902a0d383784faa35bd40b3b3; raw_extractions:fec_api:schedules_schedule_a:7e9fecf8d677dc328747fd881afe7f57f6ae2bd0; raw_extractions:fec_api:schedules_schedule_a:a148b4961f4f49fb7b86040027d229540bc1a5d1; raw_extractions:fec_api:schedules_schedule_a:7e66a0eb5ea53b7415394e0025be3f5932b83d09; raw_extractions:fec_api:schedules_schedule_a:bdf26447deaabefd4d04f09125246d74cbae534a; raw_extractions:fec_api:schedules_schedule_a:787025dfaa9b8d636d3580a996170cbef1ecdc2c; ... (+1673 more),raw_extractions_payload_scan_union_all_payloads_profiled_first_n_rows_across_feed
fec_api_schedule_a_json,contributor_employer,yes,,raw_extractions.payload_json; fec_schedule_a_contributions.*,yes,database/federal_fec.py; webapp/routes/main.py; database/analytics.py,,,Keep full raw payload retention and structured projection tests aligned.,1249,no,0.42506,SELF | RETIRED | COMPEER FINANCIAL,raw_extractions:fec_api:schedules_schedule_a:f13d47ec7c4732c98634b886fd9979289d42d0d1; raw_extractions:fec_api:schedules_schedule_a:98e38b95be9eb31749a3ff52d676d0078676e4d1; raw_extractions:fec_api:schedules_schedule_a:820ee583d6f695a607715fde9236a00e6fc10d61; raw_extractions:fec_api:schedules_schedule_a:2d89850b7d91c9f74db2196f1a07860219e324cf; raw_extractions:fec_api:schedules_schedule_a:440608d0054e46e524ef222748e33c225959c381; raw_extractions:fec_api:schedules_schedule_a:0dbf760a699f91678d9afe0d73835c1ed5efb6b4; raw_extractions:fec_api:schedules_schedule_a:e8bf15e5d29b8fb902a0d383784faa35bd40b3b3; raw_extractions:fec_api:schedules_schedule_a:7e9fecf8d677dc328747fd881afe7f57f6ae2bd0; raw_extractions:fec_api:schedules_schedule_a:a148b4961f4f49fb7b86040027d229540bc1a5d1; raw_extractions:fec_api:schedules_schedule_a:7e66a0eb5ea53b7415394e0025be3f5932b83d09; raw_extractions:fec_api:schedules_schedule_a:bdf26447deaabefd4d04f09125246d74cbae534a; raw_extractions:fec_api:schedules_schedule_a:787025dfaa9b8d636d3580a996170cbef1ecdc2c; ... (+1673 more),raw_extractions_payload_scan_union_all_payloads_profiled_first_n_rows_across_feed
fec_api_schedule_a_json,contributor_first_name,yes,,raw_extractions.payload_json,no,,database/federal_fec.py:1173,explicitly excluded (not projected into structured FEC table),"Add explicit projection mapping if this key is needed downstream, or document intentional exclusion.",1249,no,0.42124,DAVID | JANICE | CYNTHIA,raw_extractions:fec_api:schedules_schedule_a:f13d47ec7c4732c98634b886fd9979289d42d0d1; raw_extractions:fec_api:schedules_schedule_a:98e38b95be9eb31749a3ff52d676d0078676e4d1; raw_extractions:fec_api:schedules_schedule_a:820ee583d6f695a607715fde9236a00e6fc10d61; raw_extractions:fec_api:schedules_schedule_a:2d89850b7d91c9f74db2196f1a07860219e324cf; raw_extractions:fec_api:schedules_schedule_a:440608d0054e46e524ef222748e33c225959c381; raw_extractions:fec_api:schedules_schedule_a:0dbf760a699f91678d9afe0d73835c1ed5efb6b4; raw_extractions:fec_api:schedules_schedule_a:e8bf15e5d29b8fb902a0d383784faa35bd40b3b3; raw_extractions:fec_api:schedules_schedule_a:7e9fecf8d677dc328747fd881afe7f57f6ae2bd0; raw_extractions:fec_api:schedules_schedule_a:a148b4961f4f49fb7b86040027d229540bc1a5d1; raw_extractions:fec_api:schedules_schedule_a:7e66a0eb5ea53b7415394e0025be3f5932b83d09; raw_extractions:fec_api:schedules_schedule_a:bdf26447deaabefd4d04f09125246d74cbae534a; raw_extractions:fec_api:schedules_schedule_a:787025dfaa9b8d636d3580a996170cbef1ecdc2c; ... (+1673 more),raw_extractions_payload_scan_union_all_payloads_profiled_first_n_rows_across_feed
fec_api_schedule_a_json,contributor_id,yes,,raw_extractions.payload_json; fec_schedule_a_contributions.*,yes,database/federal_fec.py; webapp/routes/main.py; database/analytics.py,,,Keep full raw payload retention and structured projection tests aligned.,1249,no,0.3165,C00694323 | C00308460 | C00401224,raw_extractions:fec_api:schedules_schedule_a:f13d47ec7c4732c98634b886fd9979289d42d0d1; raw_extractions:fec_api:schedules_schedule_a:98e38b95be9eb31749a3ff52d676d0078676e4d1; raw_extractions:fec_api:schedules_schedule_a:820ee583d6f695a607715fde9236a00e6fc10d61; raw_extractions:fec_api:schedules_schedule_a:2d89850b7d91c9f74db2196f1a07860219e324cf; raw_extractions:fec_api:schedules_schedule_a:440608d0054e46e524ef222748e33c225959c381; raw_extractions:fec_api:schedules_schedule_a:0dbf760a699f91678d9afe0d73835c1ed5efb6b4; raw_extractions:fec_api:schedules_schedule_a:e8bf15e5d29b8fb902a0d383784faa35bd40b3b3; raw_extractions:fec_api:schedules_schedule_a:7e9fecf8d677dc328747fd881afe7f57f6ae2bd0; raw_extractions:fec_api:schedules_schedule_a:a148b4961f4f49fb7b86040027d229540bc1a5d1; raw_extractions:fec_api:schedules_schedule_a:7e66a0eb5ea53b7415394e0025be3f5932b83d09; raw_extractions:fec_api:schedules_schedule_a:bdf26447deaabefd4d04f09125246d74cbae534a; raw_extractions:fec_api:schedules_schedule_a:787025dfaa9b8d636d3580a996170cbef1ecdc2c; ... (+1673 more),raw_extractions_payload_scan_union_all_payloads_profiled_first_n_rows_across_feed
fec_api_schedule_a_json,contributor_last_name,yes,,raw_extractions.payload_json,no,,database/federal_fec.py:1173,explicitly excluded (not projected into structured FEC table),"Add explicit projection mapping if this key is needed downstream, or document intentional exclusion.",1249,no,0.42124,OBRIEN | DURWARD | WOESSNER,raw_extractions:fec_api:schedules_schedule_a:f13d47ec7c4732c98634b886fd9979289d42d0d1; raw_extractions:fec_api:schedules_schedule_a:98e38b95be9eb31749a3ff52d676d0078676e4d1; raw_extractions:fec_api:schedules_schedule_a:820ee583d6f695a607715fde9236a00e6fc10d61; raw_extractions:fec_api:schedules_schedule_a:2d89850b7d91c9f74db2196f1a07860219e324cf; raw_extractions:fec_api:schedules_schedule_a:440608d0054e46e524ef222748e33c225959c381; raw_extractions:fec_api:schedules_schedule_a:0dbf760a699f91678d9afe0d73835c1ed5efb6b4; raw_extractions:fec_api:schedules_schedule_a:e8bf15e5d29b8fb902a0d383784faa35bd40b3b3; raw_extractions:fec_api:schedules_schedule_a:7e9fecf8d677dc328747fd881afe7f57f6ae2bd0; raw_extractions:fec_api:schedules_schedule_a:a148b4961f4f49fb7b86040027d229540bc1a5d1; raw_extractions:fec_api:schedules_schedule_a:7e66a0eb5ea53b7415394e0025be3f5932b83d09; raw_extractions:fec_api:schedules_schedule_a:bdf26447deaabefd4d04f09125246d74cbae534a; raw_extractions:fec_api:schedules_schedule_a:787025dfaa9b8d636d3580a996170cbef1ecdc2c; ... (+1673 more),raw_extractions_payload_scan_union_all_payloads_profiled_first_n_rows_across_feed
fec_api_schedule_a_json,contributor_middle_name,yes,,raw_extractions.payload_json,no,,database/federal_fec.py:1173,explicitly excluded (not projected into structured FEC table),"Add explicit projection mapping if this key is needed downstream, or document intentional exclusion.",1249,no,0.88392,R. | R | MICHAEL,raw_extractions:fec_api:schedules_schedule_a:f13d47ec7c4732c98634b886fd9979289d42d0d1; raw_extractions:fec_api:schedules_schedule_a:98e38b95be9eb31749a3ff52d676d0078676e4d1; raw_extractions:fec_api:schedules_schedule_a:820ee583d6f695a607715fde9236a00e6fc10d61; raw_extractions:fec_api:schedules_schedule_a:2d89850b7d91c9f74db2196f1a07860219e324cf; raw_extractions:fec_api:schedules_schedule_a:440608d0054e46e524ef222748e33c225959c381; raw_extractions:fec_api:schedules_schedule_a:0dbf760a699f91678d9afe0d73835c1ed5efb6b4; raw_extractions:fec_api:schedules_schedule_a:e8bf15e5d29b8fb902a0d383784faa35bd40b3b3; raw_extractions:fec_api:schedules_schedule_a:7e9fecf8d677dc328747fd881afe7f57f6ae2bd0; raw_extractions:fec_api:schedules_schedule_a:a148b4961f4f49fb7b86040027d229540bc1a5d1; raw_extractions:fec_api:schedules_schedule_a:7e66a0eb5ea53b7415394e0025be3f5932b83d09; raw_extractions:fec_api:schedules_schedule_a:bdf26447deaabefd4d04f09125246d74cbae534a; raw_extractions:fec_api:schedules_schedule_a:787025dfaa9b8d636d3580a996170cbef1ecdc2c; ... (+1673 more),raw_extractions_payload_scan_union_all_payloads_profiled_first_n_rows_across_feed
fec_api_schedule_a_json,contributor_name,yes,,raw_extractions.payload_json,no,,database/federal_fec.py:1173,explicitly excluded (not projected into structured FEC table),"Add explicit projection mapping if this key is needed downstream, or document intentional exclusion.",1249,no,0.0,"WINRED | OBRIEN, DAVID | DURWARD, JANICE",raw_extractions:fec_api:schedules_schedule_a:f13d47ec7c4732c98634b886fd9979289d42d0d1; raw_extractions:fec_api:schedules_schedule_a:98e38b95be9eb31749a3ff52d676d0078676e4d1; raw_extractions:fec_api:schedules_schedule_a:820ee583d6f695a607715fde9236a00e6fc10d61; raw_extractions:fec_api:schedules_schedule_a:2d89850b7d91c9f74db2196f1a07860219e324cf; raw_extractions:fec_api:schedules_schedule_a:440608d0054e46e524ef222748e33c225959c381; raw_extractions:fec_api:schedules_schedule_a:0dbf760a699f91678d9afe0d73835c1ed5efb6b4; raw_extractions:fec_api:schedules_schedule_a:e8bf15e5d29b8fb902a0d383784faa35bd40b3b3; raw_extractions:fec_api:schedules_schedule_a:7e9fecf8d677dc328747fd881afe7f57f6ae2bd0; raw_extractions:fec_api:schedules_schedule_a:a148b4961f4f49fb7b86040027d229540bc1a5d1; raw_extractions:fec_api:schedules_schedule_a:7e66a0eb5ea53b7415394e0025be3f5932b83d09; raw_extractions:fec_api:schedules_schedule_a:bdf26447deaabefd4d04f09125246d74cbae534a; raw_extractions:fec_api:schedules_schedule_a:787025dfaa9b8d636d3580a996170cbef1ecdc2c; ... (+1673 more),raw_extractions_payload_scan_union_all_payloads_profiled_first_n_rows_across_feed
fec_api_schedule_a_json,contributor_occupation,yes,,raw_extractions.payload_json; fec_schedule_a_contributions.*,yes,database/federal_fec.py; webapp/routes/main.py; database/analytics.py,,,Keep full raw payload retention and structured projection tests aligned.,1249,no,0.1079,FARMER | FARMING | RETIRED,raw_extractions:fec_api:schedules_schedule_a:f13d47ec7c4732c98634b886fd9979289d42d0d1; raw_extractions:fec_api:schedules_schedule_a:98e38b95be9eb31749a3ff52d676d0078676e4d1; raw_extractions:fec_api:schedules_schedule_a:820ee583d6f695a607715fde9236a00e6fc10d61; raw_extractions:fec_api:schedules_schedule_a:2d89850b7d91c9f74db2196f1a07860219e324cf; raw_extractions:fec_api:schedules_schedule_a:440608d0054e46e524ef222748e33c225959c381; raw_extractions:fec_api:schedules_schedule_a:0dbf760a699f91678d9afe0d73835c1ed5efb6b4; raw_extractions:fec_api:schedules_schedule_a:e8bf15e5d29b8fb902a0d383784faa35bd40b3b3; raw_extractions:fec_api:schedules_schedule_a:7e9fecf8d677dc328747fd881afe7f57f6ae2bd0; raw_extractions:fec_api:schedules_schedule_a:a148b4961f4f49fb7b86040027d229540bc1a5d1; raw_extractions:fec_api:schedules_schedule_a:7e66a0eb5ea53b7415394e0025be3f5932b83d09; raw_extractions:fec_api:schedules_schedule_a:bdf26447deaabefd4d04f09125246d74cbae534a; raw_extractions:fec_api:schedules_schedule_a:787025dfaa9b8d636d3580a996170cbef1ecdc2c; ... (+1673 more),raw_extractions_payload_scan_union_all_payloads_profiled_first_n_rows_across_feed
fec_api_schedule_a_json,contributor_prefix,yes,,raw_extractions.payload_json,no,,database/federal_fec.py:1173,explicitly excluded (not projected into structured FEC table),"Add explicit projection mapping if this key is needed downstream, or document intentional exclusion.",1249,no,0.98788,MS | MR | MRS,raw_extractions:fec_api:schedules_schedule_a:f13d47ec7c4732c98634b886fd9979289d42d0d1; raw_extractions:fec_api:schedules_schedule_a:98e38b95be9eb31749a3ff52d676d0078676e4d1; raw_extractions:fec_api:schedules_schedule_a:820ee583d6f695a607715fde9236a00e6fc10d61; raw_extractions:fec_api:schedules_schedule_a:2d89850b7d91c9f74db2196f1a07860219e324cf; raw_extractions:fec_api:schedules_schedule_a:440608d0054e46e524ef222748e33c225959c381; raw_extractions:fec_api:schedules_schedule_a:0dbf760a699f91678d9afe0d73835c1ed5efb6b4; raw_extractions:fec_api:schedules_schedule_a:e8bf15e5d29b8fb902a0d383784faa35bd40b3b3; raw_extractions:fec_api:schedules_schedule_a:7e9fecf8d677dc328747fd881afe7f57f6ae2bd0; raw_extractions:fec_api:schedules_schedule_a:a148b4961f4f49fb7b86040027d229540bc1a5d1; raw_extractions:fec_api:schedules_schedule_a:7e66a0eb5ea53b7415394e0025be3f5932b83d09; raw_extractions:fec_api:schedules_schedule_a:bdf26447deaabefd4d04f09125246d74cbae534a; raw_extractions:fec_api:schedules_schedule_a:787025dfaa9b8d636d3580a996170cbef1ecdc2c; ... (+1673 more),raw_extractions_payload_scan_union_all_payloads_profiled_first_n_rows_across_feed
fec_api_schedule_a_json,contributor_state,yes,,raw_extractions.payload_json; fec_schedule_a_contributions.*,yes,database/federal_fec.py; webapp/routes/main.py; database/analytics.py,,,Keep full raw payload retention and structured projection tests aligned.,1249,no,0.0001,VA | IL | IN,raw_extractions:fec_api:schedules_schedule_a:f13d47ec7c4732c98634b886fd9979289d42d0d1; raw_extractions:fec_api:schedules_schedule_a:98e38b95be9eb31749a3ff52d676d0078676e4d1; raw_extractions:fec_api:schedules_schedule_a:820ee583d6f695a607715fde9236a00e6fc10d61; raw_extractions:fec_api:schedules_schedule_a:2d89850b7d91c9f74db2196f1a07860219e324cf; raw_extractions:fec_api:schedules_schedule_a:440608d0054e46e524ef222748e33c225959c381; raw_extractions:fec_api:schedules_schedule_a:0dbf760a699f91678d9afe0d73835c1ed5efb6b4; raw_extractions:fec_api:schedules_schedule_a:e8bf15e5d29b8fb902a0d383784faa35bd40b3b3; raw_extractions:fec_api:schedules_schedule_a:7e9fecf8d677dc328747fd881afe7f57f6ae2bd0; raw_extractions:fec_api:schedules_schedule_a:a148b4961f4f49fb7b86040027d229540bc1a5d1; raw_extractions:fec_api:schedules_schedule_a:7e66a0eb5ea53b7415394e0025be3f5932b83d09; raw_extractions:fec_api:schedules_schedule_a:bdf26447deaabefd4d04f09125246d74cbae534a; raw_extractions:fec_api:schedules_schedule_a:787025dfaa9b8d636d3580a996170cbef1ecdc2c; ... (+1673 more),raw_extractions_payload_scan_union_all_payloads_profiled_first_n_rows_across_feed
fec_api_schedule_a_json,contributor_street_1,yes,,raw_extractions.payload_json,no,,database/federal_fec.py:1173,explicitly excluded (not projected into structured FEC table),"Add explicit projection mapping if this key is needed downstream, or document intentional exclusion.",1249,no,0.00012,4250 FAIRFAX DR | 22463 E 200 N RD | 16369B ARGO FAY RTE,raw_extractions:fec_api:schedules_schedule_a:f13d47ec7c4732c98634b886fd9979289d42d0d1; raw_extractions:fec_api:schedules_schedule_a:98e38b95be9eb31749a3ff52d676d0078676e4d1; raw_extractions:fec_api:schedules_schedule_a:820ee583d6f695a607715fde9236a00e6fc10d61; raw_extractions:fec_api:schedules_schedule_a:2d89850b7d91c9f74db2196f1a07860219e324cf; raw_extractions:fec_api:schedules_schedule_a:440608d0054e46e524ef222748e33c225959c381; raw_extractions:fec_api:schedules_schedule_a:0dbf760a699f91678d9afe0d73835c1ed5efb6b4; raw_extractions:fec_api:schedules_schedule_a:e8bf15e5d29b8fb902a0d383784faa35bd40b3b3; raw_extractions:fec_api:schedules_schedule_a:7e9fecf8d677dc328747fd881afe7f57f6ae2bd0; raw_extractions:fec_api:schedules_schedule_a:a148b4961f4f49fb7b86040027d229540bc1a5d1; raw_extractions:fec_api:schedules_schedule_a:7e66a0eb5ea53b7415394e0025be3f5932b83d09; raw_extractions:fec_api:schedules_schedule_a:bdf26447deaabefd4d04f09125246d74cbae534a; raw_extractions:fec_api:schedules_schedule_a:787025dfaa9b8d636d3580a996170cbef1ecdc2c; ... (+1673 more),raw_extractions_payload_scan_union_all_payloads_profiled_first_n_rows_across_feed
fec_api_schedule_a_json,contributor_street_2,yes,,raw_extractions.payload_json,no,,database/federal_fec.py:1173,explicitly excluded (not projected into structured FEC table),"Add explicit projection mapping if this key is needed downstream, or document intentional exclusion.",1249,no,0.87938,STE 600 | SUITE 1300 | 2R,raw_extractions:fec_api:schedules_schedule_a:f13d47ec7c4732c98634b886fd9979289d42d0d1; raw_extractions:fec_api:schedules_schedule_a:98e38b95be9eb31749a3ff52d676d0078676e4d1; raw_extractions:fec_api:schedules_schedule_a:820ee583d6f695a607715fde9236a00e6fc10d61; raw_extractions:fec_api:schedules_schedule_a:2d89850b7d91c9f74db2196f1a07860219e324cf; raw_extractions:fec_api:schedules_schedule_a:440608d0054e46e524ef222748e33c225959c381; raw_extractions:fec_api:schedules_schedule_a:0dbf760a699f91678d9afe0d73835c1ed5efb6b4; raw_extractions:fec_api:schedules_schedule_a:e8bf15e5d29b8fb902a0d383784faa35bd40b3b3; raw_extractions:fec_api:schedules_schedule_a:7e9fecf8d677dc328747fd881afe7f57f6ae2bd0; raw_extractions:fec_api:schedules_schedule_a:a148b4961f4f49fb7b86040027d229540bc1a5d1; raw_extractions:fec_api:schedules_schedule_a:7e66a0eb5ea53b7415394e0025be3f5932b83d09; raw_extractions:fec_api:schedules_schedule_a:bdf26447deaabefd4d04f09125246d74cbae534a; raw_extractions:fec_api:schedules_schedule_a:787025dfaa9b8d636d3580a996170cbef1ecdc2c; ... (+1673 more),raw_extractions_payload_scan_union_all_payloads_profiled_first_n_rows_across_feed
fec_api_schedule_a_json,contributor_suffix,yes,,raw_extractions.payload_json,no,,database/federal_fec.py:1173,explicitly excluded (not projected into structured FEC table),"Add explicit projection mapping if this key is needed downstream, or document intentional exclusion.",1249,no,0.99116,JR | III | SR,raw_extractions:fec_api:schedules_schedule_a:f13d47ec7c4732c98634b886fd9979289d42d0d1; raw_extractions:fec_api:schedules_schedule_a:98e38b95be9eb31749a3ff52d676d0078676e4d1; raw_extractions:fec_api:schedules_schedule_a:820ee583d6f695a607715fde9236a00e6fc10d61; raw_extractions:fec_api:schedules_schedule_a:2d89850b7d91c9f74db2196f1a07860219e324cf; raw_extractions:fec_api:schedules_schedule_a:440608d0054e46e524ef222748e33c225959c381; raw_extractions:fec_api:schedules_schedule_a:0dbf760a699f91678d9afe0d73835c1ed5efb6b4; raw_extractions:fec_api:schedules_schedule_a:e8bf15e5d29b8fb902a0d383784faa35bd40b3b3; raw_extractions:fec_api:schedules_schedule_a:7e9fecf8d677dc328747fd881afe7f57f6ae2bd0; raw_extractions:fec_api:schedules_schedule_a:a148b4961f4f49fb7b86040027d229540bc1a5d1; raw_extractions:fec_api:schedules_schedule_a:7e66a0eb5ea53b7415394e0025be3f5932b83d09; raw_extractions:fec_api:schedules_schedule_a:bdf26447deaabefd4d04f09125246d74cbae534a; raw_extractions:fec_api:schedules_schedule_a:787025dfaa9b8d636d3580a996170cbef1ecdc2c; ... (+1673 more),raw_extractions_payload_scan_union_all_payloads_profiled_first_n_rows_across_feed
fec_api_schedule_a_json,contributor_zip,yes,,raw_extractions.payload_json; fec_schedule_a_contributions.*,yes,database/federal_fec.py; webapp/routes/main.py; database/analytics.py,,,Keep full raw payload retention and structured projection tests aligned.,1249,no,0.00026,222031665 | 61752 | 612857670,raw_extractions:fec_api:schedules_schedule_a:f13d47ec7c4732c98634b886fd9979289d42d0d1; raw_extractions:fec_api:schedules_schedule_a:98e38b95be9eb31749a3ff52d676d0078676e4d1; raw_extractions:fec_api:schedules_schedule_a:820ee583d6f695a607715fde9236a00e6fc10d61; raw_extractions:fec_api:schedules_schedule_a:2d89850b7d91c9f74db2196f1a07860219e324cf; raw_extractions:fec_api:schedules_schedule_a:440608d0054e46e524ef222748e33c225959c381; raw_extractions:fec_api:schedules_schedule_a:0dbf760a699f91678d9afe0d73835c1ed5efb6b4; raw_extractions:fec_api:schedules_schedule_a:e8bf15e5d29b8fb902a0d383784faa35bd40b3b3; raw_extractions:fec_api:schedules_schedule_a:7e9fecf8d677dc328747fd881afe7f57f6ae2bd0; raw_extractions:fec_api:schedules_schedule_a:a148b4961f4f49fb7b86040027d229540bc1a5d1; raw_extractions:fec_api:schedules_schedule_a:7e66a0eb5ea53b7415394e0025be3f5932b83d09; raw_extractions:fec_api:schedules_schedule_a:bdf26447deaabefd4d04f09125246d74cbae534a; raw_extractions:fec_api:schedules_schedule_a:787025dfaa9b8d636d3580a996170cbef1ecdc2c; ... (+1673 more),raw_extractions_payload_scan_union_all_payloads_profiled_first_n_rows_across_feed
fec_api_schedule_a_json,donor_committee_name,yes,,raw_extractions.payload_json,no,,database/federal_fec.py:1173,explicitly excluded (not projected into structured FEC table),"Add explicit projection mapping if this key is needed downstream, or document intentional exclusion.",1249,no,0.68368,WINRED | FRIENDS OF LAUZEN | AURORA TOWNSHIP REPUBLICAN CENTRAL,raw_extractions:fec_api:schedules_schedule_a:f13d47ec7c4732c98634b886fd9979289d42d0d1; raw_extractions:fec_api:schedules_schedule_a:98e38b95be9eb31749a3ff52d676d0078676e4d1; raw_extractions:fec_api:schedules_schedule_a:820ee583d6f695a607715fde9236a00e6fc10d61; raw_extractions:fec_api:schedules_schedule_a:2d89850b7d91c9f74db2196f1a07860219e324cf; raw_extractions:fec_api:schedules_schedule_a:440608d0054e46e524ef222748e33c225959c381; raw_extractions:fec_api:schedules_schedule_a:0dbf760a699f91678d9afe0d73835c1ed5efb6b4; raw_extractions:fec_api:schedules_schedule_a:e8bf15e5d29b8fb902a0d383784faa35bd40b3b3; raw_extractions:fec_api:schedules_schedule_a:7e9fecf8d677dc328747fd881afe7f57f6ae2bd0; raw_extractions:fec_api:schedules_schedule_a:a148b4961f4f49fb7b86040027d229540bc1a5d1; raw_extractions:fec_api:schedules_schedule_a:7e66a0eb5ea53b7415394e0025be3f5932b83d09; raw_extractions:fec_api:schedules_schedule_a:bdf26447deaabefd4d04f09125246d74cbae534a; raw_extractions:fec_api:schedules_schedule_a:787025dfaa9b8d636d3580a996170cbef1ecdc2c; ... (+1673 more),raw_extractions_payload_scan_union_all_payloads_profiled_first_n_rows_across_feed
fec_api_schedule_a_json,election_type,yes,,raw_extractions.payload_json,no,,database/federal_fec.py:1173,explicitly excluded (not projected into structured FEC table),"Add explicit projection mapping if this key is needed downstream, or document intentional exclusion.",1249,no,0.0002,P2026 | G2026 | G2024,raw_extractions:fec_api:schedules_schedule_a:f13d47ec7c4732c98634b886fd9979289d42d0d1; raw_extractions:fec_api:schedules_schedule_a:98e38b95be9eb31749a3ff52d676d0078676e4d1; raw_extractions:fec_api:schedules_schedule_a:820ee583d6f695a607715fde9236a00e6fc10d61; raw_extractions:fec_api:schedules_schedule_a:2d89850b7d91c9f74db2196f1a07860219e324cf; raw_extractions:fec_api:schedules_schedule_a:440608d0054e46e524ef222748e33c225959c381; raw_extractions:fec_api:schedules_schedule_a:0dbf760a699f91678d9afe0d73835c1ed5efb6b4; raw_extractions:fec_api:schedules_schedule_a:e8bf15e5d29b8fb902a0d383784faa35bd40b3b3; raw_extractions:fec_api:schedules_schedule_a:7e9fecf8d677dc328747fd881afe7f57f6ae2bd0; raw_extractions:fec_api:schedules_schedule_a:a148b4961f4f49fb7b86040027d229540bc1a5d1; raw_extractions:fec_api:schedules_schedule_a:7e66a0eb5ea53b7415394e0025be3f5932b83d09; raw_extractions:fec_api:schedules_schedule_a:bdf26447deaabefd4d04f09125246d74cbae534a; raw_extractions:fec_api:schedules_schedule_a:787025dfaa9b8d636d3580a996170cbef1ecdc2c; ... (+1673 more),raw_extractions_payload_scan_union_all_payloads_profiled_first_n_rows_across_feed
fec_api_schedule_a_json,election_type_full,yes,,raw_extractions.payload_json,no,,database/federal_fec.py:1173,explicitly excluded (not projected into structured FEC table),"Add explicit projection mapping if this key is needed downstream, or document intentional exclusion.",1249,no,0.99988,03/09/2025 | DEBT PRIMARY 2008,raw_extractions:fec_api:schedules_schedule_a:f13d47ec7c4732c98634b886fd9979289d42d0d1; raw_extractions:fec_api:schedules_schedule_a:98e38b95be9eb31749a3ff52d676d0078676e4d1; raw_extractions:fec_api:schedules_schedule_a:820ee583d6f695a607715fde9236a00e6fc10d61; raw_extractions:fec_api:schedules_schedule_a:2d89850b7d91c9f74db2196f1a07860219e324cf; raw_extractions:fec_api:schedules_schedule_a:440608d0054e46e524ef222748e33c225959c381; raw_extractions:fec_api:schedules_schedule_a:0dbf760a699f91678d9afe0d73835c1ed5efb6b4; raw_extractions:fec_api:schedules_schedule_a:e8bf15e5d29b8fb902a0d383784faa35bd40b3b3; raw_extractions:fec_api:schedules_schedule_a:7e9fecf8d677dc328747fd881afe7f57f6ae2bd0; raw_extractions:fec_api:schedules_schedule_a:a148b4961f4f49fb7b86040027d229540bc1a5d1; raw_extractions:fec_api:schedules_schedule_a:7e66a0eb5ea53b7415394e0025be3f5932b83d09; raw_extractions:fec_api:schedules_schedule_a:bdf26447deaabefd4d04f09125246d74cbae534a; raw_extractions:fec_api:schedules_schedule_a:787025dfaa9b8d636d3580a996170cbef1ecdc2c; ... (+1673 more),raw_extractions_payload_scan_union_all_payloads_profiled_first_n_rows_across_feed
fec_api_schedule_a_json,entity_type,yes,,raw_extractions.payload_json,no,,database/federal_fec.py:1173,explicitly excluded (not projected into structured FEC table),"Add explicit projection mapping if this key is needed downstream, or document intentional exclusion.",1249,no,0.0,ORG | IND | CAN,raw_extractions:fec_api:schedules_schedule_a:f13d47ec7c4732c98634b886fd9979289d42d0d1; raw_extractions:fec_api:schedules_schedule_a:98e38b95be9eb31749a3ff52d676d0078676e4d1; raw_extractions:fec_api:schedules_schedule_a:820ee583d6f695a607715fde9236a00e6fc10d61; raw_extractions:fec_api:schedules_schedule_a:2d89850b7d91c9f74db2196f1a07860219e324cf; raw_extractions:fec_api:schedules_schedule_a:440608d0054e46e524ef222748e33c225959c381; raw_extractions:fec_api:schedules_schedule_a:0dbf760a699f91678d9afe0d73835c1ed5efb6b4; raw_extractions:fec_api:schedules_schedule_a:e8bf15e5d29b8fb902a0d383784faa35bd40b3b3; raw_extractions:fec_api:schedules_schedule_a:7e9fecf8d677dc328747fd881afe7f57f6ae2bd0; raw_extractions:fec_api:schedules_schedule_a:a148b4961f4f49fb7b86040027d229540bc1a5d1; raw_extractions:fec_api:schedules_schedule_a:7e66a0eb5ea53b7415394e0025be3f5932b83d09; raw_extractions:fec_api:schedules_schedule_a:bdf26447deaabefd4d04f09125246d74cbae534a; raw_extractions:fec_api:schedules_schedule_a:787025dfaa9b8d636d3580a996170cbef1ecdc2c; ... (+1673 more),raw_extractions_payload_scan_union_all_payloads_profiled_first_n_rows_across_feed
fec_api_schedule_a_json,entity_type_desc,yes,,raw_extractions.payload_json,no,,database/federal_fec.py:1173,explicitly excluded (not projected into structured FEC table),"Add explicit projection mapping if this key is needed downstream, or document intentional exclusion.",1249,no,0.0,ORGANIZATION | INDIVIDUAL | CANDIDATE,raw_extractions:fec_api:schedules_schedule_a:f13d47ec7c4732c98634b886fd9979289d42d0d1; raw_extractions:fec_api:schedules_schedule_a:98e38b95be9eb31749a3ff52d676d0078676e4d1; raw_extractions:fec_api:schedules_schedule_a:820ee583d6f695a607715fde9236a00e6fc10d61; raw_extractions:fec_api:schedules_schedule_a:2d89850b7d91c9f74db2196f1a07860219e324cf; raw_extractions:fec_api:schedules_schedule_a:440608d0054e46e524ef222748e33c225959c381; raw_extractions:fec_api:schedules_schedule_a:0dbf760a699f91678d9afe0d73835c1ed5efb6b4; raw_extractions:fec_api:schedules_schedule_a:e8bf15e5d29b8fb902a0d383784faa35bd40b3b3; raw_extractions:fec_api:schedules_schedule_a:7e9fecf8d677dc328747fd881afe7f57f6ae2bd0; raw_extractions:fec_api:schedules_schedule_a:a148b4961f4f49fb7b86040027d229540bc1a5d1; raw_extractions:fec_api:schedules_schedule_a:7e66a0eb5ea53b7415394e0025be3f5932b83d09; raw_extractions:fec_api:schedules_schedule_a:bdf26447deaabefd4d04f09125246d74cbae534a; raw_extractions:fec_api:schedules_schedule_a:787025dfaa9b8d636d3580a996170cbef1ecdc2c; ... (+1673 more),raw_extractions_payload_scan_union_all_payloads_profiled_first_n_rows_across_feed
fec_api_schedule_a_json,fec_election_type_desc,yes,,raw_extractions.payload_json,no,,database/federal_fec.py:1173,explicitly excluded (not projected into structured FEC table),"Add explicit projection mapping if this key is needed downstream, or document intentional exclusion.",1249,no,0.00032,PRIMARY | GENERAL,raw_extractions:fec_api:schedules_schedule_a:f13d47ec7c4732c98634b886fd9979289d42d0d1; raw_extractions:fec_api:schedules_schedule_a:98e38b95be9eb31749a3ff52d676d0078676e4d1; raw_extractions:fec_api:schedules_schedule_a:820ee583d6f695a607715fde9236a00e6fc10d61; raw_extractions:fec_api:schedules_schedule_a:2d89850b7d91c9f74db2196f1a07860219e324cf; raw_extractions:fec_api:schedules_schedule_a:440608d0054e46e524ef222748e33c225959c381; raw_extractions:fec_api:schedules_schedule_a:0dbf760a699f91678d9afe0d73835c1ed5efb6b4; raw_extractions:fec_api:schedules_schedule_a:e8bf15e5d29b8fb902a0d383784faa35bd40b3b3; raw_extractions:fec_api:schedules_schedule_a:7e9fecf8d677dc328747fd881afe7f57f6ae2bd0; raw_extractions:fec_api:schedules_schedule_a:a148b4961f4f49fb7b86040027d229540bc1a5d1; raw_extractions:fec_api:schedules_schedule_a:7e66a0eb5ea53b7415394e0025be3f5932b83d09; raw_extractions:fec_api:schedules_schedule_a:bdf26447deaabefd4d04f09125246d74cbae534a; raw_extractions:fec_api:schedules_schedule_a:787025dfaa9b8d636d3580a996170cbef1ecdc2c; ... (+1673 more),raw_extractions_payload_scan_union_all_payloads_profiled_first_n_rows_across_feed
fec_api_schedule_a_json,fec_election_year,yes,,raw_extractions.payload_json,no,,database/federal_fec.py:1173,explicitly excluded (not projected into structured FEC table),"Add explicit projection mapping if this key is needed downstream, or document intentional exclusion.",1249,no,0.00126,2026 | 2024 | 2025,raw_extractions:fec_api:schedules_schedule_a:f13d47ec7c4732c98634b886fd9979289d42d0d1; raw_extractions:fec_api:schedules_schedule_a:98e38b95be9eb31749a3ff52d676d0078676e4d1; raw_extractions:fec_api:schedules_schedule_a:820ee583d6f695a607715fde9236a00e6fc10d61; raw_extractions:fec_api:schedules_schedule_a:2d89850b7d91c9f74db2196f1a07860219e324cf; raw_extractions:fec_api:schedules_schedule_a:440608d0054e46e524ef222748e33c225959c381; raw_extractions:fec_api:schedules_schedule_a:0dbf760a699f91678d9afe0d73835c1ed5efb6b4; raw_extractions:fec_api:schedules_schedule_a:e8bf15e5d29b8fb902a0d383784faa35bd40b3b3; raw_extractions:fec_api:schedules_schedule_a:7e9fecf8d677dc328747fd881afe7f57f6ae2bd0; raw_extractions:fec_api:schedules_schedule_a:a148b4961f4f49fb7b86040027d229540bc1a5d1; raw_extractions:fec_api:schedules_schedule_a:7e66a0eb5ea53b7415394e0025be3f5932b83d09; raw_extractions:fec_api:schedules_schedule_a:bdf26447deaabefd4d04f09125246d74cbae534a; raw_extractions:fec_api:schedules_schedule_a:787025dfaa9b8d636d3580a996170cbef1ecdc2c; ... (+1673 more),raw_extractions_payload_scan_union_all_payloads_profiled_first_n_rows_across_feed
fec_api_schedule_a_json,file_number,yes,,raw_extractions.payload_json,no,,database/federal_fec.py:1173,explicitly excluded (not projected into structured FEC table),"Add explicit projection mapping if this key is needed downstream, or document intentional exclusion.",1249,no,0.0,1919887 | 1933129 | 1928743,raw_extractions:fec_api:schedules_schedule_a:f13d47ec7c4732c98634b886fd9979289d42d0d1; raw_extractions:fec_api:schedules_schedule_a:98e38b95be9eb31749a3ff52d676d0078676e4d1; raw_extractions:fec_api:schedules_schedule_a:820ee583d6f695a607715fde9236a00e6fc10d61; raw_extractions:fec_api:schedules_schedule_a:2d89850b7d91c9f74db2196f1a07860219e324cf; raw_extractions:fec_api:schedules_schedule_a:440608d0054e46e524ef222748e33c225959c381; raw_extractions:fec_api:schedules_schedule_a:0dbf760a699f91678d9afe0d73835c1ed5efb6b4; raw_extractions:fec_api:schedules_schedule_a:e8bf15e5d29b8fb902a0d383784faa35bd40b3b3; raw_extractions:fec_api:schedules_schedule_a:7e9fecf8d677dc328747fd881afe7f57f6ae2bd0; raw_extractions:fec_api:schedules_schedule_a:a148b4961f4f49fb7b86040027d229540bc1a5d1; raw_extractions:fec_api:schedules_schedule_a:7e66a0eb5ea53b7415394e0025be3f5932b83d09; raw_extractions:fec_api:schedules_schedule_a:bdf26447deaabefd4d04f09125246d74cbae534a; raw_extractions:fec_api:schedules_schedule_a:787025dfaa9b8d636d3580a996170cbef1ecdc2c; ... (+1673 more),raw_extractions_payload_scan_union_all_payloads_profiled_first_n_rows_across_feed
fec_api_schedule_a_json,filing_form,yes,,raw_extractions.payload_json,no,,database/federal_fec.py:1173,explicitly excluded (not projected into structured FEC table),"Add explicit projection mapping if this key is needed downstream, or document intentional exclusion.",1249,no,0.0,F3,raw_extractions:fec_api:schedules_schedule_a:f13d47ec7c4732c98634b886fd9979289d42d0d1; raw_extractions:fec_api:schedules_schedule_a:98e38b95be9eb31749a3ff52d676d0078676e4d1; raw_extractions:fec_api:schedules_schedule_a:820ee583d6f695a607715fde9236a00e6fc10d61; raw_extractions:fec_api:schedules_schedule_a:2d89850b7d91c9f74db2196f1a07860219e324cf; raw_extractions:fec_api:schedules_schedule_a:440608d0054e46e524ef222748e33c225959c381; raw_extractions:fec_api:schedules_schedule_a:0dbf760a699f91678d9afe0d73835c1ed5efb6b4; raw_extractions:fec_api:schedules_schedule_a:e8bf15e5d29b8fb902a0d383784faa35bd40b3b3; raw_extractions:fec_api:schedules_schedule_a:7e9fecf8d677dc328747fd881afe7f57f6ae2bd0; raw_extractions:fec_api:schedules_schedule_a:a148b4961f4f49fb7b86040027d229540bc1a5d1; raw_extractions:fec_api:schedules_schedule_a:7e66a0eb5ea53b7415394e0025be3f5932b83d09; raw_extractions:fec_api:schedules_schedule_a:bdf26447deaabefd4d04f09125246d74cbae534a; raw_extractions:fec_api:schedules_schedule_a:787025dfaa9b8d636d3580a996170cbef1ecdc2c; ... (+1673 more),raw_extractions_payload_scan_union_all_payloads_profiled_first_n_rows_across_feed
fec_api_schedule_a_json,image_number,yes,,raw_extractions.payload_json; fec_schedule_a_contributions.*,yes,database/federal_fec.py; webapp/routes/main.py; database/analytics.py,,,Keep full raw payload retention and structured projection tests aligned.,1249,no,0.0,202510159790862035 | 202510159790862030 | 202510159790862038,raw_extractions:fec_api:schedules_schedule_a:f13d47ec7c4732c98634b886fd9979289d42d0d1; raw_extractions:fec_api:schedules_schedule_a:98e38b95be9eb31749a3ff52d676d0078676e4d1; raw_extractions:fec_api:schedules_schedule_a:820ee583d6f695a607715fde9236a00e6fc10d61; raw_extractions:fec_api:schedules_schedule_a:2d89850b7d91c9f74db2196f1a07860219e324cf; raw_extractions:fec_api:schedules_schedule_a:440608d0054e46e524ef222748e33c225959c381; raw_extractions:fec_api:schedules_schedule_a:0dbf760a699f91678d9afe0d73835c1ed5efb6b4; raw_extractions:fec_api:schedules_schedule_a:e8bf15e5d29b8fb902a0d383784faa35bd40b3b3; raw_extractions:fec_api:schedules_schedule_a:7e9fecf8d677dc328747fd881afe7f57f6ae2bd0; raw_extractions:fec_api:schedules_schedule_a:a148b4961f4f49fb7b86040027d229540bc1a5d1; raw_extractions:fec_api:schedules_schedule_a:7e66a0eb5ea53b7415394e0025be3f5932b83d09; raw_extractions:fec_api:schedules_schedule_a:bdf26447deaabefd4d04f09125246d74cbae534a; raw_extractions:fec_api:schedules_schedule_a:787025dfaa9b8d636d3580a996170cbef1ecdc2c; ... (+1673 more),raw_extractions_payload_scan_union_all_payloads_profiled_first_n_rows_across_feed
fec_api_schedule_a_json,increased_limit,yes,,raw_extractions.payload_json,no,,database/federal_fec.py:1173,explicitly excluded (not projected into structured FEC table),"Add explicit projection mapping if this key is needed downstream, or document intentional exclusion.",1249,no,1.0,,raw_extractions:fec_api:schedules_schedule_a:f13d47ec7c4732c98634b886fd9979289d42d0d1; raw_extractions:fec_api:schedules_schedule_a:98e38b95be9eb31749a3ff52d676d0078676e4d1; raw_extractions:fec_api:schedules_schedule_a:820ee583d6f695a607715fde9236a00e6fc10d61; raw_extractions:fec_api:schedules_schedule_a:2d89850b7d91c9f74db2196f1a07860219e324cf; raw_extractions:fec_api:schedules_schedule_a:440608d0054e46e524ef222748e33c225959c381; raw_extractions:fec_api:schedules_schedule_a:0dbf760a699f91678d9afe0d73835c1ed5efb6b4; raw_extractions:fec_api:schedules_schedule_a:e8bf15e5d29b8fb902a0d383784faa35bd40b3b3; raw_extractions:fec_api:schedules_schedule_a:7e9fecf8d677dc328747fd881afe7f57f6ae2bd0; raw_extractions:fec_api:schedules_schedule_a:a148b4961f4f49fb7b86040027d229540bc1a5d1; raw_extractions:fec_api:schedules_schedule_a:7e66a0eb5ea53b7415394e0025be3f5932b83d09; raw_extractions:fec_api:schedules_schedule_a:bdf26447deaabefd4d04f09125246d74cbae534a; raw_extractions:fec_api:schedules_schedule_a:787025dfaa9b8d636d3580a996170cbef1ecdc2c; ... (+1673 more),raw_extractions_payload_scan_union_all_payloads_profiled_first_n_rows_across_feed
fec_api_schedule_a_json,is_individual,yes,,raw_extractions.payload_json; fec_schedule_a_contributions.*,yes,database/federal_fec.py; webapp/routes/main.py; database/analytics.py,,,Keep full raw payload retention and structured projection tests aligned.,1249,no,0.0,False | True,raw_extractions:fec_api:schedules_schedule_a:f13d47ec7c4732c98634b886fd9979289d42d0d1; raw_extractions:fec_api:schedules_schedule_a:98e38b95be9eb31749a3ff52d676d0078676e4d1; raw_extractions:fec_api:schedules_schedule_a:820ee583d6f695a607715fde9236a00e6fc10d61; raw_extractions:fec_api:schedules_schedule_a:2d89850b7d91c9f74db2196f1a07860219e324cf; raw_extractions:fec_api:schedules_schedule_a:440608d0054e46e524ef222748e33c225959c381; raw_extractions:fec_api:schedules_schedule_a:0dbf760a699f91678d9afe0d73835c1ed5efb6b4; raw_extractions:fec_api:schedules_schedule_a:e8bf15e5d29b8fb902a0d383784faa35bd40b3b3; raw_extractions:fec_api:schedules_schedule_a:7e9fecf8d677dc328747fd881afe7f57f6ae2bd0; raw_extractions:fec_api:schedules_schedule_a:a148b4961f4f49fb7b86040027d229540bc1a5d1; raw_extractions:fec_api:schedules_schedule_a:7e66a0eb5ea53b7415394e0025be3f5932b83d09; raw_extractions:fec_api:schedules_schedule_a:bdf26447deaabefd4d04f09125246d74cbae534a; raw_extractions:fec_api:schedules_schedule_a:787025dfaa9b8d636d3580a996170cbef1ecdc2c; ... (+1673 more),raw_extractions_payload_scan_union_all_payloads_profiled_first_n_rows_across_feed
fec_api_schedule_a_json,line_number,yes,,raw_extractions.payload_json; fec_schedule_a_contributions.*,yes,database/federal_fec.py; webapp/routes/main.py; database/analytics.py,,,Keep full raw payload retention and structured projection tests aligned.,1249,no,0.0,11AI | 13A | 14,raw_extractions:fec_api:schedules_schedule_a:f13d47ec7c4732c98634b886fd9979289d42d0d1; raw_extractions:fec_api:schedules_schedule_a:98e38b95be9eb31749a3ff52d676d0078676e4d1; raw_extractions:fec_api:schedules_schedule_a:820ee583d6f695a607715fde9236a00e6fc10d61; raw_extractions:fec_api:schedules_schedule_a:2d89850b7d91c9f74db2196f1a07860219e324cf; raw_extractions:fec_api:schedules_schedule_a:440608d0054e46e524ef222748e33c225959c381; raw_extractions:fec_api:schedules_schedule_a:0dbf760a699f91678d9afe0d73835c1ed5efb6b4; raw_extractions:fec_api:schedules_schedule_a:e8bf15e5d29b8fb902a0d383784faa35bd40b3b3; raw_extractions:fec_api:schedules_schedule_a:7e9fecf8d677dc328747fd881afe7f57f6ae2bd0; raw_extractions:fec_api:schedules_schedule_a:a148b4961f4f49fb7b86040027d229540bc1a5d1; raw_extractions:fec_api:schedules_schedule_a:7e66a0eb5ea53b7415394e0025be3f5932b83d09; raw_extractions:fec_api:schedules_schedule_a:bdf26447deaabefd4d04f09125246d74cbae534a; raw_extractions:fec_api:schedules_schedule_a:787025dfaa9b8d636d3580a996170cbef1ecdc2c; ... (+1673 more),raw_extractions_payload_scan_union_all_payloads_profiled_first_n_rows_across_feed
fec_api_schedule_a_json,line_number_label,yes,,raw_extractions.payload_json,no,,database/federal_fec.py:1173,explicitly excluded (not projected into structured FEC table),"Add explicit projection mapping if this key is needed downstream, or document intentional exclusion.",1249,no,0.0,Contributions From Individuals/Persons Other Than Political Committees | Loans Received from the Candidate | Offsets to Operating Expenditures,raw_extractions:fec_api:schedules_schedule_a:f13d47ec7c4732c98634b886fd9979289d42d0d1; raw_extractions:fec_api:schedules_schedule_a:98e38b95be9eb31749a3ff52d676d0078676e4d1; raw_extractions:fec_api:schedules_schedule_a:820ee583d6f695a607715fde9236a00e6fc10d61; raw_extractions:fec_api:schedules_schedule_a:2d89850b7d91c9f74db2196f1a07860219e324cf; raw_extractions:fec_api:schedules_schedule_a:440608d0054e46e524ef222748e33c225959c381; raw_extractions:fec_api:schedules_schedule_a:0dbf760a699f91678d9afe0d73835c1ed5efb6b4; raw_extractions:fec_api:schedules_schedule_a:e8bf15e5d29b8fb902a0d383784faa35bd40b3b3; raw_extractions:fec_api:schedules_schedule_a:7e9fecf8d677dc328747fd881afe7f57f6ae2bd0; raw_extractions:fec_api:schedules_schedule_a:a148b4961f4f49fb7b86040027d229540bc1a5d1; raw_extractions:fec_api:schedules_schedule_a:7e66a0eb5ea53b7415394e0025be3f5932b83d09; raw_extractions:fec_api:schedules_schedule_a:bdf26447deaabefd4d04f09125246d74cbae534a; raw_extractions:fec_api:schedules_schedule_a:787025dfaa9b8d636d3580a996170cbef1ecdc2c; ... (+1673 more),raw_extractions_payload_scan_union_all_payloads_profiled_first_n_rows_across_feed
fec_api_schedule_a_json,link_id,yes,,raw_extractions.payload_json,no,,database/federal_fec.py:1173,explicitly excluded (not projected into structured FEC table),"Add explicit projection mapping if this key is needed downstream, or document intentional exclusion.",1249,no,0.0,4101520251292819260 | 4011620261302505013 | 4121720251298943002,raw_extractions:fec_api:schedules_schedule_a:f13d47ec7c4732c98634b886fd9979289d42d0d1; raw_extractions:fec_api:schedules_schedule_a:98e38b95be9eb31749a3ff52d676d0078676e4d1; raw_extractions:fec_api:schedules_schedule_a:820ee583d6f695a607715fde9236a00e6fc10d61; raw_extractions:fec_api:schedules_schedule_a:2d89850b7d91c9f74db2196f1a07860219e324cf; raw_extractions:fec_api:schedules_schedule_a:440608d0054e46e524ef222748e33c225959c381; raw_extractions:fec_api:schedules_schedule_a:0dbf760a699f91678d9afe0d73835c1ed5efb6b4; raw_extractions:fec_api:schedules_schedule_a:e8bf15e5d29b8fb902a0d383784faa35bd40b3b3; raw_extractions:fec_api:schedules_schedule_a:7e9fecf8d677dc328747fd881afe7f57f6ae2bd0; raw_extractions:fec_api:schedules_schedule_a:a148b4961f4f49fb7b86040027d229540bc1a5d1; raw_extractions:fec_api:schedules_schedule_a:7e66a0eb5ea53b7415394e0025be3f5932b83d09; raw_extractions:fec_api:schedules_schedule_a:bdf26447deaabefd4d04f09125246d74cbae534a; raw_extractions:fec_api:schedules_schedule_a:787025dfaa9b8d636d3580a996170cbef1ecdc2c; ... (+1673 more),raw_extractions_payload_scan_union_all_payloads_profiled_first_n_rows_across_feed
fec_api_schedule_a_json,load_date,yes,,raw_extractions.payload_json; fec_schedule_a_contributions.*,yes,database/federal_fec.py; webapp/routes/main.py; database/analytics.py,,,Keep full raw payload retention and structured projection tests aligned.,1249,no,0.0,2025-12-06T03:06:06 | 2026-01-24T03:06:22 | 2026-01-14T03:06:11,raw_extractions:fec_api:schedules_schedule_a:f13d47ec7c4732c98634b886fd9979289d42d0d1; raw_extractions:fec_api:schedules_schedule_a:98e38b95be9eb31749a3ff52d676d0078676e4d1; raw_extractions:fec_api:schedules_schedule_a:820ee583d6f695a607715fde9236a00e6fc10d61; raw_extractions:fec_api:schedules_schedule_a:2d89850b7d91c9f74db2196f1a07860219e324cf; raw_extractions:fec_api:schedules_schedule_a:440608d0054e46e524ef222748e33c225959c381; raw_extractions:fec_api:schedules_schedule_a:0dbf760a699f91678d9afe0d73835c1ed5efb6b4; raw_extractions:fec_api:schedules_schedule_a:e8bf15e5d29b8fb902a0d383784faa35bd40b3b3; raw_extractions:fec_api:schedules_schedule_a:7e9fecf8d677dc328747fd881afe7f57f6ae2bd0; raw_extractions:fec_api:schedules_schedule_a:a148b4961f4f49fb7b86040027d229540bc1a5d1; raw_extractions:fec_api:schedules_schedule_a:7e66a0eb5ea53b7415394e0025be3f5932b83d09; raw_extractions:fec_api:schedules_schedule_a:bdf26447deaabefd4d04f09125246d74cbae534a; raw_extractions:fec_api:schedules_schedule_a:787025dfaa9b8d636d3580a996170cbef1ecdc2c; ... (+1673 more),raw_extractions_payload_scan_union_all_payloads_profiled_first_n_rows_across_feed
fec_api_schedule_a_json,memo_code,yes,,raw_extractions.payload_json,no,,database/federal_fec.py:1173,explicitly excluded (not projected into structured FEC table),"Add explicit projection mapping if this key is needed downstream, or document intentional exclusion.",1249,no,0.58862,X,raw_extractions:fec_api:schedules_schedule_a:f13d47ec7c4732c98634b886fd9979289d42d0d1; raw_extractions:fec_api:schedules_schedule_a:98e38b95be9eb31749a3ff52d676d0078676e4d1; raw_extractions:fec_api:schedules_schedule_a:820ee583d6f695a607715fde9236a00e6fc10d61; raw_extractions:fec_api:schedules_schedule_a:2d89850b7d91c9f74db2196f1a07860219e324cf; raw_extractions:fec_api:schedules_schedule_a:440608d0054e46e524ef222748e33c225959c381; raw_extractions:fec_api:schedules_schedule_a:0dbf760a699f91678d9afe0d73835c1ed5efb6b4; raw_extractions:fec_api:schedules_schedule_a:e8bf15e5d29b8fb902a0d383784faa35bd40b3b3; raw_extractions:fec_api:schedules_schedule_a:7e9fecf8d677dc328747fd881afe7f57f6ae2bd0; raw_extractions:fec_api:schedules_schedule_a:a148b4961f4f49fb7b86040027d229540bc1a5d1; raw_extractions:fec_api:schedules_schedule_a:7e66a0eb5ea53b7415394e0025be3f5932b83d09; raw_extractions:fec_api:schedules_schedule_a:bdf26447deaabefd4d04f09125246d74cbae534a; raw_extractions:fec_api:schedules_schedule_a:787025dfaa9b8d636d3580a996170cbef1ecdc2c; ... (+1673 more),raw_extractions_payload_scan_union_all_payloads_profiled_first_n_rows_across_feed
fec_api_schedule_a_json,memo_code_full,yes,,raw_extractions.payload_json,no,,database/federal_fec.py:1173,explicitly excluded (not projected into structured FEC table),"Add explicit projection mapping if this key is needed downstream, or document intentional exclusion.",1249,no,1.0,,raw_extractions:fec_api:schedules_schedule_a:f13d47ec7c4732c98634b886fd9979289d42d0d1; raw_extractions:fec_api:schedules_schedule_a:98e38b95be9eb31749a3ff52d676d0078676e4d1; raw_extractions:fec_api:schedules_schedule_a:820ee583d6f695a607715fde9236a00e6fc10d61; raw_extractions:fec_api:schedules_schedule_a:2d89850b7d91c9f74db2196f1a07860219e324cf; raw_extractions:fec_api:schedules_schedule_a:440608d0054e46e524ef222748e33c225959c381; raw_extractions:fec_api:schedules_schedule_a:0dbf760a699f91678d9afe0d73835c1ed5efb6b4; raw_extractions:fec_api:schedules_schedule_a:e8bf15e5d29b8fb902a0d383784faa35bd40b3b3; raw_extractions:fec_api:schedules_schedule_a:7e9fecf8d677dc328747fd881afe7f57f6ae2bd0; raw_extractions:fec_api:schedules_schedule_a:a148b4961f4f49fb7b86040027d229540bc1a5d1; raw_extractions:fec_api:schedules_schedule_a:7e66a0eb5ea53b7415394e0025be3f5932b83d09; raw_extractions:fec_api:schedules_schedule_a:bdf26447deaabefd4d04f09125246d74cbae534a; raw_extractions:fec_api:schedules_schedule_a:787025dfaa9b8d636d3580a996170cbef1ecdc2c; ... (+1673 more),raw_extractions_payload_scan_union_all_payloads_profiled_first_n_rows_across_feed
fec_api_schedule_a_json,memo_text,yes,,raw_extractions.payload_json; fec_schedule_a_contributions.*,yes,database/federal_fec.py; webapp/routes/main.py; database/analytics.py,,,Keep full raw payload retention and structured projection tests aligned.,1249,no,0.27426,TOTAL EARMARKED THROUGH CONDUIT. PAC LIMIT NOT AFFECTED. | NOTE: ABOVE CONTRIBUTION EARMARKED THROUGH THIS ORGANIZATION. | * EARMARKED CONTRIBUTION: SEE BELOW,raw_extractions:fec_api:schedules_schedule_a:f13d47ec7c4732c98634b886fd9979289d42d0d1; raw_extractions:fec_api:schedules_schedule_a:98e38b95be9eb31749a3ff52d676d0078676e4d1; raw_extractions:fec_api:schedules_schedule_a:820ee583d6f695a607715fde9236a00e6fc10d61; raw_extractions:fec_api:schedules_schedule_a:2d89850b7d91c9f74db2196f1a07860219e324cf; raw_extractions:fec_api:schedules_schedule_a:440608d0054e46e524ef222748e33c225959c381; raw_extractions:fec_api:schedules_schedule_a:0dbf760a699f91678d9afe0d73835c1ed5efb6b4; raw_extractions:fec_api:schedules_schedule_a:e8bf15e5d29b8fb902a0d383784faa35bd40b3b3; raw_extractions:fec_api:schedules_schedule_a:7e9fecf8d677dc328747fd881afe7f57f6ae2bd0; raw_extractions:fec_api:schedules_schedule_a:a148b4961f4f49fb7b86040027d229540bc1a5d1; raw_extractions:fec_api:schedules_schedule_a:7e66a0eb5ea53b7415394e0025be3f5932b83d09; raw_extractions:fec_api:schedules_schedule_a:bdf26447deaabefd4d04f09125246d74cbae534a; raw_extractions:fec_api:schedules_schedule_a:787025dfaa9b8d636d3580a996170cbef1ecdc2c; ... (+1673 more),raw_extractions_payload_scan_union_all_payloads_profiled_first_n_rows_across_feed
fec_api_schedule_a_json,memoed_subtotal,yes,,raw_extractions.payload_json,no,,database/federal_fec.py:1173,explicitly excluded (not projected into structured FEC table),"Add explicit projection mapping if this key is needed downstream, or document intentional exclusion.",1249,no,0.0,True | False,raw_extractions:fec_api:schedules_schedule_a:f13d47ec7c4732c98634b886fd9979289d42d0d1; raw_extractions:fec_api:schedules_schedule_a:98e38b95be9eb31749a3ff52d676d0078676e4d1; raw_extractions:fec_api:schedules_schedule_a:820ee583d6f695a607715fde9236a00e6fc10d61; raw_extractions:fec_api:schedules_schedule_a:2d89850b7d91c9f74db2196f1a07860219e324cf; raw_extractions:fec_api:schedules_schedule_a:440608d0054e46e524ef222748e33c225959c381; raw_extractions:fec_api:schedules_schedule_a:0dbf760a699f91678d9afe0d73835c1ed5efb6b4; raw_extractions:fec_api:schedules_schedule_a:e8bf15e5d29b8fb902a0d383784faa35bd40b3b3; raw_extractions:fec_api:schedules_schedule_a:7e9fecf8d677dc328747fd881afe7f57f6ae2bd0; raw_extractions:fec_api:schedules_schedule_a:a148b4961f4f49fb7b86040027d229540bc1a5d1; raw_extractions:fec_api:schedules_schedule_a:7e66a0eb5ea53b7415394e0025be3f5932b83d09; raw_extractions:fec_api:schedules_schedule_a:bdf26447deaabefd4d04f09125246d74cbae534a; raw_extractions:fec_api:schedules_schedule_a:787025dfaa9b8d636d3580a996170cbef1ecdc2c; ... (+1673 more),raw_extractions_payload_scan_union_all_payloads_profiled_first_n_rows_across_feed
fec_api_schedule_a_json,national_committee_nonfederal_account,yes,,raw_extractions.payload_json,no,,database/federal_fec.py:1173,explicitly excluded (not projected into structured FEC table),"Add explicit projection mapping if this key is needed downstream, or document intentional exclusion.",1249,no,1.0,,raw_extractions:fec_api:schedules_schedule_a:f13d47ec7c4732c98634b886fd9979289d42d0d1; raw_extractions:fec_api:schedules_schedule_a:98e38b95be9eb31749a3ff52d676d0078676e4d1; raw_extractions:fec_api:schedules_schedule_a:820ee583d6f695a607715fde9236a00e6fc10d61; raw_extractions:fec_api:schedules_schedule_a:2d89850b7d91c9f74db2196f1a07860219e324cf; raw_extractions:fec_api:schedules_schedule_a:440608d0054e46e524ef222748e33c225959c381; raw_extractions:fec_api:schedules_schedule_a:0dbf760a699f91678d9afe0d73835c1ed5efb6b4; raw_extractions:fec_api:schedules_schedule_a:e8bf15e5d29b8fb902a0d383784faa35bd40b3b3; raw_extractions:fec_api:schedules_schedule_a:7e9fecf8d677dc328747fd881afe7f57f6ae2bd0; raw_extractions:fec_api:schedules_schedule_a:a148b4961f4f49fb7b86040027d229540bc1a5d1; raw_extractions:fec_api:schedules_schedule_a:7e66a0eb5ea53b7415394e0025be3f5932b83d09; raw_extractions:fec_api:schedules_schedule_a:bdf26447deaabefd4d04f09125246d74cbae534a; raw_extractions:fec_api:schedules_schedule_a:787025dfaa9b8d636d3580a996170cbef1ecdc2c; ... (+1673 more),raw_extractions_payload_scan_union_all_payloads_profiled_first_n_rows_across_feed
fec_api_schedule_a_json,original_sub_id,yes,,raw_extractions.payload_json,no,,database/federal_fec.py:1173,explicitly excluded (not projected into structured FEC table),"Add explicit projection mapping if this key is needed downstream, or document intentional exclusion.",1249,no,1.0,,raw_extractions:fec_api:schedules_schedule_a:f13d47ec7c4732c98634b886fd9979289d42d0d1; raw_extractions:fec_api:schedules_schedule_a:98e38b95be9eb31749a3ff52d676d0078676e4d1; raw_extractions:fec_api:schedules_schedule_a:820ee583d6f695a607715fde9236a00e6fc10d61; raw_extractions:fec_api:schedules_schedule_a:2d89850b7d91c9f74db2196f1a07860219e324cf; raw_extractions:fec_api:schedules_schedule_a:440608d0054e46e524ef222748e33c225959c381; raw_extractions:fec_api:schedules_schedule_a:0dbf760a699f91678d9afe0d73835c1ed5efb6b4; raw_extractions:fec_api:schedules_schedule_a:e8bf15e5d29b8fb902a0d383784faa35bd40b3b3; raw_extractions:fec_api:schedules_schedule_a:7e9fecf8d677dc328747fd881afe7f57f6ae2bd0; raw_extractions:fec_api:schedules_schedule_a:a148b4961f4f49fb7b86040027d229540bc1a5d1; raw_extractions:fec_api:schedules_schedule_a:7e66a0eb5ea53b7415394e0025be3f5932b83d09; raw_extractions:fec_api:schedules_schedule_a:bdf26447deaabefd4d04f09125246d74cbae534a; raw_extractions:fec_api:schedules_schedule_a:787025dfaa9b8d636d3580a996170cbef1ecdc2c; ... (+1673 more),raw_extractions_payload_scan_union_all_payloads_profiled_first_n_rows_across_feed
fec_api_schedule_a_json,pdf_url,yes,,raw_extractions.payload_json,no,,database/federal_fec.py:1173,explicitly excluded (not projected into structured FEC table),"Add explicit projection mapping if this key is needed downstream, or document intentional exclusion.",1249,no,0.0,https://docquery.fec.gov/cgi-bin/fecimg/?202510159790862035 | https://docquery.fec.gov/cgi-bin/fecimg/?202510159790862030 | https://docquery.fec.gov/cgi-bin/fecimg/?202510159790862038,raw_extractions:fec_api:schedules_schedule_a:f13d47ec7c4732c98634b886fd9979289d42d0d1; raw_extractions:fec_api:schedules_schedule_a:98e38b95be9eb31749a3ff52d676d0078676e4d1; raw_extractions:fec_api:schedules_schedule_a:820ee583d6f695a607715fde9236a00e6fc10d61; raw_extractions:fec_api:schedules_schedule_a:2d89850b7d91c9f74db2196f1a07860219e324cf; raw_extractions:fec_api:schedules_schedule_a:440608d0054e46e524ef222748e33c225959c381; raw_extractions:fec_api:schedules_schedule_a:0dbf760a699f91678d9afe0d73835c1ed5efb6b4; raw_extractions:fec_api:schedules_schedule_a:e8bf15e5d29b8fb902a0d383784faa35bd40b3b3; raw_extractions:fec_api:schedules_schedule_a:7e9fecf8d677dc328747fd881afe7f57f6ae2bd0; raw_extractions:fec_api:schedules_schedule_a:a148b4961f4f49fb7b86040027d229540bc1a5d1; raw_extractions:fec_api:schedules_schedule_a:7e66a0eb5ea53b7415394e0025be3f5932b83d09; raw_extractions:fec_api:schedules_schedule_a:bdf26447deaabefd4d04f09125246d74cbae534a; raw_extractions:fec_api:schedules_schedule_a:787025dfaa9b8d636d3580a996170cbef1ecdc2c; ... (+1673 more),raw_extractions_payload_scan_union_all_payloads_profiled_first_n_rows_across_feed
fec_api_schedule_a_json,receipt_type,yes,,raw_extractions.payload_json; fec_schedule_a_contributions.*,yes,database/federal_fec.py; webapp/routes/main.py; database/analytics.py,,,Keep full raw payload retention and structured projection tests aligned.,1249,no,0.3885,15E | 15 | 16C,raw_extractions:fec_api:schedules_schedule_a:f13d47ec7c4732c98634b886fd9979289d42d0d1; raw_extractions:fec_api:schedules_schedule_a:98e38b95be9eb31749a3ff52d676d0078676e4d1; raw_extractions:fec_api:schedules_schedule_a:820ee583d6f695a607715fde9236a00e6fc10d61; raw_extractions:fec_api:schedules_schedule_a:2d89850b7d91c9f74db2196f1a07860219e324cf; raw_extractions:fec_api:schedules_schedule_a:440608d0054e46e524ef222748e33c225959c381; raw_extractions:fec_api:schedules_schedule_a:0dbf760a699f91678d9afe0d73835c1ed5efb6b4; raw_extractions:fec_api:schedules_schedule_a:e8bf15e5d29b8fb902a0d383784faa35bd40b3b3; raw_extractions:fec_api:schedules_schedule_a:7e9fecf8d677dc328747fd881afe7f57f6ae2bd0; raw_extractions:fec_api:schedules_schedule_a:a148b4961f4f49fb7b86040027d229540bc1a5d1; raw_extractions:fec_api:schedules_schedule_a:7e66a0eb5ea53b7415394e0025be3f5932b83d09; raw_extractions:fec_api:schedules_schedule_a:bdf26447deaabefd4d04f09125246d74cbae534a; raw_extractions:fec_api:schedules_schedule_a:787025dfaa9b8d636d3580a996170cbef1ecdc2c; ... (+1673 more),raw_extractions_payload_scan_union_all_payloads_profiled_first_n_rows_across_feed
fec_api_schedule_a_json,receipt_type_desc,yes,,raw_extractions.payload_json; fec_schedule_a_contributions.*,yes,database/federal_fec.py; webapp/routes/main.py; database/analytics.py,,,Keep full raw payload retention and structured projection tests aligned.,1249,no,0.3885,EARMARKED CONTRIBUTION | CONTRIBUTION | LOANS RECEIVED FROM THE CANDIDATE,raw_extractions:fec_api:schedules_schedule_a:f13d47ec7c4732c98634b886fd9979289d42d0d1; raw_extractions:fec_api:schedules_schedule_a:98e38b95be9eb31749a3ff52d676d0078676e4d1; raw_extractions:fec_api:schedules_schedule_a:820ee583d6f695a607715fde9236a00e6fc10d61; raw_extractions:fec_api:schedules_schedule_a:2d89850b7d91c9f74db2196f1a07860219e324cf; raw_extractions:fec_api:schedules_schedule_a:440608d0054e46e524ef222748e33c225959c381; raw_extractions:fec_api:schedules_schedule_a:0dbf760a699f91678d9afe0d73835c1ed5efb6b4; raw_extractions:fec_api:schedules_schedule_a:e8bf15e5d29b8fb902a0d383784faa35bd40b3b3; raw_extractions:fec_api:schedules_schedule_a:7e9fecf8d677dc328747fd881afe7f57f6ae2bd0; raw_extractions:fec_api:schedules_schedule_a:a148b4961f4f49fb7b86040027d229540bc1a5d1; raw_extractions:fec_api:schedules_schedule_a:7e66a0eb5ea53b7415394e0025be3f5932b83d09; raw_extractions:fec_api:schedules_schedule_a:bdf26447deaabefd4d04f09125246d74cbae534a; raw_extractions:fec_api:schedules_schedule_a:787025dfaa9b8d636d3580a996170cbef1ecdc2c; ... (+1673 more),raw_extractions_payload_scan_union_all_payloads_profiled_first_n_rows_across_feed
fec_api_schedule_a_json,receipt_type_full,yes,,raw_extractions.payload_json; fec_schedule_a_contributions.*,yes,database/federal_fec.py; webapp/routes/main.py; database/analytics.py,,,Keep full raw payload retention and structured projection tests aligned.,1249,no,0.91464,INTERMEDIARY | EARMARKED (NON-DIRECTED) THROUGH WINRED | IN-KIND -,raw_extractions:fec_api:schedules_schedule_a:f13d47ec7c4732c98634b886fd9979289d42d0d1; raw_extractions:fec_api:schedules_schedule_a:98e38b95be9eb31749a3ff52d676d0078676e4d1; raw_extractions:fec_api:schedules_schedule_a:820ee583d6f695a607715fde9236a00e6fc10d61; raw_extractions:fec_api:schedules_schedule_a:2d89850b7d91c9f74db2196f1a07860219e324cf; raw_extractions:fec_api:schedules_schedule_a:440608d0054e46e524ef222748e33c225959c381; raw_extractions:fec_api:schedules_schedule_a:0dbf760a699f91678d9afe0d73835c1ed5efb6b4; raw_extractions:fec_api:schedules_schedule_a:e8bf15e5d29b8fb902a0d383784faa35bd40b3b3; raw_extractions:fec_api:schedules_schedule_a:7e9fecf8d677dc328747fd881afe7f57f6ae2bd0; raw_extractions:fec_api:schedules_schedule_a:a148b4961f4f49fb7b86040027d229540bc1a5d1; raw_extractions:fec_api:schedules_schedule_a:7e66a0eb5ea53b7415394e0025be3f5932b83d09; raw_extractions:fec_api:schedules_schedule_a:bdf26447deaabefd4d04f09125246d74cbae534a; raw_extractions:fec_api:schedules_schedule_a:787025dfaa9b8d636d3580a996170cbef1ecdc2c; ... (+1673 more),raw_extractions_payload_scan_union_all_payloads_profiled_first_n_rows_across_feed
fec_api_schedule_a_json,recipient_committee_designation,yes,,raw_extractions.payload_json,no,,database/federal_fec.py:1173,explicitly excluded (not projected into structured FEC table),"Add explicit projection mapping if this key is needed downstream, or document intentional exclusion.",1249,no,0.0,P,raw_extractions:fec_api:schedules_schedule_a:f13d47ec7c4732c98634b886fd9979289d42d0d1; raw_extractions:fec_api:schedules_schedule_a:98e38b95be9eb31749a3ff52d676d0078676e4d1; raw_extractions:fec_api:schedules_schedule_a:820ee583d6f695a607715fde9236a00e6fc10d61; raw_extractions:fec_api:schedules_schedule_a:2d89850b7d91c9f74db2196f1a07860219e324cf; raw_extractions:fec_api:schedules_schedule_a:440608d0054e46e524ef222748e33c225959c381; raw_extractions:fec_api:schedules_schedule_a:0dbf760a699f91678d9afe0d73835c1ed5efb6b4; raw_extractions:fec_api:schedules_schedule_a:e8bf15e5d29b8fb902a0d383784faa35bd40b3b3; raw_extractions:fec_api:schedules_schedule_a:7e9fecf8d677dc328747fd881afe7f57f6ae2bd0; raw_extractions:fec_api:schedules_schedule_a:a148b4961f4f49fb7b86040027d229540bc1a5d1; raw_extractions:fec_api:schedules_schedule_a:7e66a0eb5ea53b7415394e0025be3f5932b83d09; raw_extractions:fec_api:schedules_schedule_a:bdf26447deaabefd4d04f09125246d74cbae534a; raw_extractions:fec_api:schedules_schedule_a:787025dfaa9b8d636d3580a996170cbef1ecdc2c; ... (+1673 more),raw_extractions_payload_scan_union_all_payloads_profiled_first_n_rows_across_feed
fec_api_schedule_a_json,recipient_committee_org_type,yes,,raw_extractions.payload_json,no,,database/federal_fec.py:1173,explicitly excluded (not projected into structured FEC table),"Add explicit projection mapping if this key is needed downstream, or document intentional exclusion.",1249,no,1.0,,raw_extractions:fec_api:schedules_schedule_a:f13d47ec7c4732c98634b886fd9979289d42d0d1; raw_extractions:fec_api:schedules_schedule_a:98e38b95be9eb31749a3ff52d676d0078676e4d1; raw_extractions:fec_api:schedules_schedule_a:820ee583d6f695a607715fde9236a00e6fc10d61; raw_extractions:fec_api:schedules_schedule_a:2d89850b7d91c9f74db2196f1a07860219e324cf; raw_extractions:fec_api:schedules_schedule_a:440608d0054e46e524ef222748e33c225959c381; raw_extractions:fec_api:schedules_schedule_a:0dbf760a699f91678d9afe0d73835c1ed5efb6b4; raw_extractions:fec_api:schedules_schedule_a:e8bf15e5d29b8fb902a0d383784faa35bd40b3b3; raw_extractions:fec_api:schedules_schedule_a:7e9fecf8d677dc328747fd881afe7f57f6ae2bd0; raw_extractions:fec_api:schedules_schedule_a:a148b4961f4f49fb7b86040027d229540bc1a5d1; raw_extractions:fec_api:schedules_schedule_a:7e66a0eb5ea53b7415394e0025be3f5932b83d09; raw_extractions:fec_api:schedules_schedule_a:bdf26447deaabefd4d04f09125246d74cbae534a; raw_extractions:fec_api:schedules_schedule_a:787025dfaa9b8d636d3580a996170cbef1ecdc2c; ... (+1673 more),raw_extractions_payload_scan_union_all_payloads_profiled_first_n_rows_across_feed
fec_api_schedule_a_json,recipient_committee_type,yes,,raw_extractions.payload_json,no,,database/federal_fec.py:1173,explicitly excluded (not projected into structured FEC table),"Add explicit projection mapping if this key is needed downstream, or document intentional exclusion.",1249,no,0.0,H | S,raw_extractions:fec_api:schedules_schedule_a:f13d47ec7c4732c98634b886fd9979289d42d0d1; raw_extractions:fec_api:schedules_schedule_a:98e38b95be9eb31749a3ff52d676d0078676e4d1; raw_extractions:fec_api:schedules_schedule_a:820ee583d6f695a607715fde9236a00e6fc10d61; raw_extractions:fec_api:schedules_schedule_a:2d89850b7d91c9f74db2196f1a07860219e324cf; raw_extractions:fec_api:schedules_schedule_a:440608d0054e46e524ef222748e33c225959c381; raw_extractions:fec_api:schedules_schedule_a:0dbf760a699f91678d9afe0d73835c1ed5efb6b4; raw_extractions:fec_api:schedules_schedule_a:e8bf15e5d29b8fb902a0d383784faa35bd40b3b3; raw_extractions:fec_api:schedules_schedule_a:7e9fecf8d677dc328747fd881afe7f57f6ae2bd0; raw_extractions:fec_api:schedules_schedule_a:a148b4961f4f49fb7b86040027d229540bc1a5d1; raw_extractions:fec_api:schedules_schedule_a:7e66a0eb5ea53b7415394e0025be3f5932b83d09; raw_extractions:fec_api:schedules_schedule_a:bdf26447deaabefd4d04f09125246d74cbae534a; raw_extractions:fec_api:schedules_schedule_a:787025dfaa9b8d636d3580a996170cbef1ecdc2c; ... (+1673 more),raw_extractions_payload_scan_union_all_payloads_profiled_first_n_rows_across_feed
fec_api_schedule_a_json,report_type,yes,,raw_extractions.payload_json,no,,database/federal_fec.py:1173,explicitly excluded (not projected into structured FEC table),"Add explicit projection mapping if this key is needed downstream, or document intentional exclusion.",1249,no,0.0,Q3 | YE | Q1,raw_extractions:fec_api:schedules_schedule_a:f13d47ec7c4732c98634b886fd9979289d42d0d1; raw_extractions:fec_api:schedules_schedule_a:98e38b95be9eb31749a3ff52d676d0078676e4d1; raw_extractions:fec_api:schedules_schedule_a:820ee583d6f695a607715fde9236a00e6fc10d61; raw_extractions:fec_api:schedules_schedule_a:2d89850b7d91c9f74db2196f1a07860219e324cf; raw_extractions:fec_api:schedules_schedule_a:440608d0054e46e524ef222748e33c225959c381; raw_extractions:fec_api:schedules_schedule_a:0dbf760a699f91678d9afe0d73835c1ed5efb6b4; raw_extractions:fec_api:schedules_schedule_a:e8bf15e5d29b8fb902a0d383784faa35bd40b3b3; raw_extractions:fec_api:schedules_schedule_a:7e9fecf8d677dc328747fd881afe7f57f6ae2bd0; raw_extractions:fec_api:schedules_schedule_a:a148b4961f4f49fb7b86040027d229540bc1a5d1; raw_extractions:fec_api:schedules_schedule_a:7e66a0eb5ea53b7415394e0025be3f5932b83d09; raw_extractions:fec_api:schedules_schedule_a:bdf26447deaabefd4d04f09125246d74cbae534a; raw_extractions:fec_api:schedules_schedule_a:787025dfaa9b8d636d3580a996170cbef1ecdc2c; ... (+1673 more),raw_extractions_payload_scan_union_all_payloads_profiled_first_n_rows_across_feed
fec_api_schedule_a_json,report_year,yes,,raw_extractions.payload_json,no,,database/federal_fec.py:1173,explicitly excluded (not projected into structured FEC table),"Add explicit projection mapping if this key is needed downstream, or document intentional exclusion.",1249,no,0.0,2025,raw_extractions:fec_api:schedules_schedule_a:f13d47ec7c4732c98634b886fd9979289d42d0d1; raw_extractions:fec_api:schedules_schedule_a:98e38b95be9eb31749a3ff52d676d0078676e4d1; raw_extractions:fec_api:schedules_schedule_a:820ee583d6f695a607715fde9236a00e6fc10d61; raw_extractions:fec_api:schedules_schedule_a:2d89850b7d91c9f74db2196f1a07860219e324cf; raw_extractions:fec_api:schedules_schedule_a:440608d0054e46e524ef222748e33c225959c381; raw_extractions:fec_api:schedules_schedule_a:0dbf760a699f91678d9afe0d73835c1ed5efb6b4; raw_extractions:fec_api:schedules_schedule_a:e8bf15e5d29b8fb902a0d383784faa35bd40b3b3; raw_extractions:fec_api:schedules_schedule_a:7e9fecf8d677dc328747fd881afe7f57f6ae2bd0; raw_extractions:fec_api:schedules_schedule_a:a148b4961f4f49fb7b86040027d229540bc1a5d1; raw_extractions:fec_api:schedules_schedule_a:7e66a0eb5ea53b7415394e0025be3f5932b83d09; raw_extractions:fec_api:schedules_schedule_a:bdf26447deaabefd4d04f09125246d74cbae534a; raw_extractions:fec_api:schedules_schedule_a:787025dfaa9b8d636d3580a996170cbef1ecdc2c; ... (+1673 more),raw_extractions_payload_scan_union_all_payloads_profiled_first_n_rows_across_feed
fec_api_schedule_a_json,schedule_type,yes,,raw_extractions.payload_json,no,,database/federal_fec.py:1173,explicitly excluded (not projected into structured FEC table),"Add explicit projection mapping if this key is needed downstream, or document intentional exclusion.",1249,no,0.0,SA,raw_extractions:fec_api:schedules_schedule_a:f13d47ec7c4732c98634b886fd9979289d42d0d1; raw_extractions:fec_api:schedules_schedule_a:98e38b95be9eb31749a3ff52d676d0078676e4d1; raw_extractions:fec_api:schedules_schedule_a:820ee583d6f695a607715fde9236a00e6fc10d61; raw_extractions:fec_api:schedules_schedule_a:2d89850b7d91c9f74db2196f1a07860219e324cf; raw_extractions:fec_api:schedules_schedule_a:440608d0054e46e524ef222748e33c225959c381; raw_extractions:fec_api:schedules_schedule_a:0dbf760a699f91678d9afe0d73835c1ed5efb6b4; raw_extractions:fec_api:schedules_schedule_a:e8bf15e5d29b8fb902a0d383784faa35bd40b3b3; raw_extractions:fec_api:schedules_schedule_a:7e9fecf8d677dc328747fd881afe7f57f6ae2bd0; raw_extractions:fec_api:schedules_schedule_a:a148b4961f4f49fb7b86040027d229540bc1a5d1; raw_extractions:fec_api:schedules_schedule_a:7e66a0eb5ea53b7415394e0025be3f5932b83d09; raw_extractions:fec_api:schedules_schedule_a:bdf26447deaabefd4d04f09125246d74cbae534a; raw_extractions:fec_api:schedules_schedule_a:787025dfaa9b8d636d3580a996170cbef1ecdc2c; ... (+1673 more),raw_extractions_payload_scan_union_all_payloads_profiled_first_n_rows_across_feed
fec_api_schedule_a_json,schedule_type_full,yes,,raw_extractions.payload_json,no,,database/federal_fec.py:1173,explicitly excluded (not projected into structured FEC table),"Add explicit projection mapping if this key is needed downstream, or document intentional exclusion.",1249,no,0.0,ITEMIZED RECEIPTS,raw_extractions:fec_api:schedules_schedule_a:f13d47ec7c4732c98634b886fd9979289d42d0d1; raw_extractions:fec_api:schedules_schedule_a:98e38b95be9eb31749a3ff52d676d0078676e4d1; raw_extractions:fec_api:schedules_schedule_a:820ee583d6f695a607715fde9236a00e6fc10d61; raw_extractions:fec_api:schedules_schedule_a:2d89850b7d91c9f74db2196f1a07860219e324cf; raw_extractions:fec_api:schedules_schedule_a:440608d0054e46e524ef222748e33c225959c381; raw_extractions:fec_api:schedules_schedule_a:0dbf760a699f91678d9afe0d73835c1ed5efb6b4; raw_extractions:fec_api:schedules_schedule_a:e8bf15e5d29b8fb902a0d383784faa35bd40b3b3; raw_extractions:fec_api:schedules_schedule_a:7e9fecf8d677dc328747fd881afe7f57f6ae2bd0; raw_extractions:fec_api:schedules_schedule_a:a148b4961f4f49fb7b86040027d229540bc1a5d1; raw_extractions:fec_api:schedules_schedule_a:7e66a0eb5ea53b7415394e0025be3f5932b83d09; raw_extractions:fec_api:schedules_schedule_a:bdf26447deaabefd4d04f09125246d74cbae534a; raw_extractions:fec_api:schedules_schedule_a:787025dfaa9b8d636d3580a996170cbef1ecdc2c; ... (+1673 more),raw_extractions_payload_scan_union_all_payloads_profiled_first_n_rows_across_feed
fec_api_schedule_a_json,sub_id,yes,,raw_extractions.payload_json; fec_schedule_a_contributions.*,yes,database/federal_fec.py; webapp/routes/main.py; database/analytics.py,,,Keep full raw payload retention and structured projection tests aligned.,1249,no,0.0,4120520251297265476 | 4120520251297265475 | 4120520251297265461,raw_extractions:fec_api:schedules_schedule_a:f13d47ec7c4732c98634b886fd9979289d42d0d1; raw_extractions:fec_api:schedules_schedule_a:98e38b95be9eb31749a3ff52d676d0078676e4d1; raw_extractions:fec_api:schedules_schedule_a:820ee583d6f695a607715fde9236a00e6fc10d61; raw_extractions:fec_api:schedules_schedule_a:2d89850b7d91c9f74db2196f1a07860219e324cf; raw_extractions:fec_api:schedules_schedule_a:440608d0054e46e524ef222748e33c225959c381; raw_extractions:fec_api:schedules_schedule_a:0dbf760a699f91678d9afe0d73835c1ed5efb6b4; raw_extractions:fec_api:schedules_schedule_a:e8bf15e5d29b8fb902a0d383784faa35bd40b3b3; raw_extractions:fec_api:schedules_schedule_a:7e9fecf8d677dc328747fd881afe7f57f6ae2bd0; raw_extractions:fec_api:schedules_schedule_a:a148b4961f4f49fb7b86040027d229540bc1a5d1; raw_extractions:fec_api:schedules_schedule_a:7e66a0eb5ea53b7415394e0025be3f5932b83d09; raw_extractions:fec_api:schedules_schedule_a:bdf26447deaabefd4d04f09125246d74cbae534a; raw_extractions:fec_api:schedules_schedule_a:787025dfaa9b8d636d3580a996170cbef1ecdc2c; ... (+1673 more),raw_extractions_payload_scan_union_all_payloads_profiled_first_n_rows_across_feed
fec_api_schedule_a_json,transaction_id,yes,,raw_extractions.payload_json,no,,database/federal_fec.py:1173,explicitly excluded (not projected into structured FEC table),"Add explicit projection mapping if this key is needed downstream, or document intentional exclusion.",1249,no,0.0,A05B0F6B9E14F449A861 | A7ABDE7206C224F078A4 | A475C98A5333A49B7B4F,raw_extractions:fec_api:schedules_schedule_a:f13d47ec7c4732c98634b886fd9979289d42d0d1; raw_extractions:fec_api:schedules_schedule_a:98e38b95be9eb31749a3ff52d676d0078676e4d1; raw_extractions:fec_api:schedules_schedule_a:820ee583d6f695a607715fde9236a00e6fc10d61; raw_extractions:fec_api:schedules_schedule_a:2d89850b7d91c9f74db2196f1a07860219e324cf; raw_extractions:fec_api:schedules_schedule_a:440608d0054e46e524ef222748e33c225959c381; raw_extractions:fec_api:schedules_schedule_a:0dbf760a699f91678d9afe0d73835c1ed5efb6b4; raw_extractions:fec_api:schedules_schedule_a:e8bf15e5d29b8fb902a0d383784faa35bd40b3b3; raw_extractions:fec_api:schedules_schedule_a:7e9fecf8d677dc328747fd881afe7f57f6ae2bd0; raw_extractions:fec_api:schedules_schedule_a:a148b4961f4f49fb7b86040027d229540bc1a5d1; raw_extractions:fec_api:schedules_schedule_a:7e66a0eb5ea53b7415394e0025be3f5932b83d09; raw_extractions:fec_api:schedules_schedule_a:bdf26447deaabefd4d04f09125246d74cbae534a; raw_extractions:fec_api:schedules_schedule_a:787025dfaa9b8d636d3580a996170cbef1ecdc2c; ... (+1673 more),raw_extractions_payload_scan_union_all_payloads_profiled_first_n_rows_across_feed
fec_api_schedule_a_json,two_year_transaction_period,yes,,raw_extractions.payload_json; fec_schedule_a_contributions.*,yes,database/federal_fec.py; webapp/routes/main.py; database/analytics.py,,,Keep full raw payload retention and structured projection tests aligned.,1249,no,0.0,2026,raw_extractions:fec_api:schedules_schedule_a:f13d47ec7c4732c98634b886fd9979289d42d0d1; raw_extractions:fec_api:schedules_schedule_a:98e38b95be9eb31749a3ff52d676d0078676e4d1; raw_extractions:fec_api:schedules_schedule_a:820ee583d6f695a607715fde9236a00e6fc10d61; raw_extractions:fec_api:schedules_schedule_a:2d89850b7d91c9f74db2196f1a07860219e324cf; raw_extractions:fec_api:schedules_schedule_a:440608d0054e46e524ef222748e33c225959c381; raw_extractions:fec_api:schedules_schedule_a:0dbf760a699f91678d9afe0d73835c1ed5efb6b4; raw_extractions:fec_api:schedules_schedule_a:e8bf15e5d29b8fb902a0d383784faa35bd40b3b3; raw_extractions:fec_api:schedules_schedule_a:7e9fecf8d677dc328747fd881afe7f57f6ae2bd0; raw_extractions:fec_api:schedules_schedule_a:a148b4961f4f49fb7b86040027d229540bc1a5d1; raw_extractions:fec_api:schedules_schedule_a:7e66a0eb5ea53b7415394e0025be3f5932b83d09; raw_extractions:fec_api:schedules_schedule_a:bdf26447deaabefd4d04f09125246d74cbae534a; raw_extractions:fec_api:schedules_schedule_a:787025dfaa9b8d636d3580a996170cbef1ecdc2c; ... (+1673 more),raw_extractions_payload_scan_union_all_payloads_profiled_first_n_rows_across_feed
fec_api_schedule_a_json,unused_contbr_id,yes,,raw_extractions.payload_json,no,,database/federal_fec.py:1173,explicitly excluded (not projected into structured FEC table),"Add explicit projection mapping if this key is needed downstream, or document intentional exclusion.",1249,no,0.3164,C00694323 | C00308460 | C00401224,raw_extractions:fec_api:schedules_schedule_a:f13d47ec7c4732c98634b886fd9979289d42d0d1; raw_extractions:fec_api:schedules_schedule_a:98e38b95be9eb31749a3ff52d676d0078676e4d1; raw_extractions:fec_api:schedules_schedule_a:820ee583d6f695a607715fde9236a00e6fc10d61; raw_extractions:fec_api:schedules_schedule_a:2d89850b7d91c9f74db2196f1a07860219e324cf; raw_extractions:fec_api:schedules_schedule_a:440608d0054e46e524ef222748e33c225959c381; raw_extractions:fec_api:schedules_schedule_a:0dbf760a699f91678d9afe0d73835c1ed5efb6b4; raw_extractions:fec_api:schedules_schedule_a:e8bf15e5d29b8fb902a0d383784faa35bd40b3b3; raw_extractions:fec_api:schedules_schedule_a:7e9fecf8d677dc328747fd881afe7f57f6ae2bd0; raw_extractions:fec_api:schedules_schedule_a:a148b4961f4f49fb7b86040027d229540bc1a5d1; raw_extractions:fec_api:schedules_schedule_a:7e66a0eb5ea53b7415394e0025be3f5932b83d09; raw_extractions:fec_api:schedules_schedule_a:bdf26447deaabefd4d04f09125246d74cbae534a; raw_extractions:fec_api:schedules_schedule_a:787025dfaa9b8d636d3580a996170cbef1ecdc2c; ... (+1673 more),raw_extractions_payload_scan_union_all_payloads_profiled_first_n_rows_across_feed
fec_api_schedule_b_json,amendment_indicator,yes,,raw_extractions.payload_json,no,,database/federal_fec.py:1358,explicitly excluded (not projected into structured FEC table),"Add explicit projection mapping if this key is needed downstream, or document intentional exclusion.",190,no,0.0,A | N | C,raw_extractions:fec_api:schedules_schedule_b:77776af4a1253dcb860ccd91bc6e9aee651aa364; raw_extractions:fec_api:schedules_schedule_b:f59a74a4b53e5228bf447792b5e76ce6f8712711; raw_extractions:fec_api:schedules_schedule_b:e0ba05f103c9be180cfbaf3e8952134912950040; raw_extractions:fec_api:schedules_schedule_b:becbbc3d5ccf47e9784a2490d0c73dfc28d79837; raw_extractions:fec_api:schedules_schedule_b:6acf10b9056f190d1d5f4b3768e7205d0237b6d7; raw_extractions:fec_api:schedules_schedule_b:f7bf9d9ee46761f6b3c5981f0382f01a0cdfcf70; raw_extractions:fec_api:schedules_schedule_b:3acfb2eaa92e3651dc3316cd2dd8c80a2cb3558f; raw_extractions:fec_api:schedules_schedule_b:c5be4fd9a5bd84c50499dc0284d32ff3d71e0ffd; raw_extractions:fec_api:schedules_schedule_b:67c63250d1f52718fb9346b37a61c7bcdd6c0d33; raw_extractions:fec_api:schedules_schedule_b:70e1dc3d0f12ca7256bbf07abc0cc45a6c1b0881; raw_extractions:fec_api:schedules_schedule_b:c0f13cf12aa9a54a4d2eb15118937d62df72afb7; raw_extractions:fec_api:schedules_schedule_b:109926a3bf17c8498ee0728677090ca4fd66b7be; ... (+309 more),raw_extractions_payload_scan_union_all_payloads_profiled_first_n_rows_across_feed
fec_api_schedule_b_json,amendment_indicator_desc,yes,,raw_extractions.payload_json,no,,database/federal_fec.py:1358,explicitly excluded (not projected into structured FEC table),"Add explicit projection mapping if this key is needed downstream, or document intentional exclusion.",190,no,0.0,ADD | NO CHANGE | CHANGE,raw_extractions:fec_api:schedules_schedule_b:77776af4a1253dcb860ccd91bc6e9aee651aa364; raw_extractions:fec_api:schedules_schedule_b:f59a74a4b53e5228bf447792b5e76ce6f8712711; raw_extractions:fec_api:schedules_schedule_b:e0ba05f103c9be180cfbaf3e8952134912950040; raw_extractions:fec_api:schedules_schedule_b:becbbc3d5ccf47e9784a2490d0c73dfc28d79837; raw_extractions:fec_api:schedules_schedule_b:6acf10b9056f190d1d5f4b3768e7205d0237b6d7; raw_extractions:fec_api:schedules_schedule_b:f7bf9d9ee46761f6b3c5981f0382f01a0cdfcf70; raw_extractions:fec_api:schedules_schedule_b:3acfb2eaa92e3651dc3316cd2dd8c80a2cb3558f; raw_extractions:fec_api:schedules_schedule_b:c5be4fd9a5bd84c50499dc0284d32ff3d71e0ffd; raw_extractions:fec_api:schedules_schedule_b:67c63250d1f52718fb9346b37a61c7bcdd6c0d33; raw_extractions:fec_api:schedules_schedule_b:70e1dc3d0f12ca7256bbf07abc0cc45a6c1b0881; raw_extractions:fec_api:schedules_schedule_b:c0f13cf12aa9a54a4d2eb15118937d62df72afb7; raw_extractions:fec_api:schedules_schedule_b:109926a3bf17c8498ee0728677090ca4fd66b7be; ... (+309 more),raw_extractions_payload_scan_union_all_payloads_profiled_first_n_rows_across_feed
fec_api_schedule_b_json,back_reference_schedule_id,yes,,raw_extractions.payload_json,no,,database/federal_fec.py:1358,explicitly excluded (not projected into structured FEC table),"Add explicit projection mapping if this key is needed downstream, or document intentional exclusion.",190,no,0.792461,SB17 | SA11C | SA11AI,raw_extractions:fec_api:schedules_schedule_b:77776af4a1253dcb860ccd91bc6e9aee651aa364; raw_extractions:fec_api:schedules_schedule_b:f59a74a4b53e5228bf447792b5e76ce6f8712711; raw_extractions:fec_api:schedules_schedule_b:e0ba05f103c9be180cfbaf3e8952134912950040; raw_extractions:fec_api:schedules_schedule_b:becbbc3d5ccf47e9784a2490d0c73dfc28d79837; raw_extractions:fec_api:schedules_schedule_b:6acf10b9056f190d1d5f4b3768e7205d0237b6d7; raw_extractions:fec_api:schedules_schedule_b:f7bf9d9ee46761f6b3c5981f0382f01a0cdfcf70; raw_extractions:fec_api:schedules_schedule_b:3acfb2eaa92e3651dc3316cd2dd8c80a2cb3558f; raw_extractions:fec_api:schedules_schedule_b:c5be4fd9a5bd84c50499dc0284d32ff3d71e0ffd; raw_extractions:fec_api:schedules_schedule_b:67c63250d1f52718fb9346b37a61c7bcdd6c0d33; raw_extractions:fec_api:schedules_schedule_b:70e1dc3d0f12ca7256bbf07abc0cc45a6c1b0881; raw_extractions:fec_api:schedules_schedule_b:c0f13cf12aa9a54a4d2eb15118937d62df72afb7; raw_extractions:fec_api:schedules_schedule_b:109926a3bf17c8498ee0728677090ca4fd66b7be; ... (+309 more),raw_extractions_payload_scan_union_all_payloads_profiled_first_n_rows_across_feed
fec_api_schedule_b_json,back_reference_transaction_id,yes,,raw_extractions.payload_json,no,,database/federal_fec.py:1358,explicitly excluded (not projected into structured FEC table),"Add explicit projection mapping if this key is needed downstream, or document intentional exclusion.",190,no,0.783335,500390958 | 500390846 | 500390845,raw_extractions:fec_api:schedules_schedule_b:77776af4a1253dcb860ccd91bc6e9aee651aa364; raw_extractions:fec_api:schedules_schedule_b:f59a74a4b53e5228bf447792b5e76ce6f8712711; raw_extractions:fec_api:schedules_schedule_b:e0ba05f103c9be180cfbaf3e8952134912950040; raw_extractions:fec_api:schedules_schedule_b:becbbc3d5ccf47e9784a2490d0c73dfc28d79837; raw_extractions:fec_api:schedules_schedule_b:6acf10b9056f190d1d5f4b3768e7205d0237b6d7; raw_extractions:fec_api:schedules_schedule_b:f7bf9d9ee46761f6b3c5981f0382f01a0cdfcf70; raw_extractions:fec_api:schedules_schedule_b:3acfb2eaa92e3651dc3316cd2dd8c80a2cb3558f; raw_extractions:fec_api:schedules_schedule_b:c5be4fd9a5bd84c50499dc0284d32ff3d71e0ffd; raw_extractions:fec_api:schedules_schedule_b:67c63250d1f52718fb9346b37a61c7bcdd6c0d33; raw_extractions:fec_api:schedules_schedule_b:70e1dc3d0f12ca7256bbf07abc0cc45a6c1b0881; raw_extractions:fec_api:schedules_schedule_b:c0f13cf12aa9a54a4d2eb15118937d62df72afb7; raw_extractions:fec_api:schedules_schedule_b:109926a3bf17c8498ee0728677090ca4fd66b7be; ... (+309 more),raw_extractions_payload_scan_union_all_payloads_profiled_first_n_rows_across_feed
fec_api_schedule_b_json,beneficiary_committee_name,yes,,raw_extractions.payload_json,no,,database/federal_fec.py:1358,explicitly excluded (not projected into structured FEC table),"Add explicit projection mapping if this key is needed downstream, or document intentional exclusion.",190,no,0.94806,BRYAN MAXWELL FOR US SENATE | DEAN FOR ILLINOIS | DON TRACY FOR ILLINOIS,raw_extractions:fec_api:schedules_schedule_b:77776af4a1253dcb860ccd91bc6e9aee651aa364; raw_extractions:fec_api:schedules_schedule_b:f59a74a4b53e5228bf447792b5e76ce6f8712711; raw_extractions:fec_api:schedules_schedule_b:e0ba05f103c9be180cfbaf3e8952134912950040; raw_extractions:fec_api:schedules_schedule_b:becbbc3d5ccf47e9784a2490d0c73dfc28d79837; raw_extractions:fec_api:schedules_schedule_b:6acf10b9056f190d1d5f4b3768e7205d0237b6d7; raw_extractions:fec_api:schedules_schedule_b:f7bf9d9ee46761f6b3c5981f0382f01a0cdfcf70; raw_extractions:fec_api:schedules_schedule_b:3acfb2eaa92e3651dc3316cd2dd8c80a2cb3558f; raw_extractions:fec_api:schedules_schedule_b:c5be4fd9a5bd84c50499dc0284d32ff3d71e0ffd; raw_extractions:fec_api:schedules_schedule_b:67c63250d1f52718fb9346b37a61c7bcdd6c0d33; raw_extractions:fec_api:schedules_schedule_b:70e1dc3d0f12ca7256bbf07abc0cc45a6c1b0881; raw_extractions:fec_api:schedules_schedule_b:c0f13cf12aa9a54a4d2eb15118937d62df72afb7; raw_extractions:fec_api:schedules_schedule_b:109926a3bf17c8498ee0728677090ca4fd66b7be; ... (+309 more),raw_extractions_payload_scan_union_all_payloads_profiled_first_n_rows_across_feed
fec_api_schedule_b_json,candidate_first_name,yes,,raw_extractions.payload_json,no,,database/federal_fec.py:1358,explicitly excluded (not projected into structured FEC table),"Add explicit projection mapping if this key is needed downstream, or document intentional exclusion.",190,no,0.989538,ADAM | KEVIN | S. RAJA,raw_extractions:fec_api:schedules_schedule_b:77776af4a1253dcb860ccd91bc6e9aee651aa364; raw_extractions:fec_api:schedules_schedule_b:f59a74a4b53e5228bf447792b5e76ce6f8712711; raw_extractions:fec_api:schedules_schedule_b:e0ba05f103c9be180cfbaf3e8952134912950040; raw_extractions:fec_api:schedules_schedule_b:becbbc3d5ccf47e9784a2490d0c73dfc28d79837; raw_extractions:fec_api:schedules_schedule_b:6acf10b9056f190d1d5f4b3768e7205d0237b6d7; raw_extractions:fec_api:schedules_schedule_b:f7bf9d9ee46761f6b3c5981f0382f01a0cdfcf70; raw_extractions:fec_api:schedules_schedule_b:3acfb2eaa92e3651dc3316cd2dd8c80a2cb3558f; raw_extractions:fec_api:schedules_schedule_b:c5be4fd9a5bd84c50499dc0284d32ff3d71e0ffd; raw_extractions:fec_api:schedules_schedule_b:67c63250d1f52718fb9346b37a61c7bcdd6c0d33; raw_extractions:fec_api:schedules_schedule_b:70e1dc3d0f12ca7256bbf07abc0cc45a6c1b0881; raw_extractions:fec_api:schedules_schedule_b:c0f13cf12aa9a54a4d2eb15118937d62df72afb7; raw_extractions:fec_api:schedules_schedule_b:109926a3bf17c8498ee0728677090ca4fd66b7be; ... (+309 more),raw_extractions_payload_scan_union_all_payloads_profiled_first_n_rows_across_feed
fec_api_schedule_b_json,candidate_id,yes,,raw_extractions.payload_json; fec_schedule_b_disbursements.*,yes,database/federal_fec.py; webapp/routes/main.py; webapp/routes/federal_finance.py,,,Keep full raw payload retention and structured projection tests aligned.,190,no,0.982043,S6IL00656 | S6IL00623 | S6IL00607,raw_extractions:fec_api:schedules_schedule_b:77776af4a1253dcb860ccd91bc6e9aee651aa364; raw_extractions:fec_api:schedules_schedule_b:f59a74a4b53e5228bf447792b5e76ce6f8712711; raw_extractions:fec_api:schedules_schedule_b:e0ba05f103c9be180cfbaf3e8952134912950040; raw_extractions:fec_api:schedules_schedule_b:becbbc3d5ccf47e9784a2490d0c73dfc28d79837; raw_extractions:fec_api:schedules_schedule_b:6acf10b9056f190d1d5f4b3768e7205d0237b6d7; raw_extractions:fec_api:schedules_schedule_b:f7bf9d9ee46761f6b3c5981f0382f01a0cdfcf70; raw_extractions:fec_api:schedules_schedule_b:3acfb2eaa92e3651dc3316cd2dd8c80a2cb3558f; raw_extractions:fec_api:schedules_schedule_b:c5be4fd9a5bd84c50499dc0284d32ff3d71e0ffd; raw_extractions:fec_api:schedules_schedule_b:67c63250d1f52718fb9346b37a61c7bcdd6c0d33; raw_extractions:fec_api:schedules_schedule_b:70e1dc3d0f12ca7256bbf07abc0cc45a6c1b0881; raw_extractions:fec_api:schedules_schedule_b:c0f13cf12aa9a54a4d2eb15118937d62df72afb7; raw_extractions:fec_api:schedules_schedule_b:109926a3bf17c8498ee0728677090ca4fd66b7be; ... (+309 more),raw_extractions_payload_scan_union_all_payloads_profiled_first_n_rows_across_feed
fec_api_schedule_b_json,candidate_last_name,yes,,raw_extractions.payload_json,no,,database/federal_fec.py:1358,explicitly excluded (not projected into structured FEC table),"Add explicit projection mapping if this key is needed downstream, or document intentional exclusion.",190,no,0.989538,DELGADO | RYAN | KRISHNAMOORTHI,raw_extractions:fec_api:schedules_schedule_b:77776af4a1253dcb860ccd91bc6e9aee651aa364; raw_extractions:fec_api:schedules_schedule_b:f59a74a4b53e5228bf447792b5e76ce6f8712711; raw_extractions:fec_api:schedules_schedule_b:e0ba05f103c9be180cfbaf3e8952134912950040; raw_extractions:fec_api:schedules_schedule_b:becbbc3d5ccf47e9784a2490d0c73dfc28d79837; raw_extractions:fec_api:schedules_schedule_b:6acf10b9056f190d1d5f4b3768e7205d0237b6d7; raw_extractions:fec_api:schedules_schedule_b:f7bf9d9ee46761f6b3c5981f0382f01a0cdfcf70; raw_extractions:fec_api:schedules_schedule_b:3acfb2eaa92e3651dc3316cd2dd8c80a2cb3558f; raw_extractions:fec_api:schedules_schedule_b:c5be4fd9a5bd84c50499dc0284d32ff3d71e0ffd; raw_extractions:fec_api:schedules_schedule_b:67c63250d1f52718fb9346b37a61c7bcdd6c0d33; raw_extractions:fec_api:schedules_schedule_b:70e1dc3d0f12ca7256bbf07abc0cc45a6c1b0881; raw_extractions:fec_api:schedules_schedule_b:c0f13cf12aa9a54a4d2eb15118937d62df72afb7; raw_extractions:fec_api:schedules_schedule_b:109926a3bf17c8498ee0728677090ca4fd66b7be; ... (+309 more),raw_extractions_payload_scan_union_all_payloads_profiled_first_n_rows_across_feed
fec_api_schedule_b_json,candidate_middle_name,yes,,raw_extractions.payload_json,no,,database/federal_fec.py:1358,explicitly excluded (not projected into structured FEC table),"Add explicit projection mapping if this key is needed downstream, or document intentional exclusion.",190,no,0.997626,T | RODGER | ANN,raw_extractions:fec_api:schedules_schedule_b:77776af4a1253dcb860ccd91bc6e9aee651aa364; raw_extractions:fec_api:schedules_schedule_b:f59a74a4b53e5228bf447792b5e76ce6f8712711; raw_extractions:fec_api:schedules_schedule_b:e0ba05f103c9be180cfbaf3e8952134912950040; raw_extractions:fec_api:schedules_schedule_b:becbbc3d5ccf47e9784a2490d0c73dfc28d79837; raw_extractions:fec_api:schedules_schedule_b:6acf10b9056f190d1d5f4b3768e7205d0237b6d7; raw_extractions:fec_api:schedules_schedule_b:f7bf9d9ee46761f6b3c5981f0382f01a0cdfcf70; raw_extractions:fec_api:schedules_schedule_b:3acfb2eaa92e3651dc3316cd2dd8c80a2cb3558f; raw_extractions:fec_api:schedules_schedule_b:c5be4fd9a5bd84c50499dc0284d32ff3d71e0ffd; raw_extractions:fec_api:schedules_schedule_b:67c63250d1f52718fb9346b37a61c7bcdd6c0d33; raw_extractions:fec_api:schedules_schedule_b:70e1dc3d0f12ca7256bbf07abc0cc45a6c1b0881; raw_extractions:fec_api:schedules_schedule_b:c0f13cf12aa9a54a4d2eb15118937d62df72afb7; raw_extractions:fec_api:schedules_schedule_b:109926a3bf17c8498ee0728677090ca4fd66b7be; ... (+309 more),raw_extractions_payload_scan_union_all_payloads_profiled_first_n_rows_across_feed
fec_api_schedule_b_json,candidate_name,yes,,raw_extractions.payload_json; fec_schedule_b_disbursements.*,yes,database/federal_fec.py; webapp/routes/main.py; webapp/routes/federal_finance.py,,,Keep full raw payload retention and structured projection tests aligned.,190,no,0.989538,"DELGADO, ADAM | RYAN, KEVIN | KRISHNAMOORTHI, S. RAJA",raw_extractions:fec_api:schedules_schedule_b:77776af4a1253dcb860ccd91bc6e9aee651aa364; raw_extractions:fec_api:schedules_schedule_b:f59a74a4b53e5228bf447792b5e76ce6f8712711; raw_extractions:fec_api:schedules_schedule_b:e0ba05f103c9be180cfbaf3e8952134912950040; raw_extractions:fec_api:schedules_schedule_b:becbbc3d5ccf47e9784a2490d0c73dfc28d79837; raw_extractions:fec_api:schedules_schedule_b:6acf10b9056f190d1d5f4b3768e7205d0237b6d7; raw_extractions:fec_api:schedules_schedule_b:f7bf9d9ee46761f6b3c5981f0382f01a0cdfcf70; raw_extractions:fec_api:schedules_schedule_b:3acfb2eaa92e3651dc3316cd2dd8c80a2cb3558f; raw_extractions:fec_api:schedules_schedule_b:c5be4fd9a5bd84c50499dc0284d32ff3d71e0ffd; raw_extractions:fec_api:schedules_schedule_b:67c63250d1f52718fb9346b37a61c7bcdd6c0d33; raw_extractions:fec_api:schedules_schedule_b:70e1dc3d0f12ca7256bbf07abc0cc45a6c1b0881; raw_extractions:fec_api:schedules_schedule_b:c0f13cf12aa9a54a4d2eb15118937d62df72afb7; raw_extractions:fec_api:schedules_schedule_b:109926a3bf17c8498ee0728677090ca4fd66b7be; ... (+309 more),raw_extractions_payload_scan_union_all_payloads_profiled_first_n_rows_across_feed
fec_api_schedule_b_json,candidate_office,yes,,raw_extractions.payload_json,no,,database/federal_fec.py:1358,explicitly excluded (not projected into structured FEC table),"Add explicit projection mapping if this key is needed downstream, or document intentional exclusion.",190,no,0.938562,S | H,raw_extractions:fec_api:schedules_schedule_b:77776af4a1253dcb860ccd91bc6e9aee651aa364; raw_extractions:fec_api:schedules_schedule_b:f59a74a4b53e5228bf447792b5e76ce6f8712711; raw_extractions:fec_api:schedules_schedule_b:e0ba05f103c9be180cfbaf3e8952134912950040; raw_extractions:fec_api:schedules_schedule_b:becbbc3d5ccf47e9784a2490d0c73dfc28d79837; raw_extractions:fec_api:schedules_schedule_b:6acf10b9056f190d1d5f4b3768e7205d0237b6d7; raw_extractions:fec_api:schedules_schedule_b:f7bf9d9ee46761f6b3c5981f0382f01a0cdfcf70; raw_extractions:fec_api:schedules_schedule_b:3acfb2eaa92e3651dc3316cd2dd8c80a2cb3558f; raw_extractions:fec_api:schedules_schedule_b:c5be4fd9a5bd84c50499dc0284d32ff3d71e0ffd; raw_extractions:fec_api:schedules_schedule_b:67c63250d1f52718fb9346b37a61c7bcdd6c0d33; raw_extractions:fec_api:schedules_schedule_b:70e1dc3d0f12ca7256bbf07abc0cc45a6c1b0881; raw_extractions:fec_api:schedules_schedule_b:c0f13cf12aa9a54a4d2eb15118937d62df72afb7; raw_extractions:fec_api:schedules_schedule_b:109926a3bf17c8498ee0728677090ca4fd66b7be; ... (+309 more),raw_extractions_payload_scan_union_all_payloads_profiled_first_n_rows_across_feed
fec_api_schedule_b_json,candidate_office_description,yes,,raw_extractions.payload_json,no,,database/federal_fec.py:1358,explicitly excluded (not projected into structured FEC table),"Add explicit projection mapping if this key is needed downstream, or document intentional exclusion.",190,no,0.938562,SENATE | HOUSE,raw_extractions:fec_api:schedules_schedule_b:77776af4a1253dcb860ccd91bc6e9aee651aa364; raw_extractions:fec_api:schedules_schedule_b:f59a74a4b53e5228bf447792b5e76ce6f8712711; raw_extractions:fec_api:schedules_schedule_b:e0ba05f103c9be180cfbaf3e8952134912950040; raw_extractions:fec_api:schedules_schedule_b:becbbc3d5ccf47e9784a2490d0c73dfc28d79837; raw_extractions:fec_api:schedules_schedule_b:6acf10b9056f190d1d5f4b3768e7205d0237b6d7; raw_extractions:fec_api:schedules_schedule_b:f7bf9d9ee46761f6b3c5981f0382f01a0cdfcf70; raw_extractions:fec_api:schedules_schedule_b:3acfb2eaa92e3651dc3316cd2dd8c80a2cb3558f; raw_extractions:fec_api:schedules_schedule_b:c5be4fd9a5bd84c50499dc0284d32ff3d71e0ffd; raw_extractions:fec_api:schedules_schedule_b:67c63250d1f52718fb9346b37a61c7bcdd6c0d33; raw_extractions:fec_api:schedules_schedule_b:70e1dc3d0f12ca7256bbf07abc0cc45a6c1b0881; raw_extractions:fec_api:schedules_schedule_b:c0f13cf12aa9a54a4d2eb15118937d62df72afb7; raw_extractions:fec_api:schedules_schedule_b:109926a3bf17c8498ee0728677090ca4fd66b7be; ... (+309 more),raw_extractions_payload_scan_union_all_payloads_profiled_first_n_rows_across_feed
fec_api_schedule_b_json,candidate_office_district,yes,,raw_extractions.payload_json,no,,database/federal_fec.py:1358,explicitly excluded (not projected into structured FEC table),"Add explicit projection mapping if this key is needed downstream, or document intentional exclusion.",190,no,0.947763,00 | 08 | 14,raw_extractions:fec_api:schedules_schedule_b:77776af4a1253dcb860ccd91bc6e9aee651aa364; raw_extractions:fec_api:schedules_schedule_b:f59a74a4b53e5228bf447792b5e76ce6f8712711; raw_extractions:fec_api:schedules_schedule_b:e0ba05f103c9be180cfbaf3e8952134912950040; raw_extractions:fec_api:schedules_schedule_b:becbbc3d5ccf47e9784a2490d0c73dfc28d79837; raw_extractions:fec_api:schedules_schedule_b:6acf10b9056f190d1d5f4b3768e7205d0237b6d7; raw_extractions:fec_api:schedules_schedule_b:f7bf9d9ee46761f6b3c5981f0382f01a0cdfcf70; raw_extractions:fec_api:schedules_schedule_b:3acfb2eaa92e3651dc3316cd2dd8c80a2cb3558f; raw_extractions:fec_api:schedules_schedule_b:c5be4fd9a5bd84c50499dc0284d32ff3d71e0ffd; raw_extractions:fec_api:schedules_schedule_b:67c63250d1f52718fb9346b37a61c7bcdd6c0d33; raw_extractions:fec_api:schedules_schedule_b:70e1dc3d0f12ca7256bbf07abc0cc45a6c1b0881; raw_extractions:fec_api:schedules_schedule_b:c0f13cf12aa9a54a4d2eb15118937d62df72afb7; raw_extractions:fec_api:schedules_schedule_b:109926a3bf17c8498ee0728677090ca4fd66b7be; ... (+309 more),raw_extractions_payload_scan_union_all_payloads_profiled_first_n_rows_across_feed
fec_api_schedule_b_json,candidate_office_state,yes,,raw_extractions.payload_json,no,,database/federal_fec.py:1358,explicitly excluded (not projected into structured FEC table),"Add explicit projection mapping if this key is needed downstream, or document intentional exclusion.",190,no,0.938562,IL | WI | CA,raw_extractions:fec_api:schedules_schedule_b:77776af4a1253dcb860ccd91bc6e9aee651aa364; raw_extractions:fec_api:schedules_schedule_b:f59a74a4b53e5228bf447792b5e76ce6f8712711; raw_extractions:fec_api:schedules_schedule_b:e0ba05f103c9be180cfbaf3e8952134912950040; raw_extractions:fec_api:schedules_schedule_b:becbbc3d5ccf47e9784a2490d0c73dfc28d79837; raw_extractions:fec_api:schedules_schedule_b:6acf10b9056f190d1d5f4b3768e7205d0237b6d7; raw_extractions:fec_api:schedules_schedule_b:f7bf9d9ee46761f6b3c5981f0382f01a0cdfcf70; raw_extractions:fec_api:schedules_schedule_b:3acfb2eaa92e3651dc3316cd2dd8c80a2cb3558f; raw_extractions:fec_api:schedules_schedule_b:c5be4fd9a5bd84c50499dc0284d32ff3d71e0ffd; raw_extractions:fec_api:schedules_schedule_b:67c63250d1f52718fb9346b37a61c7bcdd6c0d33; raw_extractions:fec_api:schedules_schedule_b:70e1dc3d0f12ca7256bbf07abc0cc45a6c1b0881; raw_extractions:fec_api:schedules_schedule_b:c0f13cf12aa9a54a4d2eb15118937d62df72afb7; raw_extractions:fec_api:schedules_schedule_b:109926a3bf17c8498ee0728677090ca4fd66b7be; ... (+309 more),raw_extractions_payload_scan_union_all_payloads_profiled_first_n_rows_across_feed
fec_api_schedule_b_json,candidate_office_state_full,yes,,raw_extractions.payload_json,no,,database/federal_fec.py:1358,explicitly excluded (not projected into structured FEC table),"Add explicit projection mapping if this key is needed downstream, or document intentional exclusion.",190,no,0.938562,ILLINOIS | WISCONSIN | CALIFORNIA,raw_extractions:fec_api:schedules_schedule_b:77776af4a1253dcb860ccd91bc6e9aee651aa364; raw_extractions:fec_api:schedules_schedule_b:f59a74a4b53e5228bf447792b5e76ce6f8712711; raw_extractions:fec_api:schedules_schedule_b:e0ba05f103c9be180cfbaf3e8952134912950040; raw_extractions:fec_api:schedules_schedule_b:becbbc3d5ccf47e9784a2490d0c73dfc28d79837; raw_extractions:fec_api:schedules_schedule_b:6acf10b9056f190d1d5f4b3768e7205d0237b6d7; raw_extractions:fec_api:schedules_schedule_b:f7bf9d9ee46761f6b3c5981f0382f01a0cdfcf70; raw_extractions:fec_api:schedules_schedule_b:3acfb2eaa92e3651dc3316cd2dd8c80a2cb3558f; raw_extractions:fec_api:schedules_schedule_b:c5be4fd9a5bd84c50499dc0284d32ff3d71e0ffd; raw_extractions:fec_api:schedules_schedule_b:67c63250d1f52718fb9346b37a61c7bcdd6c0d33; raw_extractions:fec_api:schedules_schedule_b:70e1dc3d0f12ca7256bbf07abc0cc45a6c1b0881; raw_extractions:fec_api:schedules_schedule_b:c0f13cf12aa9a54a4d2eb15118937d62df72afb7; raw_extractions:fec_api:schedules_schedule_b:109926a3bf17c8498ee0728677090ca4fd66b7be; ... (+309 more),raw_extractions_payload_scan_union_all_payloads_profiled_first_n_rows_across_feed
fec_api_schedule_b_json,candidate_prefix,yes,,raw_extractions.payload_json,no,,database/federal_fec.py:1358,explicitly excluded (not projected into structured FEC table),"Add explicit projection mapping if this key is needed downstream, or document intentional exclusion.",190,no,0.999703,DR.,raw_extractions:fec_api:schedules_schedule_b:77776af4a1253dcb860ccd91bc6e9aee651aa364; raw_extractions:fec_api:schedules_schedule_b:f59a74a4b53e5228bf447792b5e76ce6f8712711; raw_extractions:fec_api:schedules_schedule_b:e0ba05f103c9be180cfbaf3e8952134912950040; raw_extractions:fec_api:schedules_schedule_b:becbbc3d5ccf47e9784a2490d0c73dfc28d79837; raw_extractions:fec_api:schedules_schedule_b:6acf10b9056f190d1d5f4b3768e7205d0237b6d7; raw_extractions:fec_api:schedules_schedule_b:f7bf9d9ee46761f6b3c5981f0382f01a0cdfcf70; raw_extractions:fec_api:schedules_schedule_b:3acfb2eaa92e3651dc3316cd2dd8c80a2cb3558f; raw_extractions:fec_api:schedules_schedule_b:c5be4fd9a5bd84c50499dc0284d32ff3d71e0ffd; raw_extractions:fec_api:schedules_schedule_b:67c63250d1f52718fb9346b37a61c7bcdd6c0d33; raw_extractions:fec_api:schedules_schedule_b:70e1dc3d0f12ca7256bbf07abc0cc45a6c1b0881; raw_extractions:fec_api:schedules_schedule_b:c0f13cf12aa9a54a4d2eb15118937d62df72afb7; raw_extractions:fec_api:schedules_schedule_b:109926a3bf17c8498ee0728677090ca4fd66b7be; ... (+309 more),raw_extractions_payload_scan_union_all_payloads_profiled_first_n_rows_across_feed
fec_api_schedule_b_json,candidate_suffix,yes,,raw_extractions.payload_json,no,,database/federal_fec.py:1358,explicitly excluded (not projected into structured FEC table),"Add explicit projection mapping if this key is needed downstream, or document intentional exclusion.",190,no,0.999703,JR.,raw_extractions:fec_api:schedules_schedule_b:77776af4a1253dcb860ccd91bc6e9aee651aa364; raw_extractions:fec_api:schedules_schedule_b:f59a74a4b53e5228bf447792b5e76ce6f8712711; raw_extractions:fec_api:schedules_schedule_b:e0ba05f103c9be180cfbaf3e8952134912950040; raw_extractions:fec_api:schedules_schedule_b:becbbc3d5ccf47e9784a2490d0c73dfc28d79837; raw_extractions:fec_api:schedules_schedule_b:6acf10b9056f190d1d5f4b3768e7205d0237b6d7; raw_extractions:fec_api:schedules_schedule_b:f7bf9d9ee46761f6b3c5981f0382f01a0cdfcf70; raw_extractions:fec_api:schedules_schedule_b:3acfb2eaa92e3651dc3316cd2dd8c80a2cb3558f; raw_extractions:fec_api:schedules_schedule_b:c5be4fd9a5bd84c50499dc0284d32ff3d71e0ffd; raw_extractions:fec_api:schedules_schedule_b:67c63250d1f52718fb9346b37a61c7bcdd6c0d33; raw_extractions:fec_api:schedules_schedule_b:70e1dc3d0f12ca7256bbf07abc0cc45a6c1b0881; raw_extractions:fec_api:schedules_schedule_b:c0f13cf12aa9a54a4d2eb15118937d62df72afb7; raw_extractions:fec_api:schedules_schedule_b:109926a3bf17c8498ee0728677090ca4fd66b7be; ... (+309 more),raw_extractions_payload_scan_union_all_payloads_profiled_first_n_rows_across_feed
fec_api_schedule_b_json,category_code,yes,,raw_extractions.payload_json; fec_schedule_b_disbursements.*,yes,database/federal_fec.py; webapp/routes/main.py; webapp/routes/federal_finance.py,,,Keep full raw payload retention and structured projection tests aligned.,190,no,0.748831,006 | 004 | 001,raw_extractions:fec_api:schedules_schedule_b:77776af4a1253dcb860ccd91bc6e9aee651aa364; raw_extractions:fec_api:schedules_schedule_b:f59a74a4b53e5228bf447792b5e76ce6f8712711; raw_extractions:fec_api:schedules_schedule_b:e0ba05f103c9be180cfbaf3e8952134912950040; raw_extractions:fec_api:schedules_schedule_b:becbbc3d5ccf47e9784a2490d0c73dfc28d79837; raw_extractions:fec_api:schedules_schedule_b:6acf10b9056f190d1d5f4b3768e7205d0237b6d7; raw_extractions:fec_api:schedules_schedule_b:f7bf9d9ee46761f6b3c5981f0382f01a0cdfcf70; raw_extractions:fec_api:schedules_schedule_b:3acfb2eaa92e3651dc3316cd2dd8c80a2cb3558f; raw_extractions:fec_api:schedules_schedule_b:c5be4fd9a5bd84c50499dc0284d32ff3d71e0ffd; raw_extractions:fec_api:schedules_schedule_b:67c63250d1f52718fb9346b37a61c7bcdd6c0d33; raw_extractions:fec_api:schedules_schedule_b:70e1dc3d0f12ca7256bbf07abc0cc45a6c1b0881; raw_extractions:fec_api:schedules_schedule_b:c0f13cf12aa9a54a4d2eb15118937d62df72afb7; raw_extractions:fec_api:schedules_schedule_b:109926a3bf17c8498ee0728677090ca4fd66b7be; ... (+309 more),raw_extractions_payload_scan_union_all_payloads_profiled_first_n_rows_across_feed
fec_api_schedule_b_json,category_code_full,yes,,raw_extractions.payload_json; fec_schedule_b_disbursements.*,yes,database/federal_fec.py; webapp/routes/main.py; webapp/routes/federal_finance.py,,,Keep full raw payload retention and structured projection tests aligned.,190,no,0.748831,Campaign Materials | Advertising Expenses | Administrative/Salary/Overhead Expenses,raw_extractions:fec_api:schedules_schedule_b:77776af4a1253dcb860ccd91bc6e9aee651aa364; raw_extractions:fec_api:schedules_schedule_b:f59a74a4b53e5228bf447792b5e76ce6f8712711; raw_extractions:fec_api:schedules_schedule_b:e0ba05f103c9be180cfbaf3e8952134912950040; raw_extractions:fec_api:schedules_schedule_b:becbbc3d5ccf47e9784a2490d0c73dfc28d79837; raw_extractions:fec_api:schedules_schedule_b:6acf10b9056f190d1d5f4b3768e7205d0237b6d7; raw_extractions:fec_api:schedules_schedule_b:f7bf9d9ee46761f6b3c5981f0382f01a0cdfcf70; raw_extractions:fec_api:schedules_schedule_b:3acfb2eaa92e3651dc3316cd2dd8c80a2cb3558f; raw_extractions:fec_api:schedules_schedule_b:c5be4fd9a5bd84c50499dc0284d32ff3d71e0ffd; raw_extractions:fec_api:schedules_schedule_b:67c63250d1f52718fb9346b37a61c7bcdd6c0d33; raw_extractions:fec_api:schedules_schedule_b:70e1dc3d0f12ca7256bbf07abc0cc45a6c1b0881; raw_extractions:fec_api:schedules_schedule_b:c0f13cf12aa9a54a4d2eb15118937d62df72afb7; raw_extractions:fec_api:schedules_schedule_b:109926a3bf17c8498ee0728677090ca4fd66b7be; ... (+309 more),raw_extractions_payload_scan_union_all_payloads_profiled_first_n_rows_across_feed
fec_api_schedule_b_json,comm_dt,yes,,raw_extractions.payload_json,no,,database/federal_fec.py:1358,explicitly excluded (not projected into structured FEC table),"Add explicit projection mapping if this key is needed downstream, or document intentional exclusion.",190,no,1.0,,raw_extractions:fec_api:schedules_schedule_b:77776af4a1253dcb860ccd91bc6e9aee651aa364; raw_extractions:fec_api:schedules_schedule_b:f59a74a4b53e5228bf447792b5e76ce6f8712711; raw_extractions:fec_api:schedules_schedule_b:e0ba05f103c9be180cfbaf3e8952134912950040; raw_extractions:fec_api:schedules_schedule_b:becbbc3d5ccf47e9784a2490d0c73dfc28d79837; raw_extractions:fec_api:schedules_schedule_b:6acf10b9056f190d1d5f4b3768e7205d0237b6d7; raw_extractions:fec_api:schedules_schedule_b:f7bf9d9ee46761f6b3c5981f0382f01a0cdfcf70; raw_extractions:fec_api:schedules_schedule_b:3acfb2eaa92e3651dc3316cd2dd8c80a2cb3558f; raw_extractions:fec_api:schedules_schedule_b:c5be4fd9a5bd84c50499dc0284d32ff3d71e0ffd; raw_extractions:fec_api:schedules_schedule_b:67c63250d1f52718fb9346b37a61c7bcdd6c0d33; raw_extractions:fec_api:schedules_schedule_b:70e1dc3d0f12ca7256bbf07abc0cc45a6c1b0881; raw_extractions:fec_api:schedules_schedule_b:c0f13cf12aa9a54a4d2eb15118937d62df72afb7; raw_extractions:fec_api:schedules_schedule_b:109926a3bf17c8498ee0728677090ca4fd66b7be; ... (+309 more),raw_extractions_payload_scan_union_all_payloads_profiled_first_n_rows_across_feed
fec_api_schedule_b_json,committee,yes,,raw_extractions.payload_json; fec_schedule_b_disbursements.*,yes,database/federal_fec.py; webapp/routes/main.py; webapp/routes/federal_finance.py,,,Keep full raw payload retention and structured projection tests aligned.,190,no,0.0,"{'affiliated_committee_name': 'NONE', 'candidate_ids': ['S6IL00672'], 'city': 'ALEXANDRIA', 'committee_id': 'C00921759', 'committee_type': 'S', 'committee_type_full': 'Senate', 'cycle': 2026, 'cycles': [2026], 'cycles_has_activity': [2026], 'cycles_has_financial': [2026], 'designation': 'P', 'designation_full': 'Principal campaign committee', 'filing_frequency': 'Q', 'first_f1_date': '2025-10-01', 'first_file_date': '2025-10-01', 'is_active': True, 'last_cycle_has_activity': 2026, 'last_cycle_has_financial': 2026, 'last_f1_date': '2025-10-01', 'last_file_date': '2026-01-19', 'name': 'JEANNIE FOR ILLINOIS', 'organization_type': None, 'organization_type_full': None, 'party': 'REP', 'party_full': 'REPUBLICAN PARTY', 'state': 'VA', 'state_full': 'Virginia', 'street_1': 'PO BOX 26141', 'street_2': None, 'treasurer_name': 'MARSTON, CHRIS', 'zip': '22313'} | {'affiliated_committee_name': 'NONE', 'candidate_ids': ['S6IL00656'], 'city': 'CHICAGO', 'committee_id': 'C00920348', 'committee_type': 'S', 'committee_type_full': 'Senate', 'cycle': 2026, 'cycles': [2026], 'cycles_has_activity': [2026], 'cycles_has_financial': [2026], 'designation': 'P', 'designation_full': 'Principal campaign committee', 'filing_frequency': 'Q', 'first_f1_date': '2025-09-19', 'first_file_date': '2025-09-19', 'is_active': True, 'last_cycle_has_activity': 2026, 'last_cycle_has_financial': 2026, 'last_f1_date': '2025-09-19', 'last_file_date': '2026-01-30', 'name': 'BOTSFORD FOR ILLINOIS', 'organization_type': None, 'organization_type_full': None, 'party': 'DEM', 'party_full': 'DEMOCRATIC PARTY', 'state': 'IL', 'state_full': 'Illinois', 'street_1': 'PO BOX 14047', 'street_2': None, 'treasurer_name': 'BOTSFORD, STEVE JR.', 'zip': '60614'} | {'affiliated_committee_name': 'NONE', 'candidate_ids': ['S6IL00649'], 'city': 'URBANA', 'committee_id': 'C00918466', 'committee_type': 'S', 'committee_type_full': 'Senate', 'cycle': 2026, 'cycles': [2026], 'cycles_has_activity': [2026], 'cycles_has_financial': [2026], 'designation': 'P', 'designation_full': 'Principal campaign committee', 'filing_frequency': 'Q', 'first_f1_date': '2025-09-03', 'first_file_date': '2025-09-03', 'is_active': True, 'last_cycle_has_activity': 2026, 'last_cycle_has_financial': 2026, 'last_f1_date': '2025-09-23', 'last_file_date': '2026-01-31', 'name': 'BRYAN MAXWELL FOR US SENATE', 'organization_type': None, 'organization_type_full': None, 'party': 'DEM', 'party_full': 'DEMOCRATIC PARTY', 'state': 'IL', 'state_full': 'Illinois', 'street_1': '504 1/2 EAST ELM ST. APT. 1', 'street_2': None, 'treasurer_name': 'MAXWELL, BRYAN', 'zip': '61802'}",raw_extractions:fec_api:schedules_schedule_b:77776af4a1253dcb860ccd91bc6e9aee651aa364; raw_extractions:fec_api:schedules_schedule_b:f59a74a4b53e5228bf447792b5e76ce6f8712711; raw_extractions:fec_api:schedules_schedule_b:e0ba05f103c9be180cfbaf3e8952134912950040; raw_extractions:fec_api:schedules_schedule_b:becbbc3d5ccf47e9784a2490d0c73dfc28d79837; raw_extractions:fec_api:schedules_schedule_b:6acf10b9056f190d1d5f4b3768e7205d0237b6d7; raw_extractions:fec_api:schedules_schedule_b:f7bf9d9ee46761f6b3c5981f0382f01a0cdfcf70; raw_extractions:fec_api:schedules_schedule_b:3acfb2eaa92e3651dc3316cd2dd8c80a2cb3558f; raw_extractions:fec_api:schedules_schedule_b:c5be4fd9a5bd84c50499dc0284d32ff3d71e0ffd; raw_extractions:fec_api:schedules_schedule_b:67c63250d1f52718fb9346b37a61c7bcdd6c0d33; raw_extractions:fec_api:schedules_schedule_b:70e1dc3d0f12ca7256bbf07abc0cc45a6c1b0881; raw_extractions:fec_api:schedules_schedule_b:c0f13cf12aa9a54a4d2eb15118937d62df72afb7; raw_extractions:fec_api:schedules_schedule_b:109926a3bf17c8498ee0728677090ca4fd66b7be; ... (+309 more),raw_extractions_payload_scan_union_all_payloads_profiled_first_n_rows_across_feed
fec_api_schedule_b_json,committee_id,yes,,raw_extractions.payload_json,no,,database/federal_fec.py:1358,explicitly excluded (not projected into structured FEC table),"Add explicit projection mapping if this key is needed downstream, or document intentional exclusion.",190,no,0.0,C00921759 | C00920348 | C00918466,raw_extractions:fec_api:schedules_schedule_b:77776af4a1253dcb860ccd91bc6e9aee651aa364; raw_extractions:fec_api:schedules_schedule_b:f59a74a4b53e5228bf447792b5e76ce6f8712711; raw_extractions:fec_api:schedules_schedule_b:e0ba05f103c9be180cfbaf3e8952134912950040; raw_extractions:fec_api:schedules_schedule_b:becbbc3d5ccf47e9784a2490d0c73dfc28d79837; raw_extractions:fec_api:schedules_schedule_b:6acf10b9056f190d1d5f4b3768e7205d0237b6d7; raw_extractions:fec_api:schedules_schedule_b:f7bf9d9ee46761f6b3c5981f0382f01a0cdfcf70; raw_extractions:fec_api:schedules_schedule_b:3acfb2eaa92e3651dc3316cd2dd8c80a2cb3558f; raw_extractions:fec_api:schedules_schedule_b:c5be4fd9a5bd84c50499dc0284d32ff3d71e0ffd; raw_extractions:fec_api:schedules_schedule_b:67c63250d1f52718fb9346b37a61c7bcdd6c0d33; raw_extractions:fec_api:schedules_schedule_b:70e1dc3d0f12ca7256bbf07abc0cc45a6c1b0881; raw_extractions:fec_api:schedules_schedule_b:c0f13cf12aa9a54a4d2eb15118937d62df72afb7; raw_extractions:fec_api:schedules_schedule_b:109926a3bf17c8498ee0728677090ca4fd66b7be; ... (+309 more),raw_extractions_payload_scan_union_all_payloads_profiled_first_n_rows_across_feed
fec_api_schedule_b_json,conduit_committee_city,yes,,raw_extractions.payload_json,no,,database/federal_fec.py:1358,explicitly excluded (not projected into structured FEC table),"Add explicit projection mapping if this key is needed downstream, or document intentional exclusion.",190,no,0.999481,CONCORD | OAKLAND,raw_extractions:fec_api:schedules_schedule_b:77776af4a1253dcb860ccd91bc6e9aee651aa364; raw_extractions:fec_api:schedules_schedule_b:f59a74a4b53e5228bf447792b5e76ce6f8712711; raw_extractions:fec_api:schedules_schedule_b:e0ba05f103c9be180cfbaf3e8952134912950040; raw_extractions:fec_api:schedules_schedule_b:becbbc3d5ccf47e9784a2490d0c73dfc28d79837; raw_extractions:fec_api:schedules_schedule_b:6acf10b9056f190d1d5f4b3768e7205d0237b6d7; raw_extractions:fec_api:schedules_schedule_b:f7bf9d9ee46761f6b3c5981f0382f01a0cdfcf70; raw_extractions:fec_api:schedules_schedule_b:3acfb2eaa92e3651dc3316cd2dd8c80a2cb3558f; raw_extractions:fec_api:schedules_schedule_b:c5be4fd9a5bd84c50499dc0284d32ff3d71e0ffd; raw_extractions:fec_api:schedules_schedule_b:67c63250d1f52718fb9346b37a61c7bcdd6c0d33; raw_extractions:fec_api:schedules_schedule_b:70e1dc3d0f12ca7256bbf07abc0cc45a6c1b0881; raw_extractions:fec_api:schedules_schedule_b:c0f13cf12aa9a54a4d2eb15118937d62df72afb7; raw_extractions:fec_api:schedules_schedule_b:109926a3bf17c8498ee0728677090ca4fd66b7be; ... (+309 more),raw_extractions_payload_scan_union_all_payloads_profiled_first_n_rows_across_feed
fec_api_schedule_b_json,conduit_committee_name,yes,,raw_extractions.payload_json,no,,database/federal_fec.py:1358,explicitly excluded (not projected into structured FEC table),"Add explicit projection mapping if this key is needed downstream, or document intentional exclusion.",190,no,0.999481,CHECKMATEHCM | S.E. OWENS & COMPANY,raw_extractions:fec_api:schedules_schedule_b:77776af4a1253dcb860ccd91bc6e9aee651aa364; raw_extractions:fec_api:schedules_schedule_b:f59a74a4b53e5228bf447792b5e76ce6f8712711; raw_extractions:fec_api:schedules_schedule_b:e0ba05f103c9be180cfbaf3e8952134912950040; raw_extractions:fec_api:schedules_schedule_b:becbbc3d5ccf47e9784a2490d0c73dfc28d79837; raw_extractions:fec_api:schedules_schedule_b:6acf10b9056f190d1d5f4b3768e7205d0237b6d7; raw_extractions:fec_api:schedules_schedule_b:f7bf9d9ee46761f6b3c5981f0382f01a0cdfcf70; raw_extractions:fec_api:schedules_schedule_b:3acfb2eaa92e3651dc3316cd2dd8c80a2cb3558f; raw_extractions:fec_api:schedules_schedule_b:c5be4fd9a5bd84c50499dc0284d32ff3d71e0ffd; raw_extractions:fec_api:schedules_schedule_b:67c63250d1f52718fb9346b37a61c7bcdd6c0d33; raw_extractions:fec_api:schedules_schedule_b:70e1dc3d0f12ca7256bbf07abc0cc45a6c1b0881; raw_extractions:fec_api:schedules_schedule_b:c0f13cf12aa9a54a4d2eb15118937d62df72afb7; raw_extractions:fec_api:schedules_schedule_b:109926a3bf17c8498ee0728677090ca4fd66b7be; ... (+309 more),raw_extractions_payload_scan_union_all_payloads_profiled_first_n_rows_across_feed
fec_api_schedule_b_json,conduit_committee_state,yes,,raw_extractions.payload_json,no,,database/federal_fec.py:1358,explicitly excluded (not projected into structured FEC table),"Add explicit projection mapping if this key is needed downstream, or document intentional exclusion.",190,no,0.999481,NH | CA,raw_extractions:fec_api:schedules_schedule_b:77776af4a1253dcb860ccd91bc6e9aee651aa364; raw_extractions:fec_api:schedules_schedule_b:f59a74a4b53e5228bf447792b5e76ce6f8712711; raw_extractions:fec_api:schedules_schedule_b:e0ba05f103c9be180cfbaf3e8952134912950040; raw_extractions:fec_api:schedules_schedule_b:becbbc3d5ccf47e9784a2490d0c73dfc28d79837; raw_extractions:fec_api:schedules_schedule_b:6acf10b9056f190d1d5f4b3768e7205d0237b6d7; raw_extractions:fec_api:schedules_schedule_b:f7bf9d9ee46761f6b3c5981f0382f01a0cdfcf70; raw_extractions:fec_api:schedules_schedule_b:3acfb2eaa92e3651dc3316cd2dd8c80a2cb3558f; raw_extractions:fec_api:schedules_schedule_b:c5be4fd9a5bd84c50499dc0284d32ff3d71e0ffd; raw_extractions:fec_api:schedules_schedule_b:67c63250d1f52718fb9346b37a61c7bcdd6c0d33; raw_extractions:fec_api:schedules_schedule_b:70e1dc3d0f12ca7256bbf07abc0cc45a6c1b0881; raw_extractions:fec_api:schedules_schedule_b:c0f13cf12aa9a54a4d2eb15118937d62df72afb7; raw_extractions:fec_api:schedules_schedule_b:109926a3bf17c8498ee0728677090ca4fd66b7be; ... (+309 more),raw_extractions_payload_scan_union_all_payloads_profiled_first_n_rows_across_feed
fec_api_schedule_b_json,conduit_committee_street1,yes,,raw_extractions.payload_json,no,,database/federal_fec.py:1358,explicitly excluded (not projected into structured FEC table),"Add explicit projection mapping if this key is needed downstream, or document intentional exclusion.",190,no,0.999481,"287 SOUTH MAIN STREET | 312 CLAY STREET, #300",raw_extractions:fec_api:schedules_schedule_b:77776af4a1253dcb860ccd91bc6e9aee651aa364; raw_extractions:fec_api:schedules_schedule_b:f59a74a4b53e5228bf447792b5e76ce6f8712711; raw_extractions:fec_api:schedules_schedule_b:e0ba05f103c9be180cfbaf3e8952134912950040; raw_extractions:fec_api:schedules_schedule_b:becbbc3d5ccf47e9784a2490d0c73dfc28d79837; raw_extractions:fec_api:schedules_schedule_b:6acf10b9056f190d1d5f4b3768e7205d0237b6d7; raw_extractions:fec_api:schedules_schedule_b:f7bf9d9ee46761f6b3c5981f0382f01a0cdfcf70; raw_extractions:fec_api:schedules_schedule_b:3acfb2eaa92e3651dc3316cd2dd8c80a2cb3558f; raw_extractions:fec_api:schedules_schedule_b:c5be4fd9a5bd84c50499dc0284d32ff3d71e0ffd; raw_extractions:fec_api:schedules_schedule_b:67c63250d1f52718fb9346b37a61c7bcdd6c0d33; raw_extractions:fec_api:schedules_schedule_b:70e1dc3d0f12ca7256bbf07abc0cc45a6c1b0881; raw_extractions:fec_api:schedules_schedule_b:c0f13cf12aa9a54a4d2eb15118937d62df72afb7; raw_extractions:fec_api:schedules_schedule_b:109926a3bf17c8498ee0728677090ca4fd66b7be; ... (+309 more),raw_extractions_payload_scan_union_all_payloads_profiled_first_n_rows_across_feed
fec_api_schedule_b_json,conduit_committee_street2,yes,,raw_extractions.payload_json,no,,database/federal_fec.py:1358,explicitly excluded (not projected into structured FEC table),"Add explicit projection mapping if this key is needed downstream, or document intentional exclusion.",190,no,1.0,,raw_extractions:fec_api:schedules_schedule_b:77776af4a1253dcb860ccd91bc6e9aee651aa364; raw_extractions:fec_api:schedules_schedule_b:f59a74a4b53e5228bf447792b5e76ce6f8712711; raw_extractions:fec_api:schedules_schedule_b:e0ba05f103c9be180cfbaf3e8952134912950040; raw_extractions:fec_api:schedules_schedule_b:becbbc3d5ccf47e9784a2490d0c73dfc28d79837; raw_extractions:fec_api:schedules_schedule_b:6acf10b9056f190d1d5f4b3768e7205d0237b6d7; raw_extractions:fec_api:schedules_schedule_b:f7bf9d9ee46761f6b3c5981f0382f01a0cdfcf70; raw_extractions:fec_api:schedules_schedule_b:3acfb2eaa92e3651dc3316cd2dd8c80a2cb3558f; raw_extractions:fec_api:schedules_schedule_b:c5be4fd9a5bd84c50499dc0284d32ff3d71e0ffd; raw_extractions:fec_api:schedules_schedule_b:67c63250d1f52718fb9346b37a61c7bcdd6c0d33; raw_extractions:fec_api:schedules_schedule_b:70e1dc3d0f12ca7256bbf07abc0cc45a6c1b0881; raw_extractions:fec_api:schedules_schedule_b:c0f13cf12aa9a54a4d2eb15118937d62df72afb7; raw_extractions:fec_api:schedules_schedule_b:109926a3bf17c8498ee0728677090ca4fd66b7be; ... (+309 more),raw_extractions_payload_scan_union_all_payloads_profiled_first_n_rows_across_feed
fec_api_schedule_b_json,conduit_committee_zip,yes,,raw_extractions.payload_json,no,,database/federal_fec.py:1358,explicitly excluded (not projected into structured FEC table),"Add explicit projection mapping if this key is needed downstream, or document intentional exclusion.",190,no,0.999481,3301 | 94607,raw_extractions:fec_api:schedules_schedule_b:77776af4a1253dcb860ccd91bc6e9aee651aa364; raw_extractions:fec_api:schedules_schedule_b:f59a74a4b53e5228bf447792b5e76ce6f8712711; raw_extractions:fec_api:schedules_schedule_b:e0ba05f103c9be180cfbaf3e8952134912950040; raw_extractions:fec_api:schedules_schedule_b:becbbc3d5ccf47e9784a2490d0c73dfc28d79837; raw_extractions:fec_api:schedules_schedule_b:6acf10b9056f190d1d5f4b3768e7205d0237b6d7; raw_extractions:fec_api:schedules_schedule_b:f7bf9d9ee46761f6b3c5981f0382f01a0cdfcf70; raw_extractions:fec_api:schedules_schedule_b:3acfb2eaa92e3651dc3316cd2dd8c80a2cb3558f; raw_extractions:fec_api:schedules_schedule_b:c5be4fd9a5bd84c50499dc0284d32ff3d71e0ffd; raw_extractions:fec_api:schedules_schedule_b:67c63250d1f52718fb9346b37a61c7bcdd6c0d33; raw_extractions:fec_api:schedules_schedule_b:70e1dc3d0f12ca7256bbf07abc0cc45a6c1b0881; raw_extractions:fec_api:schedules_schedule_b:c0f13cf12aa9a54a4d2eb15118937d62df72afb7; raw_extractions:fec_api:schedules_schedule_b:109926a3bf17c8498ee0728677090ca4fd66b7be; ... (+309 more),raw_extractions_payload_scan_union_all_payloads_profiled_first_n_rows_across_feed
fec_api_schedule_b_json,disbursement_amount,yes,,raw_extractions.payload_json; fec_schedule_b_disbursements.*,yes,database/federal_fec.py; webapp/routes/main.py; webapp/routes/federal_finance.py,,,Keep full raw payload retention and structured projection tests aligned.,190,no,0.0,2923.89 | 3591.25 | 5000.0,raw_extractions:fec_api:schedules_schedule_b:77776af4a1253dcb860ccd91bc6e9aee651aa364; raw_extractions:fec_api:schedules_schedule_b:f59a74a4b53e5228bf447792b5e76ce6f8712711; raw_extractions:fec_api:schedules_schedule_b:e0ba05f103c9be180cfbaf3e8952134912950040; raw_extractions:fec_api:schedules_schedule_b:becbbc3d5ccf47e9784a2490d0c73dfc28d79837; raw_extractions:fec_api:schedules_schedule_b:6acf10b9056f190d1d5f4b3768e7205d0237b6d7; raw_extractions:fec_api:schedules_schedule_b:f7bf9d9ee46761f6b3c5981f0382f01a0cdfcf70; raw_extractions:fec_api:schedules_schedule_b:3acfb2eaa92e3651dc3316cd2dd8c80a2cb3558f; raw_extractions:fec_api:schedules_schedule_b:c5be4fd9a5bd84c50499dc0284d32ff3d71e0ffd; raw_extractions:fec_api:schedules_schedule_b:67c63250d1f52718fb9346b37a61c7bcdd6c0d33; raw_extractions:fec_api:schedules_schedule_b:70e1dc3d0f12ca7256bbf07abc0cc45a6c1b0881; raw_extractions:fec_api:schedules_schedule_b:c0f13cf12aa9a54a4d2eb15118937d62df72afb7; raw_extractions:fec_api:schedules_schedule_b:109926a3bf17c8498ee0728677090ca4fd66b7be; ... (+309 more),raw_extractions_payload_scan_union_all_payloads_profiled_first_n_rows_across_feed
fec_api_schedule_b_json,disbursement_date,yes,,raw_extractions.payload_json; fec_schedule_b_disbursements.*,yes,database/federal_fec.py; webapp/routes/main.py; webapp/routes/federal_finance.py,,,Keep full raw payload retention and structured projection tests aligned.,190,no,0.0,2025-12-31 | 2025-12-24 | 2025-12-23,raw_extractions:fec_api:schedules_schedule_b:77776af4a1253dcb860ccd91bc6e9aee651aa364; raw_extractions:fec_api:schedules_schedule_b:f59a74a4b53e5228bf447792b5e76ce6f8712711; raw_extractions:fec_api:schedules_schedule_b:e0ba05f103c9be180cfbaf3e8952134912950040; raw_extractions:fec_api:schedules_schedule_b:becbbc3d5ccf47e9784a2490d0c73dfc28d79837; raw_extractions:fec_api:schedules_schedule_b:6acf10b9056f190d1d5f4b3768e7205d0237b6d7; raw_extractions:fec_api:schedules_schedule_b:f7bf9d9ee46761f6b3c5981f0382f01a0cdfcf70; raw_extractions:fec_api:schedules_schedule_b:3acfb2eaa92e3651dc3316cd2dd8c80a2cb3558f; raw_extractions:fec_api:schedules_schedule_b:c5be4fd9a5bd84c50499dc0284d32ff3d71e0ffd; raw_extractions:fec_api:schedules_schedule_b:67c63250d1f52718fb9346b37a61c7bcdd6c0d33; raw_extractions:fec_api:schedules_schedule_b:70e1dc3d0f12ca7256bbf07abc0cc45a6c1b0881; raw_extractions:fec_api:schedules_schedule_b:c0f13cf12aa9a54a4d2eb15118937d62df72afb7; raw_extractions:fec_api:schedules_schedule_b:109926a3bf17c8498ee0728677090ca4fd66b7be; ... (+309 more),raw_extractions_payload_scan_union_all_payloads_profiled_first_n_rows_across_feed
fec_api_schedule_b_json,disbursement_description,yes,,raw_extractions.payload_json; fec_schedule_b_disbursements.*,yes,database/federal_fec.py; webapp/routes/main.py; webapp/routes/federal_finance.py,,,Keep full raw payload retention and structured projection tests aligned.,190,no,0.009498,FUNDRAISING FEES (DEC) | COMPLIANCE CONSULTING | ONLINE ADVERTISING,raw_extractions:fec_api:schedules_schedule_b:77776af4a1253dcb860ccd91bc6e9aee651aa364; raw_extractions:fec_api:schedules_schedule_b:f59a74a4b53e5228bf447792b5e76ce6f8712711; raw_extractions:fec_api:schedules_schedule_b:e0ba05f103c9be180cfbaf3e8952134912950040; raw_extractions:fec_api:schedules_schedule_b:becbbc3d5ccf47e9784a2490d0c73dfc28d79837; raw_extractions:fec_api:schedules_schedule_b:6acf10b9056f190d1d5f4b3768e7205d0237b6d7; raw_extractions:fec_api:schedules_schedule_b:f7bf9d9ee46761f6b3c5981f0382f01a0cdfcf70; raw_extractions:fec_api:schedules_schedule_b:3acfb2eaa92e3651dc3316cd2dd8c80a2cb3558f; raw_extractions:fec_api:schedules_schedule_b:c5be4fd9a5bd84c50499dc0284d32ff3d71e0ffd; raw_extractions:fec_api:schedules_schedule_b:67c63250d1f52718fb9346b37a61c7bcdd6c0d33; raw_extractions:fec_api:schedules_schedule_b:70e1dc3d0f12ca7256bbf07abc0cc45a6c1b0881; raw_extractions:fec_api:schedules_schedule_b:c0f13cf12aa9a54a4d2eb15118937d62df72afb7; raw_extractions:fec_api:schedules_schedule_b:109926a3bf17c8498ee0728677090ca4fd66b7be; ... (+309 more),raw_extractions_payload_scan_union_all_payloads_profiled_first_n_rows_across_feed
fec_api_schedule_b_json,disbursement_purpose_category,yes,,raw_extractions.payload_json,no,,database/federal_fec.py:1358,explicitly excluded (not projected into structured FEC table),"Add explicit projection mapping if this key is needed downstream, or document intentional exclusion.",190,no,0.0,OTHER | MATERIALS | TRAVEL,raw_extractions:fec_api:schedules_schedule_b:77776af4a1253dcb860ccd91bc6e9aee651aa364; raw_extractions:fec_api:schedules_schedule_b:f59a74a4b53e5228bf447792b5e76ce6f8712711; raw_extractions:fec_api:schedules_schedule_b:e0ba05f103c9be180cfbaf3e8952134912950040; raw_extractions:fec_api:schedules_schedule_b:becbbc3d5ccf47e9784a2490d0c73dfc28d79837; raw_extractions:fec_api:schedules_schedule_b:6acf10b9056f190d1d5f4b3768e7205d0237b6d7; raw_extractions:fec_api:schedules_schedule_b:f7bf9d9ee46761f6b3c5981f0382f01a0cdfcf70; raw_extractions:fec_api:schedules_schedule_b:3acfb2eaa92e3651dc3316cd2dd8c80a2cb3558f; raw_extractions:fec_api:schedules_schedule_b:c5be4fd9a5bd84c50499dc0284d32ff3d71e0ffd; raw_extractions:fec_api:schedules_schedule_b:67c63250d1f52718fb9346b37a61c7bcdd6c0d33; raw_extractions:fec_api:schedules_schedule_b:70e1dc3d0f12ca7256bbf07abc0cc45a6c1b0881; raw_extractions:fec_api:schedules_schedule_b:c0f13cf12aa9a54a4d2eb15118937d62df72afb7; raw_extractions:fec_api:schedules_schedule_b:109926a3bf17c8498ee0728677090ca4fd66b7be; ... (+309 more),raw_extractions_payload_scan_union_all_payloads_profiled_first_n_rows_across_feed
fec_api_schedule_b_json,disbursement_type,yes,,raw_extractions.payload_json; fec_schedule_b_disbursements.*,yes,database/federal_fec.py; webapp/routes/main.py; webapp/routes/federal_finance.py,,,Keep full raw payload retention and structured projection tests aligned.,190,no,0.984863,24G | 22Y | 22Z,raw_extractions:fec_api:schedules_schedule_b:77776af4a1253dcb860ccd91bc6e9aee651aa364; raw_extractions:fec_api:schedules_schedule_b:f59a74a4b53e5228bf447792b5e76ce6f8712711; raw_extractions:fec_api:schedules_schedule_b:e0ba05f103c9be180cfbaf3e8952134912950040; raw_extractions:fec_api:schedules_schedule_b:becbbc3d5ccf47e9784a2490d0c73dfc28d79837; raw_extractions:fec_api:schedules_schedule_b:6acf10b9056f190d1d5f4b3768e7205d0237b6d7; raw_extractions:fec_api:schedules_schedule_b:f7bf9d9ee46761f6b3c5981f0382f01a0cdfcf70; raw_extractions:fec_api:schedules_schedule_b:3acfb2eaa92e3651dc3316cd2dd8c80a2cb3558f; raw_extractions:fec_api:schedules_schedule_b:c5be4fd9a5bd84c50499dc0284d32ff3d71e0ffd; raw_extractions:fec_api:schedules_schedule_b:67c63250d1f52718fb9346b37a61c7bcdd6c0d33; raw_extractions:fec_api:schedules_schedule_b:70e1dc3d0f12ca7256bbf07abc0cc45a6c1b0881; raw_extractions:fec_api:schedules_schedule_b:c0f13cf12aa9a54a4d2eb15118937d62df72afb7; raw_extractions:fec_api:schedules_schedule_b:109926a3bf17c8498ee0728677090ca4fd66b7be; ... (+309 more),raw_extractions_payload_scan_union_all_payloads_profiled_first_n_rows_across_feed
fec_api_schedule_b_json,disbursement_type_description,yes,,raw_extractions.payload_json; fec_schedule_b_disbursements.*,yes,database/federal_fec.py; webapp/routes/main.py; webapp/routes/federal_finance.py,,,Keep full raw payload retention and structured projection tests aligned.,190,no,0.984863,TRANSFER OUT AFFILIATED | CONTRIBUTION REFUND TO INDIVIDUAL | CONTRIBUTION REFUND TO CANDIDATE/COMMITTEE,raw_extractions:fec_api:schedules_schedule_b:77776af4a1253dcb860ccd91bc6e9aee651aa364; raw_extractions:fec_api:schedules_schedule_b:f59a74a4b53e5228bf447792b5e76ce6f8712711; raw_extractions:fec_api:schedules_schedule_b:e0ba05f103c9be180cfbaf3e8952134912950040; raw_extractions:fec_api:schedules_schedule_b:becbbc3d5ccf47e9784a2490d0c73dfc28d79837; raw_extractions:fec_api:schedules_schedule_b:6acf10b9056f190d1d5f4b3768e7205d0237b6d7; raw_extractions:fec_api:schedules_schedule_b:f7bf9d9ee46761f6b3c5981f0382f01a0cdfcf70; raw_extractions:fec_api:schedules_schedule_b:3acfb2eaa92e3651dc3316cd2dd8c80a2cb3558f; raw_extractions:fec_api:schedules_schedule_b:c5be4fd9a5bd84c50499dc0284d32ff3d71e0ffd; raw_extractions:fec_api:schedules_schedule_b:67c63250d1f52718fb9346b37a61c7bcdd6c0d33; raw_extractions:fec_api:schedules_schedule_b:70e1dc3d0f12ca7256bbf07abc0cc45a6c1b0881; raw_extractions:fec_api:schedules_schedule_b:c0f13cf12aa9a54a4d2eb15118937d62df72afb7; raw_extractions:fec_api:schedules_schedule_b:109926a3bf17c8498ee0728677090ca4fd66b7be; ... (+309 more),raw_extractions_payload_scan_union_all_payloads_profiled_first_n_rows_across_feed
fec_api_schedule_b_json,election_type,yes,,raw_extractions.payload_json; fec_schedule_b_disbursements.*,yes,database/federal_fec.py; webapp/routes/main.py; webapp/routes/federal_finance.py,,,Keep full raw payload retention and structured projection tests aligned.,190,no,0.11323,P2026 | P2025 | G2026,raw_extractions:fec_api:schedules_schedule_b:77776af4a1253dcb860ccd91bc6e9aee651aa364; raw_extractions:fec_api:schedules_schedule_b:f59a74a4b53e5228bf447792b5e76ce6f8712711; raw_extractions:fec_api:schedules_schedule_b:e0ba05f103c9be180cfbaf3e8952134912950040; raw_extractions:fec_api:schedules_schedule_b:becbbc3d5ccf47e9784a2490d0c73dfc28d79837; raw_extractions:fec_api:schedules_schedule_b:6acf10b9056f190d1d5f4b3768e7205d0237b6d7; raw_extractions:fec_api:schedules_schedule_b:f7bf9d9ee46761f6b3c5981f0382f01a0cdfcf70; raw_extractions:fec_api:schedules_schedule_b:3acfb2eaa92e3651dc3316cd2dd8c80a2cb3558f; raw_extractions:fec_api:schedules_schedule_b:c5be4fd9a5bd84c50499dc0284d32ff3d71e0ffd; raw_extractions:fec_api:schedules_schedule_b:67c63250d1f52718fb9346b37a61c7bcdd6c0d33; raw_extractions:fec_api:schedules_schedule_b:70e1dc3d0f12ca7256bbf07abc0cc45a6c1b0881; raw_extractions:fec_api:schedules_schedule_b:c0f13cf12aa9a54a4d2eb15118937d62df72afb7; raw_extractions:fec_api:schedules_schedule_b:109926a3bf17c8498ee0728677090ca4fd66b7be; ... (+309 more),raw_extractions_payload_scan_union_all_payloads_profiled_first_n_rows_across_feed
fec_api_schedule_b_json,election_type_full,yes,,raw_extractions.payload_json; fec_schedule_b_disbursements.*,yes,database/federal_fec.py; webapp/routes/main.py; webapp/routes/federal_finance.py,,,Keep full raw payload retention and structured projection tests aligned.,190,no,0.999629,2026 | RECOUNT | OTHER,raw_extractions:fec_api:schedules_schedule_b:77776af4a1253dcb860ccd91bc6e9aee651aa364; raw_extractions:fec_api:schedules_schedule_b:f59a74a4b53e5228bf447792b5e76ce6f8712711; raw_extractions:fec_api:schedules_schedule_b:e0ba05f103c9be180cfbaf3e8952134912950040; raw_extractions:fec_api:schedules_schedule_b:becbbc3d5ccf47e9784a2490d0c73dfc28d79837; raw_extractions:fec_api:schedules_schedule_b:6acf10b9056f190d1d5f4b3768e7205d0237b6d7; raw_extractions:fec_api:schedules_schedule_b:f7bf9d9ee46761f6b3c5981f0382f01a0cdfcf70; raw_extractions:fec_api:schedules_schedule_b:3acfb2eaa92e3651dc3316cd2dd8c80a2cb3558f; raw_extractions:fec_api:schedules_schedule_b:c5be4fd9a5bd84c50499dc0284d32ff3d71e0ffd; raw_extractions:fec_api:schedules_schedule_b:67c63250d1f52718fb9346b37a61c7bcdd6c0d33; raw_extractions:fec_api:schedules_schedule_b:70e1dc3d0f12ca7256bbf07abc0cc45a6c1b0881; raw_extractions:fec_api:schedules_schedule_b:c0f13cf12aa9a54a4d2eb15118937d62df72afb7; raw_extractions:fec_api:schedules_schedule_b:109926a3bf17c8498ee0728677090ca4fd66b7be; ... (+309 more),raw_extractions_payload_scan_union_all_payloads_profiled_first_n_rows_across_feed
fec_api_schedule_b_json,entity_type,yes,,raw_extractions.payload_json,no,,database/federal_fec.py:1358,explicitly excluded (not projected into structured FEC table),"Add explicit projection mapping if this key is needed downstream, or document intentional exclusion.",190,no,0.0,ORG | IND | CAN,raw_extractions:fec_api:schedules_schedule_b:77776af4a1253dcb860ccd91bc6e9aee651aa364; raw_extractions:fec_api:schedules_schedule_b:f59a74a4b53e5228bf447792b5e76ce6f8712711; raw_extractions:fec_api:schedules_schedule_b:e0ba05f103c9be180cfbaf3e8952134912950040; raw_extractions:fec_api:schedules_schedule_b:becbbc3d5ccf47e9784a2490d0c73dfc28d79837; raw_extractions:fec_api:schedules_schedule_b:6acf10b9056f190d1d5f4b3768e7205d0237b6d7; raw_extractions:fec_api:schedules_schedule_b:f7bf9d9ee46761f6b3c5981f0382f01a0cdfcf70; raw_extractions:fec_api:schedules_schedule_b:3acfb2eaa92e3651dc3316cd2dd8c80a2cb3558f; raw_extractions:fec_api:schedules_schedule_b:c5be4fd9a5bd84c50499dc0284d32ff3d71e0ffd; raw_extractions:fec_api:schedules_schedule_b:67c63250d1f52718fb9346b37a61c7bcdd6c0d33; raw_extractions:fec_api:schedules_schedule_b:70e1dc3d0f12ca7256bbf07abc0cc45a6c1b0881; raw_extractions:fec_api:schedules_schedule_b:c0f13cf12aa9a54a4d2eb15118937d62df72afb7; raw_extractions:fec_api:schedules_schedule_b:109926a3bf17c8498ee0728677090ca4fd66b7be; ... (+309 more),raw_extractions_payload_scan_union_all_payloads_profiled_first_n_rows_across_feed
fec_api_schedule_b_json,entity_type_desc,yes,,raw_extractions.payload_json,no,,database/federal_fec.py:1358,explicitly excluded (not projected into structured FEC table),"Add explicit projection mapping if this key is needed downstream, or document intentional exclusion.",190,no,0.0,ORGANIZATION | INDIVIDUAL | CANDIDATE,raw_extractions:fec_api:schedules_schedule_b:77776af4a1253dcb860ccd91bc6e9aee651aa364; raw_extractions:fec_api:schedules_schedule_b:f59a74a4b53e5228bf447792b5e76ce6f8712711; raw_extractions:fec_api:schedules_schedule_b:e0ba05f103c9be180cfbaf3e8952134912950040; raw_extractions:fec_api:schedules_schedule_b:becbbc3d5ccf47e9784a2490d0c73dfc28d79837; raw_extractions:fec_api:schedules_schedule_b:6acf10b9056f190d1d5f4b3768e7205d0237b6d7; raw_extractions:fec_api:schedules_schedule_b:f7bf9d9ee46761f6b3c5981f0382f01a0cdfcf70; raw_extractions:fec_api:schedules_schedule_b:3acfb2eaa92e3651dc3316cd2dd8c80a2cb3558f; raw_extractions:fec_api:schedules_schedule_b:c5be4fd9a5bd84c50499dc0284d32ff3d71e0ffd; raw_extractions:fec_api:schedules_schedule_b:67c63250d1f52718fb9346b37a61c7bcdd6c0d33; raw_extractions:fec_api:schedules_schedule_b:70e1dc3d0f12ca7256bbf07abc0cc45a6c1b0881; raw_extractions:fec_api:schedules_schedule_b:c0f13cf12aa9a54a4d2eb15118937d62df72afb7; raw_extractions:fec_api:schedules_schedule_b:109926a3bf17c8498ee0728677090ca4fd66b7be; ... (+309 more),raw_extractions_payload_scan_union_all_payloads_profiled_first_n_rows_across_feed
fec_api_schedule_b_json,fec_election_type_desc,yes,,raw_extractions.payload_json,no,,database/federal_fec.py:1358,explicitly excluded (not projected into structured FEC table),"Add explicit projection mapping if this key is needed downstream, or document intentional exclusion.",190,no,0.11323,PRIMARY | GENERAL | RECOUNT,raw_extractions:fec_api:schedules_schedule_b:77776af4a1253dcb860ccd91bc6e9aee651aa364; raw_extractions:fec_api:schedules_schedule_b:f59a74a4b53e5228bf447792b5e76ce6f8712711; raw_extractions:fec_api:schedules_schedule_b:e0ba05f103c9be180cfbaf3e8952134912950040; raw_extractions:fec_api:schedules_schedule_b:becbbc3d5ccf47e9784a2490d0c73dfc28d79837; raw_extractions:fec_api:schedules_schedule_b:6acf10b9056f190d1d5f4b3768e7205d0237b6d7; raw_extractions:fec_api:schedules_schedule_b:f7bf9d9ee46761f6b3c5981f0382f01a0cdfcf70; raw_extractions:fec_api:schedules_schedule_b:3acfb2eaa92e3651dc3316cd2dd8c80a2cb3558f; raw_extractions:fec_api:schedules_schedule_b:c5be4fd9a5bd84c50499dc0284d32ff3d71e0ffd; raw_extractions:fec_api:schedules_schedule_b:67c63250d1f52718fb9346b37a61c7bcdd6c0d33; raw_extractions:fec_api:schedules_schedule_b:70e1dc3d0f12ca7256bbf07abc0cc45a6c1b0881; raw_extractions:fec_api:schedules_schedule_b:c0f13cf12aa9a54a4d2eb15118937d62df72afb7; raw_extractions:fec_api:schedules_schedule_b:109926a3bf17c8498ee0728677090ca4fd66b7be; ... (+309 more),raw_extractions_payload_scan_union_all_payloads_profiled_first_n_rows_across_feed
fec_api_schedule_b_json,fec_election_year,yes,,raw_extractions.payload_json,no,,database/federal_fec.py:1358,explicitly excluded (not projected into structured FEC table),"Add explicit projection mapping if this key is needed downstream, or document intentional exclusion.",190,no,0.113601,2026 | 2025 | 2022,raw_extractions:fec_api:schedules_schedule_b:77776af4a1253dcb860ccd91bc6e9aee651aa364; raw_extractions:fec_api:schedules_schedule_b:f59a74a4b53e5228bf447792b5e76ce6f8712711; raw_extractions:fec_api:schedules_schedule_b:e0ba05f103c9be180cfbaf3e8952134912950040; raw_extractions:fec_api:schedules_schedule_b:becbbc3d5ccf47e9784a2490d0c73dfc28d79837; raw_extractions:fec_api:schedules_schedule_b:6acf10b9056f190d1d5f4b3768e7205d0237b6d7; raw_extractions:fec_api:schedules_schedule_b:f7bf9d9ee46761f6b3c5981f0382f01a0cdfcf70; raw_extractions:fec_api:schedules_schedule_b:3acfb2eaa92e3651dc3316cd2dd8c80a2cb3558f; raw_extractions:fec_api:schedules_schedule_b:c5be4fd9a5bd84c50499dc0284d32ff3d71e0ffd; raw_extractions:fec_api:schedules_schedule_b:67c63250d1f52718fb9346b37a61c7bcdd6c0d33; raw_extractions:fec_api:schedules_schedule_b:70e1dc3d0f12ca7256bbf07abc0cc45a6c1b0881; raw_extractions:fec_api:schedules_schedule_b:c0f13cf12aa9a54a4d2eb15118937d62df72afb7; raw_extractions:fec_api:schedules_schedule_b:109926a3bf17c8498ee0728677090ca4fd66b7be; ... (+309 more),raw_extractions_payload_scan_union_all_payloads_profiled_first_n_rows_across_feed
fec_api_schedule_b_json,file_number,yes,,raw_extractions.payload_json,no,,database/federal_fec.py:1358,explicitly excluded (not projected into structured FEC table),"Add explicit projection mapping if this key is needed downstream, or document intentional exclusion.",190,no,0.0,1933746 | 1920886 | 1921629,raw_extractions:fec_api:schedules_schedule_b:77776af4a1253dcb860ccd91bc6e9aee651aa364; raw_extractions:fec_api:schedules_schedule_b:f59a74a4b53e5228bf447792b5e76ce6f8712711; raw_extractions:fec_api:schedules_schedule_b:e0ba05f103c9be180cfbaf3e8952134912950040; raw_extractions:fec_api:schedules_schedule_b:becbbc3d5ccf47e9784a2490d0c73dfc28d79837; raw_extractions:fec_api:schedules_schedule_b:6acf10b9056f190d1d5f4b3768e7205d0237b6d7; raw_extractions:fec_api:schedules_schedule_b:f7bf9d9ee46761f6b3c5981f0382f01a0cdfcf70; raw_extractions:fec_api:schedules_schedule_b:3acfb2eaa92e3651dc3316cd2dd8c80a2cb3558f; raw_extractions:fec_api:schedules_schedule_b:c5be4fd9a5bd84c50499dc0284d32ff3d71e0ffd; raw_extractions:fec_api:schedules_schedule_b:67c63250d1f52718fb9346b37a61c7bcdd6c0d33; raw_extractions:fec_api:schedules_schedule_b:70e1dc3d0f12ca7256bbf07abc0cc45a6c1b0881; raw_extractions:fec_api:schedules_schedule_b:c0f13cf12aa9a54a4d2eb15118937d62df72afb7; raw_extractions:fec_api:schedules_schedule_b:109926a3bf17c8498ee0728677090ca4fd66b7be; ... (+309 more),raw_extractions_payload_scan_union_all_payloads_profiled_first_n_rows_across_feed
fec_api_schedule_b_json,filing_form,yes,,raw_extractions.payload_json,no,,database/federal_fec.py:1358,explicitly excluded (not projected into structured FEC table),"Add explicit projection mapping if this key is needed downstream, or document intentional exclusion.",190,no,0.0,F3,raw_extractions:fec_api:schedules_schedule_b:77776af4a1253dcb860ccd91bc6e9aee651aa364; raw_extractions:fec_api:schedules_schedule_b:f59a74a4b53e5228bf447792b5e76ce6f8712711; raw_extractions:fec_api:schedules_schedule_b:e0ba05f103c9be180cfbaf3e8952134912950040; raw_extractions:fec_api:schedules_schedule_b:becbbc3d5ccf47e9784a2490d0c73dfc28d79837; raw_extractions:fec_api:schedules_schedule_b:6acf10b9056f190d1d5f4b3768e7205d0237b6d7; raw_extractions:fec_api:schedules_schedule_b:f7bf9d9ee46761f6b3c5981f0382f01a0cdfcf70; raw_extractions:fec_api:schedules_schedule_b:3acfb2eaa92e3651dc3316cd2dd8c80a2cb3558f; raw_extractions:fec_api:schedules_schedule_b:c5be4fd9a5bd84c50499dc0284d32ff3d71e0ffd; raw_extractions:fec_api:schedules_schedule_b:67c63250d1f52718fb9346b37a61c7bcdd6c0d33; raw_extractions:fec_api:schedules_schedule_b:70e1dc3d0f12ca7256bbf07abc0cc45a6c1b0881; raw_extractions:fec_api:schedules_schedule_b:c0f13cf12aa9a54a4d2eb15118937d62df72afb7; raw_extractions:fec_api:schedules_schedule_b:109926a3bf17c8498ee0728677090ca4fd66b7be; ... (+309 more),raw_extractions_payload_scan_union_all_payloads_profiled_first_n_rows_across_feed
fec_api_schedule_b_json,image_number,yes,,raw_extractions.payload_json; fec_schedule_b_disbursements.*,yes,database/federal_fec.py; webapp/routes/main.py; webapp/routes/federal_finance.py,,,Keep full raw payload retention and structured projection tests aligned.,190,no,0.0,202601199794075854 | 202601199794075845 | 202601199794075850,raw_extractions:fec_api:schedules_schedule_b:77776af4a1253dcb860ccd91bc6e9aee651aa364; raw_extractions:fec_api:schedules_schedule_b:f59a74a4b53e5228bf447792b5e76ce6f8712711; raw_extractions:fec_api:schedules_schedule_b:e0ba05f103c9be180cfbaf3e8952134912950040; raw_extractions:fec_api:schedules_schedule_b:becbbc3d5ccf47e9784a2490d0c73dfc28d79837; raw_extractions:fec_api:schedules_schedule_b:6acf10b9056f190d1d5f4b3768e7205d0237b6d7; raw_extractions:fec_api:schedules_schedule_b:f7bf9d9ee46761f6b3c5981f0382f01a0cdfcf70; raw_extractions:fec_api:schedules_schedule_b:3acfb2eaa92e3651dc3316cd2dd8c80a2cb3558f; raw_extractions:fec_api:schedules_schedule_b:c5be4fd9a5bd84c50499dc0284d32ff3d71e0ffd; raw_extractions:fec_api:schedules_schedule_b:67c63250d1f52718fb9346b37a61c7bcdd6c0d33; raw_extractions:fec_api:schedules_schedule_b:70e1dc3d0f12ca7256bbf07abc0cc45a6c1b0881; raw_extractions:fec_api:schedules_schedule_b:c0f13cf12aa9a54a4d2eb15118937d62df72afb7; raw_extractions:fec_api:schedules_schedule_b:109926a3bf17c8498ee0728677090ca4fd66b7be; ... (+309 more),raw_extractions_payload_scan_union_all_payloads_profiled_first_n_rows_across_feed
fec_api_schedule_b_json,line_number,yes,,raw_extractions.payload_json; fec_schedule_b_disbursements.*,yes,database/federal_fec.py; webapp/routes/main.py; webapp/routes/federal_finance.py,,,Keep full raw payload retention and structured projection tests aligned.,190,no,0.0,17 | 18 | 21,raw_extractions:fec_api:schedules_schedule_b:77776af4a1253dcb860ccd91bc6e9aee651aa364; raw_extractions:fec_api:schedules_schedule_b:f59a74a4b53e5228bf447792b5e76ce6f8712711; raw_extractions:fec_api:schedules_schedule_b:e0ba05f103c9be180cfbaf3e8952134912950040; raw_extractions:fec_api:schedules_schedule_b:becbbc3d5ccf47e9784a2490d0c73dfc28d79837; raw_extractions:fec_api:schedules_schedule_b:6acf10b9056f190d1d5f4b3768e7205d0237b6d7; raw_extractions:fec_api:schedules_schedule_b:f7bf9d9ee46761f6b3c5981f0382f01a0cdfcf70; raw_extractions:fec_api:schedules_schedule_b:3acfb2eaa92e3651dc3316cd2dd8c80a2cb3558f; raw_extractions:fec_api:schedules_schedule_b:c5be4fd9a5bd84c50499dc0284d32ff3d71e0ffd; raw_extractions:fec_api:schedules_schedule_b:67c63250d1f52718fb9346b37a61c7bcdd6c0d33; raw_extractions:fec_api:schedules_schedule_b:70e1dc3d0f12ca7256bbf07abc0cc45a6c1b0881; raw_extractions:fec_api:schedules_schedule_b:c0f13cf12aa9a54a4d2eb15118937d62df72afb7; raw_extractions:fec_api:schedules_schedule_b:109926a3bf17c8498ee0728677090ca4fd66b7be; ... (+309 more),raw_extractions_payload_scan_union_all_payloads_profiled_first_n_rows_across_feed
fec_api_schedule_b_json,line_number_label,yes,,raw_extractions.payload_json,no,,database/federal_fec.py:1358,explicitly excluded (not projected into structured FEC table),"Add explicit projection mapping if this key is needed downstream, or document intentional exclusion.",190,no,0.0,Operating Expenditures | Transfers to Other Authorized Committees | Other Disbursements,raw_extractions:fec_api:schedules_schedule_b:77776af4a1253dcb860ccd91bc6e9aee651aa364; raw_extractions:fec_api:schedules_schedule_b:f59a74a4b53e5228bf447792b5e76ce6f8712711; raw_extractions:fec_api:schedules_schedule_b:e0ba05f103c9be180cfbaf3e8952134912950040; raw_extractions:fec_api:schedules_schedule_b:becbbc3d5ccf47e9784a2490d0c73dfc28d79837; raw_extractions:fec_api:schedules_schedule_b:6acf10b9056f190d1d5f4b3768e7205d0237b6d7; raw_extractions:fec_api:schedules_schedule_b:f7bf9d9ee46761f6b3c5981f0382f01a0cdfcf70; raw_extractions:fec_api:schedules_schedule_b:3acfb2eaa92e3651dc3316cd2dd8c80a2cb3558f; raw_extractions:fec_api:schedules_schedule_b:c5be4fd9a5bd84c50499dc0284d32ff3d71e0ffd; raw_extractions:fec_api:schedules_schedule_b:67c63250d1f52718fb9346b37a61c7bcdd6c0d33; raw_extractions:fec_api:schedules_schedule_b:70e1dc3d0f12ca7256bbf07abc0cc45a6c1b0881; raw_extractions:fec_api:schedules_schedule_b:c0f13cf12aa9a54a4d2eb15118937d62df72afb7; raw_extractions:fec_api:schedules_schedule_b:109926a3bf17c8498ee0728677090ca4fd66b7be; ... (+309 more),raw_extractions_payload_scan_union_all_payloads_profiled_first_n_rows_across_feed
fec_api_schedule_b_json,link_id,yes,,raw_extractions.payload_json,no,,database/federal_fec.py:1358,explicitly excluded (not projected into structured FEC table),"Add explicit projection mapping if this key is needed downstream, or document intentional exclusion.",190,no,0.0,4011920261302701032 | 4101520251292819918 | 4101620251292847155,raw_extractions:fec_api:schedules_schedule_b:77776af4a1253dcb860ccd91bc6e9aee651aa364; raw_extractions:fec_api:schedules_schedule_b:f59a74a4b53e5228bf447792b5e76ce6f8712711; raw_extractions:fec_api:schedules_schedule_b:e0ba05f103c9be180cfbaf3e8952134912950040; raw_extractions:fec_api:schedules_schedule_b:becbbc3d5ccf47e9784a2490d0c73dfc28d79837; raw_extractions:fec_api:schedules_schedule_b:6acf10b9056f190d1d5f4b3768e7205d0237b6d7; raw_extractions:fec_api:schedules_schedule_b:f7bf9d9ee46761f6b3c5981f0382f01a0cdfcf70; raw_extractions:fec_api:schedules_schedule_b:3acfb2eaa92e3651dc3316cd2dd8c80a2cb3558f; raw_extractions:fec_api:schedules_schedule_b:c5be4fd9a5bd84c50499dc0284d32ff3d71e0ffd; raw_extractions:fec_api:schedules_schedule_b:67c63250d1f52718fb9346b37a61c7bcdd6c0d33; raw_extractions:fec_api:schedules_schedule_b:70e1dc3d0f12ca7256bbf07abc0cc45a6c1b0881; raw_extractions:fec_api:schedules_schedule_b:c0f13cf12aa9a54a4d2eb15118937d62df72afb7; raw_extractions:fec_api:schedules_schedule_b:109926a3bf17c8498ee0728677090ca4fd66b7be; ... (+309 more),raw_extractions_payload_scan_union_all_payloads_profiled_first_n_rows_across_feed
fec_api_schedule_b_json,load_date,yes,,raw_extractions.payload_json; fec_schedule_b_disbursements.*,yes,database/federal_fec.py; webapp/routes/main.py; webapp/routes/federal_finance.py,,,Keep full raw payload retention and structured projection tests aligned.,190,no,0.0,2026-01-28T02:36:04 | 2025-12-04T02:36:09 | 2026-01-24T02:36:08,raw_extractions:fec_api:schedules_schedule_b:77776af4a1253dcb860ccd91bc6e9aee651aa364; raw_extractions:fec_api:schedules_schedule_b:f59a74a4b53e5228bf447792b5e76ce6f8712711; raw_extractions:fec_api:schedules_schedule_b:e0ba05f103c9be180cfbaf3e8952134912950040; raw_extractions:fec_api:schedules_schedule_b:becbbc3d5ccf47e9784a2490d0c73dfc28d79837; raw_extractions:fec_api:schedules_schedule_b:6acf10b9056f190d1d5f4b3768e7205d0237b6d7; raw_extractions:fec_api:schedules_schedule_b:f7bf9d9ee46761f6b3c5981f0382f01a0cdfcf70; raw_extractions:fec_api:schedules_schedule_b:3acfb2eaa92e3651dc3316cd2dd8c80a2cb3558f; raw_extractions:fec_api:schedules_schedule_b:c5be4fd9a5bd84c50499dc0284d32ff3d71e0ffd; raw_extractions:fec_api:schedules_schedule_b:67c63250d1f52718fb9346b37a61c7bcdd6c0d33; raw_extractions:fec_api:schedules_schedule_b:70e1dc3d0f12ca7256bbf07abc0cc45a6c1b0881; raw_extractions:fec_api:schedules_schedule_b:c0f13cf12aa9a54a4d2eb15118937d62df72afb7; raw_extractions:fec_api:schedules_schedule_b:109926a3bf17c8498ee0728677090ca4fd66b7be; ... (+309 more),raw_extractions_payload_scan_union_all_payloads_profiled_first_n_rows_across_feed
fec_api_schedule_b_json,memo_code,yes,,raw_extractions.payload_json,no,,database/federal_fec.py:1358,explicitly excluded (not projected into structured FEC table),"Add explicit projection mapping if this key is needed downstream, or document intentional exclusion.",190,no,0.789345,X,raw_extractions:fec_api:schedules_schedule_b:77776af4a1253dcb860ccd91bc6e9aee651aa364; raw_extractions:fec_api:schedules_schedule_b:f59a74a4b53e5228bf447792b5e76ce6f8712711; raw_extractions:fec_api:schedules_schedule_b:e0ba05f103c9be180cfbaf3e8952134912950040; raw_extractions:fec_api:schedules_schedule_b:becbbc3d5ccf47e9784a2490d0c73dfc28d79837; raw_extractions:fec_api:schedules_schedule_b:6acf10b9056f190d1d5f4b3768e7205d0237b6d7; raw_extractions:fec_api:schedules_schedule_b:f7bf9d9ee46761f6b3c5981f0382f01a0cdfcf70; raw_extractions:fec_api:schedules_schedule_b:3acfb2eaa92e3651dc3316cd2dd8c80a2cb3558f; raw_extractions:fec_api:schedules_schedule_b:c5be4fd9a5bd84c50499dc0284d32ff3d71e0ffd; raw_extractions:fec_api:schedules_schedule_b:67c63250d1f52718fb9346b37a61c7bcdd6c0d33; raw_extractions:fec_api:schedules_schedule_b:70e1dc3d0f12ca7256bbf07abc0cc45a6c1b0881; raw_extractions:fec_api:schedules_schedule_b:c0f13cf12aa9a54a4d2eb15118937d62df72afb7; raw_extractions:fec_api:schedules_schedule_b:109926a3bf17c8498ee0728677090ca4fd66b7be; ... (+309 more),raw_extractions_payload_scan_union_all_payloads_profiled_first_n_rows_across_feed
fec_api_schedule_b_json,memo_code_full,yes,,raw_extractions.payload_json,no,,database/federal_fec.py:1358,explicitly excluded (not projected into structured FEC table),"Add explicit projection mapping if this key is needed downstream, or document intentional exclusion.",190,no,1.0,,raw_extractions:fec_api:schedules_schedule_b:77776af4a1253dcb860ccd91bc6e9aee651aa364; raw_extractions:fec_api:schedules_schedule_b:f59a74a4b53e5228bf447792b5e76ce6f8712711; raw_extractions:fec_api:schedules_schedule_b:e0ba05f103c9be180cfbaf3e8952134912950040; raw_extractions:fec_api:schedules_schedule_b:becbbc3d5ccf47e9784a2490d0c73dfc28d79837; raw_extractions:fec_api:schedules_schedule_b:6acf10b9056f190d1d5f4b3768e7205d0237b6d7; raw_extractions:fec_api:schedules_schedule_b:f7bf9d9ee46761f6b3c5981f0382f01a0cdfcf70; raw_extractions:fec_api:schedules_schedule_b:3acfb2eaa92e3651dc3316cd2dd8c80a2cb3558f; raw_extractions:fec_api:schedules_schedule_b:c5be4fd9a5bd84c50499dc0284d32ff3d71e0ffd; raw_extractions:fec_api:schedules_schedule_b:67c63250d1f52718fb9346b37a61c7bcdd6c0d33; raw_extractions:fec_api:schedules_schedule_b:70e1dc3d0f12ca7256bbf07abc0cc45a6c1b0881; raw_extractions:fec_api:schedules_schedule_b:c0f13cf12aa9a54a4d2eb15118937d62df72afb7; raw_extractions:fec_api:schedules_schedule_b:109926a3bf17c8498ee0728677090ca4fd66b7be; ... (+309 more),raw_extractions_payload_scan_union_all_payloads_profiled_first_n_rows_across_feed
fec_api_schedule_b_json,memo_text,yes,,raw_extractions.payload_json; fec_schedule_b_disbursements.*,yes,database/federal_fec.py; webapp/routes/main.py; webapp/routes/federal_finance.py,,,Keep full raw payload retention and structured projection tests aligned.,190,no,0.824071,"* | FEC ID C00167015 | REIMBURSEMENT - SEE DETAILS, IF ITEMIZED",raw_extractions:fec_api:schedules_schedule_b:77776af4a1253dcb860ccd91bc6e9aee651aa364; raw_extractions:fec_api:schedules_schedule_b:f59a74a4b53e5228bf447792b5e76ce6f8712711; raw_extractions:fec_api:schedules_schedule_b:e0ba05f103c9be180cfbaf3e8952134912950040; raw_extractions:fec_api:schedules_schedule_b:becbbc3d5ccf47e9784a2490d0c73dfc28d79837; raw_extractions:fec_api:schedules_schedule_b:6acf10b9056f190d1d5f4b3768e7205d0237b6d7; raw_extractions:fec_api:schedules_schedule_b:f7bf9d9ee46761f6b3c5981f0382f01a0cdfcf70; raw_extractions:fec_api:schedules_schedule_b:3acfb2eaa92e3651dc3316cd2dd8c80a2cb3558f; raw_extractions:fec_api:schedules_schedule_b:c5be4fd9a5bd84c50499dc0284d32ff3d71e0ffd; raw_extractions:fec_api:schedules_schedule_b:67c63250d1f52718fb9346b37a61c7bcdd6c0d33; raw_extractions:fec_api:schedules_schedule_b:70e1dc3d0f12ca7256bbf07abc0cc45a6c1b0881; raw_extractions:fec_api:schedules_schedule_b:c0f13cf12aa9a54a4d2eb15118937d62df72afb7; raw_extractions:fec_api:schedules_schedule_b:109926a3bf17c8498ee0728677090ca4fd66b7be; ... (+309 more),raw_extractions_payload_scan_union_all_payloads_profiled_first_n_rows_across_feed
fec_api_schedule_b_json,memoed_subtotal,yes,,raw_extractions.payload_json,no,,database/federal_fec.py:1358,explicitly excluded (not projected into structured FEC table),"Add explicit projection mapping if this key is needed downstream, or document intentional exclusion.",190,no,0.0,False | True,raw_extractions:fec_api:schedules_schedule_b:77776af4a1253dcb860ccd91bc6e9aee651aa364; raw_extractions:fec_api:schedules_schedule_b:f59a74a4b53e5228bf447792b5e76ce6f8712711; raw_extractions:fec_api:schedules_schedule_b:e0ba05f103c9be180cfbaf3e8952134912950040; raw_extractions:fec_api:schedules_schedule_b:becbbc3d5ccf47e9784a2490d0c73dfc28d79837; raw_extractions:fec_api:schedules_schedule_b:6acf10b9056f190d1d5f4b3768e7205d0237b6d7; raw_extractions:fec_api:schedules_schedule_b:f7bf9d9ee46761f6b3c5981f0382f01a0cdfcf70; raw_extractions:fec_api:schedules_schedule_b:3acfb2eaa92e3651dc3316cd2dd8c80a2cb3558f; raw_extractions:fec_api:schedules_schedule_b:c5be4fd9a5bd84c50499dc0284d32ff3d71e0ffd; raw_extractions:fec_api:schedules_schedule_b:67c63250d1f52718fb9346b37a61c7bcdd6c0d33; raw_extractions:fec_api:schedules_schedule_b:70e1dc3d0f12ca7256bbf07abc0cc45a6c1b0881; raw_extractions:fec_api:schedules_schedule_b:c0f13cf12aa9a54a4d2eb15118937d62df72afb7; raw_extractions:fec_api:schedules_schedule_b:109926a3bf17c8498ee0728677090ca4fd66b7be; ... (+309 more),raw_extractions_payload_scan_union_all_payloads_profiled_first_n_rows_across_feed
fec_api_schedule_b_json,national_committee_nonfederal_account,yes,,raw_extractions.payload_json,no,,database/federal_fec.py:1358,explicitly excluded (not projected into structured FEC table),"Add explicit projection mapping if this key is needed downstream, or document intentional exclusion.",190,no,1.0,,raw_extractions:fec_api:schedules_schedule_b:77776af4a1253dcb860ccd91bc6e9aee651aa364; raw_extractions:fec_api:schedules_schedule_b:f59a74a4b53e5228bf447792b5e76ce6f8712711; raw_extractions:fec_api:schedules_schedule_b:e0ba05f103c9be180cfbaf3e8952134912950040; raw_extractions:fec_api:schedules_schedule_b:becbbc3d5ccf47e9784a2490d0c73dfc28d79837; raw_extractions:fec_api:schedules_schedule_b:6acf10b9056f190d1d5f4b3768e7205d0237b6d7; raw_extractions:fec_api:schedules_schedule_b:f7bf9d9ee46761f6b3c5981f0382f01a0cdfcf70; raw_extractions:fec_api:schedules_schedule_b:3acfb2eaa92e3651dc3316cd2dd8c80a2cb3558f; raw_extractions:fec_api:schedules_schedule_b:c5be4fd9a5bd84c50499dc0284d32ff3d71e0ffd; raw_extractions:fec_api:schedules_schedule_b:67c63250d1f52718fb9346b37a61c7bcdd6c0d33; raw_extractions:fec_api:schedules_schedule_b:70e1dc3d0f12ca7256bbf07abc0cc45a6c1b0881; raw_extractions:fec_api:schedules_schedule_b:c0f13cf12aa9a54a4d2eb15118937d62df72afb7; raw_extractions:fec_api:schedules_schedule_b:109926a3bf17c8498ee0728677090ca4fd66b7be; ... (+309 more),raw_extractions_payload_scan_union_all_payloads_profiled_first_n_rows_across_feed
fec_api_schedule_b_json,original_sub_id,yes,,raw_extractions.payload_json,no,,database/federal_fec.py:1358,explicitly excluded (not projected into structured FEC table),"Add explicit projection mapping if this key is needed downstream, or document intentional exclusion.",190,no,1.0,,raw_extractions:fec_api:schedules_schedule_b:77776af4a1253dcb860ccd91bc6e9aee651aa364; raw_extractions:fec_api:schedules_schedule_b:f59a74a4b53e5228bf447792b5e76ce6f8712711; raw_extractions:fec_api:schedules_schedule_b:e0ba05f103c9be180cfbaf3e8952134912950040; raw_extractions:fec_api:schedules_schedule_b:becbbc3d5ccf47e9784a2490d0c73dfc28d79837; raw_extractions:fec_api:schedules_schedule_b:6acf10b9056f190d1d5f4b3768e7205d0237b6d7; raw_extractions:fec_api:schedules_schedule_b:f7bf9d9ee46761f6b3c5981f0382f01a0cdfcf70; raw_extractions:fec_api:schedules_schedule_b:3acfb2eaa92e3651dc3316cd2dd8c80a2cb3558f; raw_extractions:fec_api:schedules_schedule_b:c5be4fd9a5bd84c50499dc0284d32ff3d71e0ffd; raw_extractions:fec_api:schedules_schedule_b:67c63250d1f52718fb9346b37a61c7bcdd6c0d33; raw_extractions:fec_api:schedules_schedule_b:70e1dc3d0f12ca7256bbf07abc0cc45a6c1b0881; raw_extractions:fec_api:schedules_schedule_b:c0f13cf12aa9a54a4d2eb15118937d62df72afb7; raw_extractions:fec_api:schedules_schedule_b:109926a3bf17c8498ee0728677090ca4fd66b7be; ... (+309 more),raw_extractions_payload_scan_union_all_payloads_profiled_first_n_rows_across_feed
fec_api_schedule_b_json,payee_employer,yes,,raw_extractions.payload_json; fec_schedule_b_disbursements.*,yes,database/federal_fec.py; webapp/routes/main.py; webapp/routes/federal_finance.py,,,Keep full raw payload retention and structured projection tests aligned.,190,no,1.0,,raw_extractions:fec_api:schedules_schedule_b:77776af4a1253dcb860ccd91bc6e9aee651aa364; raw_extractions:fec_api:schedules_schedule_b:f59a74a4b53e5228bf447792b5e76ce6f8712711; raw_extractions:fec_api:schedules_schedule_b:e0ba05f103c9be180cfbaf3e8952134912950040; raw_extractions:fec_api:schedules_schedule_b:becbbc3d5ccf47e9784a2490d0c73dfc28d79837; raw_extractions:fec_api:schedules_schedule_b:6acf10b9056f190d1d5f4b3768e7205d0237b6d7; raw_extractions:fec_api:schedules_schedule_b:f7bf9d9ee46761f6b3c5981f0382f01a0cdfcf70; raw_extractions:fec_api:schedules_schedule_b:3acfb2eaa92e3651dc3316cd2dd8c80a2cb3558f; raw_extractions:fec_api:schedules_schedule_b:c5be4fd9a5bd84c50499dc0284d32ff3d71e0ffd; raw_extractions:fec_api:schedules_schedule_b:67c63250d1f52718fb9346b37a61c7bcdd6c0d33; raw_extractions:fec_api:schedules_schedule_b:70e1dc3d0f12ca7256bbf07abc0cc45a6c1b0881; raw_extractions:fec_api:schedules_schedule_b:c0f13cf12aa9a54a4d2eb15118937d62df72afb7; raw_extractions:fec_api:schedules_schedule_b:109926a3bf17c8498ee0728677090ca4fd66b7be; ... (+309 more),raw_extractions_payload_scan_union_all_payloads_profiled_first_n_rows_across_feed
fec_api_schedule_b_json,payee_first_name,yes,,raw_extractions.payload_json,no,,database/federal_fec.py:1358,explicitly excluded (not projected into structured FEC table),"Add explicit projection mapping if this key is needed downstream, or document intentional exclusion.",190,no,0.848037,BLAKE | EVAN | LILLY,raw_extractions:fec_api:schedules_schedule_b:77776af4a1253dcb860ccd91bc6e9aee651aa364; raw_extractions:fec_api:schedules_schedule_b:f59a74a4b53e5228bf447792b5e76ce6f8712711; raw_extractions:fec_api:schedules_schedule_b:e0ba05f103c9be180cfbaf3e8952134912950040; raw_extractions:fec_api:schedules_schedule_b:becbbc3d5ccf47e9784a2490d0c73dfc28d79837; raw_extractions:fec_api:schedules_schedule_b:6acf10b9056f190d1d5f4b3768e7205d0237b6d7; raw_extractions:fec_api:schedules_schedule_b:f7bf9d9ee46761f6b3c5981f0382f01a0cdfcf70; raw_extractions:fec_api:schedules_schedule_b:3acfb2eaa92e3651dc3316cd2dd8c80a2cb3558f; raw_extractions:fec_api:schedules_schedule_b:c5be4fd9a5bd84c50499dc0284d32ff3d71e0ffd; raw_extractions:fec_api:schedules_schedule_b:67c63250d1f52718fb9346b37a61c7bcdd6c0d33; raw_extractions:fec_api:schedules_schedule_b:70e1dc3d0f12ca7256bbf07abc0cc45a6c1b0881; raw_extractions:fec_api:schedules_schedule_b:c0f13cf12aa9a54a4d2eb15118937d62df72afb7; raw_extractions:fec_api:schedules_schedule_b:109926a3bf17c8498ee0728677090ca4fd66b7be; ... (+309 more),raw_extractions_payload_scan_union_all_payloads_profiled_first_n_rows_across_feed
fec_api_schedule_b_json,payee_last_name,yes,,raw_extractions.payload_json,no,,database/federal_fec.py:1358,explicitly excluded (not projected into structured FEC table),"Add explicit projection mapping if this key is needed downstream, or document intentional exclusion.",190,no,0.848037,BLAKE DELCARMEN | ZHANG | MAXSON,raw_extractions:fec_api:schedules_schedule_b:77776af4a1253dcb860ccd91bc6e9aee651aa364; raw_extractions:fec_api:schedules_schedule_b:f59a74a4b53e5228bf447792b5e76ce6f8712711; raw_extractions:fec_api:schedules_schedule_b:e0ba05f103c9be180cfbaf3e8952134912950040; raw_extractions:fec_api:schedules_schedule_b:becbbc3d5ccf47e9784a2490d0c73dfc28d79837; raw_extractions:fec_api:schedules_schedule_b:6acf10b9056f190d1d5f4b3768e7205d0237b6d7; raw_extractions:fec_api:schedules_schedule_b:f7bf9d9ee46761f6b3c5981f0382f01a0cdfcf70; raw_extractions:fec_api:schedules_schedule_b:3acfb2eaa92e3651dc3316cd2dd8c80a2cb3558f; raw_extractions:fec_api:schedules_schedule_b:c5be4fd9a5bd84c50499dc0284d32ff3d71e0ffd; raw_extractions:fec_api:schedules_schedule_b:67c63250d1f52718fb9346b37a61c7bcdd6c0d33; raw_extractions:fec_api:schedules_schedule_b:70e1dc3d0f12ca7256bbf07abc0cc45a6c1b0881; raw_extractions:fec_api:schedules_schedule_b:c0f13cf12aa9a54a4d2eb15118937d62df72afb7; raw_extractions:fec_api:schedules_schedule_b:109926a3bf17c8498ee0728677090ca4fd66b7be; ... (+309 more),raw_extractions_payload_scan_union_all_payloads_profiled_first_n_rows_across_feed
fec_api_schedule_b_json,payee_middle_name,yes,,raw_extractions.payload_json,no,,database/federal_fec.py:1358,explicitly excluded (not projected into structured FEC table),"Add explicit projection mapping if this key is needed downstream, or document intentional exclusion.",190,no,0.976701,CHRISTINE | M | S.,raw_extractions:fec_api:schedules_schedule_b:77776af4a1253dcb860ccd91bc6e9aee651aa364; raw_extractions:fec_api:schedules_schedule_b:f59a74a4b53e5228bf447792b5e76ce6f8712711; raw_extractions:fec_api:schedules_schedule_b:e0ba05f103c9be180cfbaf3e8952134912950040; raw_extractions:fec_api:schedules_schedule_b:becbbc3d5ccf47e9784a2490d0c73dfc28d79837; raw_extractions:fec_api:schedules_schedule_b:6acf10b9056f190d1d5f4b3768e7205d0237b6d7; raw_extractions:fec_api:schedules_schedule_b:f7bf9d9ee46761f6b3c5981f0382f01a0cdfcf70; raw_extractions:fec_api:schedules_schedule_b:3acfb2eaa92e3651dc3316cd2dd8c80a2cb3558f; raw_extractions:fec_api:schedules_schedule_b:c5be4fd9a5bd84c50499dc0284d32ff3d71e0ffd; raw_extractions:fec_api:schedules_schedule_b:67c63250d1f52718fb9346b37a61c7bcdd6c0d33; raw_extractions:fec_api:schedules_schedule_b:70e1dc3d0f12ca7256bbf07abc0cc45a6c1b0881; raw_extractions:fec_api:schedules_schedule_b:c0f13cf12aa9a54a4d2eb15118937d62df72afb7; raw_extractions:fec_api:schedules_schedule_b:109926a3bf17c8498ee0728677090ca4fd66b7be; ... (+309 more),raw_extractions_payload_scan_union_all_payloads_profiled_first_n_rows_across_feed
fec_api_schedule_b_json,payee_occupation,yes,,raw_extractions.payload_json; fec_schedule_b_disbursements.*,yes,database/federal_fec.py; webapp/routes/main.py; webapp/routes/federal_finance.py,,,Keep full raw payload retention and structured projection tests aligned.,190,no,1.0,,raw_extractions:fec_api:schedules_schedule_b:77776af4a1253dcb860ccd91bc6e9aee651aa364; raw_extractions:fec_api:schedules_schedule_b:f59a74a4b53e5228bf447792b5e76ce6f8712711; raw_extractions:fec_api:schedules_schedule_b:e0ba05f103c9be180cfbaf3e8952134912950040; raw_extractions:fec_api:schedules_schedule_b:becbbc3d5ccf47e9784a2490d0c73dfc28d79837; raw_extractions:fec_api:schedules_schedule_b:6acf10b9056f190d1d5f4b3768e7205d0237b6d7; raw_extractions:fec_api:schedules_schedule_b:f7bf9d9ee46761f6b3c5981f0382f01a0cdfcf70; raw_extractions:fec_api:schedules_schedule_b:3acfb2eaa92e3651dc3316cd2dd8c80a2cb3558f; raw_extractions:fec_api:schedules_schedule_b:c5be4fd9a5bd84c50499dc0284d32ff3d71e0ffd; raw_extractions:fec_api:schedules_schedule_b:67c63250d1f52718fb9346b37a61c7bcdd6c0d33; raw_extractions:fec_api:schedules_schedule_b:70e1dc3d0f12ca7256bbf07abc0cc45a6c1b0881; raw_extractions:fec_api:schedules_schedule_b:c0f13cf12aa9a54a4d2eb15118937d62df72afb7; raw_extractions:fec_api:schedules_schedule_b:109926a3bf17c8498ee0728677090ca4fd66b7be; ... (+309 more),raw_extractions_payload_scan_union_all_payloads_profiled_first_n_rows_across_feed
fec_api_schedule_b_json,payee_prefix,yes,,raw_extractions.payload_json,no,,database/federal_fec.py:1358,explicitly excluded (not projected into structured FEC table),"Add explicit projection mapping if this key is needed downstream, or document intentional exclusion.",190,no,0.996661,DR.,raw_extractions:fec_api:schedules_schedule_b:77776af4a1253dcb860ccd91bc6e9aee651aa364; raw_extractions:fec_api:schedules_schedule_b:f59a74a4b53e5228bf447792b5e76ce6f8712711; raw_extractions:fec_api:schedules_schedule_b:e0ba05f103c9be180cfbaf3e8952134912950040; raw_extractions:fec_api:schedules_schedule_b:becbbc3d5ccf47e9784a2490d0c73dfc28d79837; raw_extractions:fec_api:schedules_schedule_b:6acf10b9056f190d1d5f4b3768e7205d0237b6d7; raw_extractions:fec_api:schedules_schedule_b:f7bf9d9ee46761f6b3c5981f0382f01a0cdfcf70; raw_extractions:fec_api:schedules_schedule_b:3acfb2eaa92e3651dc3316cd2dd8c80a2cb3558f; raw_extractions:fec_api:schedules_schedule_b:c5be4fd9a5bd84c50499dc0284d32ff3d71e0ffd; raw_extractions:fec_api:schedules_schedule_b:67c63250d1f52718fb9346b37a61c7bcdd6c0d33; raw_extractions:fec_api:schedules_schedule_b:70e1dc3d0f12ca7256bbf07abc0cc45a6c1b0881; raw_extractions:fec_api:schedules_schedule_b:c0f13cf12aa9a54a4d2eb15118937d62df72afb7; raw_extractions:fec_api:schedules_schedule_b:109926a3bf17c8498ee0728677090ca4fd66b7be; ... (+309 more),raw_extractions_payload_scan_union_all_payloads_profiled_first_n_rows_across_feed
fec_api_schedule_b_json,payee_suffix,yes,,raw_extractions.payload_json,no,,database/federal_fec.py:1358,explicitly excluded (not projected into structured FEC table),"Add explicit projection mapping if this key is needed downstream, or document intentional exclusion.",190,no,0.996216,JR. | JR,raw_extractions:fec_api:schedules_schedule_b:77776af4a1253dcb860ccd91bc6e9aee651aa364; raw_extractions:fec_api:schedules_schedule_b:f59a74a4b53e5228bf447792b5e76ce6f8712711; raw_extractions:fec_api:schedules_schedule_b:e0ba05f103c9be180cfbaf3e8952134912950040; raw_extractions:fec_api:schedules_schedule_b:becbbc3d5ccf47e9784a2490d0c73dfc28d79837; raw_extractions:fec_api:schedules_schedule_b:6acf10b9056f190d1d5f4b3768e7205d0237b6d7; raw_extractions:fec_api:schedules_schedule_b:f7bf9d9ee46761f6b3c5981f0382f01a0cdfcf70; raw_extractions:fec_api:schedules_schedule_b:3acfb2eaa92e3651dc3316cd2dd8c80a2cb3558f; raw_extractions:fec_api:schedules_schedule_b:c5be4fd9a5bd84c50499dc0284d32ff3d71e0ffd; raw_extractions:fec_api:schedules_schedule_b:67c63250d1f52718fb9346b37a61c7bcdd6c0d33; raw_extractions:fec_api:schedules_schedule_b:70e1dc3d0f12ca7256bbf07abc0cc45a6c1b0881; raw_extractions:fec_api:schedules_schedule_b:c0f13cf12aa9a54a4d2eb15118937d62df72afb7; raw_extractions:fec_api:schedules_schedule_b:109926a3bf17c8498ee0728677090ca4fd66b7be; ... (+309 more),raw_extractions_payload_scan_union_all_payloads_profiled_first_n_rows_across_feed
fec_api_schedule_b_json,pdf_url,yes,,raw_extractions.payload_json,no,,database/federal_fec.py:1358,explicitly excluded (not projected into structured FEC table),"Add explicit projection mapping if this key is needed downstream, or document intentional exclusion.",190,no,0.0,https://docquery.fec.gov/cgi-bin/fecimg/?202601199794075854 | https://docquery.fec.gov/cgi-bin/fecimg/?202601199794075845 | https://docquery.fec.gov/cgi-bin/fecimg/?202601199794075850,raw_extractions:fec_api:schedules_schedule_b:77776af4a1253dcb860ccd91bc6e9aee651aa364; raw_extractions:fec_api:schedules_schedule_b:f59a74a4b53e5228bf447792b5e76ce6f8712711; raw_extractions:fec_api:schedules_schedule_b:e0ba05f103c9be180cfbaf3e8952134912950040; raw_extractions:fec_api:schedules_schedule_b:becbbc3d5ccf47e9784a2490d0c73dfc28d79837; raw_extractions:fec_api:schedules_schedule_b:6acf10b9056f190d1d5f4b3768e7205d0237b6d7; raw_extractions:fec_api:schedules_schedule_b:f7bf9d9ee46761f6b3c5981f0382f01a0cdfcf70; raw_extractions:fec_api:schedules_schedule_b:3acfb2eaa92e3651dc3316cd2dd8c80a2cb3558f; raw_extractions:fec_api:schedules_schedule_b:c5be4fd9a5bd84c50499dc0284d32ff3d71e0ffd; raw_extractions:fec_api:schedules_schedule_b:67c63250d1f52718fb9346b37a61c7bcdd6c0d33; raw_extractions:fec_api:schedules_schedule_b:70e1dc3d0f12ca7256bbf07abc0cc45a6c1b0881; raw_extractions:fec_api:schedules_schedule_b:c0f13cf12aa9a54a4d2eb15118937d62df72afb7; raw_extractions:fec_api:schedules_schedule_b:109926a3bf17c8498ee0728677090ca4fd66b7be; ... (+309 more),raw_extractions_payload_scan_union_all_payloads_profiled_first_n_rows_across_feed
fec_api_schedule_b_json,recipient_city,yes,,raw_extractions.payload_json; fec_schedule_b_disbursements.*,yes,database/federal_fec.py; webapp/routes/main.py; webapp/routes/federal_finance.py,,,Keep full raw payload retention and structured projection tests aligned.,190,no,0.003933,ARLINGTON | ALEXANDRIA | WASHINGTON,raw_extractions:fec_api:schedules_schedule_b:77776af4a1253dcb860ccd91bc6e9aee651aa364; raw_extractions:fec_api:schedules_schedule_b:f59a74a4b53e5228bf447792b5e76ce6f8712711; raw_extractions:fec_api:schedules_schedule_b:e0ba05f103c9be180cfbaf3e8952134912950040; raw_extractions:fec_api:schedules_schedule_b:becbbc3d5ccf47e9784a2490d0c73dfc28d79837; raw_extractions:fec_api:schedules_schedule_b:6acf10b9056f190d1d5f4b3768e7205d0237b6d7; raw_extractions:fec_api:schedules_schedule_b:f7bf9d9ee46761f6b3c5981f0382f01a0cdfcf70; raw_extractions:fec_api:schedules_schedule_b:3acfb2eaa92e3651dc3316cd2dd8c80a2cb3558f; raw_extractions:fec_api:schedules_schedule_b:c5be4fd9a5bd84c50499dc0284d32ff3d71e0ffd; raw_extractions:fec_api:schedules_schedule_b:67c63250d1f52718fb9346b37a61c7bcdd6c0d33; raw_extractions:fec_api:schedules_schedule_b:70e1dc3d0f12ca7256bbf07abc0cc45a6c1b0881; raw_extractions:fec_api:schedules_schedule_b:c0f13cf12aa9a54a4d2eb15118937d62df72afb7; raw_extractions:fec_api:schedules_schedule_b:109926a3bf17c8498ee0728677090ca4fd66b7be; ... (+309 more),raw_extractions_payload_scan_union_all_payloads_profiled_first_n_rows_across_feed
fec_api_schedule_b_json,recipient_committee,yes,,raw_extractions.payload_json,no,,database/federal_fec.py:1358,explicitly excluded (not projected into structured FEC table),"Add explicit projection mapping if this key is needed downstream, or document intentional exclusion.",190,no,0.985976,"{'affiliated_committee_name': 'TEAM RAJA VICTORY FUND', 'candidate_ids': ['H6IL08147'], 'city': 'SCHAUMBURG', 'committee_id': 'C00575092', 'committee_type': 'H', 'committee_type_full': 'House', 'cycle': 2026, 'cycles': [2016, 2018, 2020, 2022, 2024, 2026], 'cycles_has_activity': [2016, 2018, 2020, 2022, 2024, 2026], 'cycles_has_financial': [2016, 2018, 2020, 2022, 2024, 2026], 'designation': 'P', 'designation_full': 'Principal campaign committee', 'filing_frequency': 'Q', 'first_f1_date': '2015-04-03', 'first_file_date': '2015-04-03', 'is_active': True, 'last_cycle_has_activity': 2026, 'last_cycle_has_financial': 2026, 'last_f1_date': '2021-07-15', 'last_file_date': '2026-01-31', 'name': 'FRIENDS OF RAJA FOR CONGRESS', 'organization_type': None, 'organization_type_full': None, 'party': 'DEM', 'party_full': 'DEMOCRATIC PARTY', 'state': 'IL', 'state_full': 'Illinois', 'street_1': 'PO BOX 681202', 'street_2': None, 'treasurer_name': 'BALA, MATANGI', 'zip': '60168'} | {'affiliated_committee_name': 'DNC/STATE PARTY VICTORY FUND', 'candidate_ids': [], 'city': 'CHICAGO', 'committee_id': 'C00167015', 'committee_type': 'Y', 'committee_type_full': 'Party - Qualified', 'cycle': 2026, 'cycles': [1984, 1986, 1988, 1990, 1992, 1994, 1996, 1998, 2000, 2002, 2004, 2006, 2008, 2010, 2012, 2014, 2016, 2018, 2020, 2022, 2024, 2026], 'cycles_has_activity': [1984, 1986, 1988, 1990, 1992, 1994, 1996, 1998, 2000, 2002, 2004, 2006, 2008, 2010, 2012, 2014, 2016, 2018, 2020, 2022, 2024, 2026], 'cycles_has_financial': [1984, 1986, 1988, 1990, 1992, 1994, 1996, 1998, 2000, 2002, 2004, 2006, 2008, 2010, 2012, 2014, 2016, 2018, 2020, 2022, 2024, 2026], 'designation': 'U', 'designation_full': 'Unauthorized', 'filing_frequency': 'M', 'first_f1_date': '1983-05-04', 'first_file_date': '1983-05-04', 'is_active': True, 'last_cycle_has_activity': 2026, 'last_cycle_has_financial': 2026, 'last_f1_date': '2025-08-28', 'last_file_date': '2026-01-30', 'name': 'DEMOCRATIC PARTY OF ILLINOIS', 'organization_type': None, 'organization_type_full': None, 'party': 'DEM', 'party_full': 'DEMOCRATIC PARTY', 'state': 'IL', 'state_full': 'Illinois', 'street_1': 'PO BOX 10692', 'street_2': None, 'treasurer_name': 'CROKE, PATRICK', 'zip': '60610'} | {'affiliated_committee_name': 'NONE', 'candidate_ids': [], 'city': 'WASHINGTON', 'committee_id': 'C00888669', 'committee_type': 'V', 'committee_type_full': 'Hybrid PAC (with Non-Contribution Account) - Nonqualified', 'cycle': 2026, 'cycles': [2024, 2026], 'cycles_has_activity': [2024, 2026], 'cycles_has_financial': [2024, 2026], 'designation': 'U', 'designation_full': 'Unauthorized', 'filing_frequency': 'Q', 'first_f1_date': '2024-09-10', 'first_file_date': '2024-09-10', 'is_active': True, 'last_cycle_has_activity': 2026, 'last_cycle_has_financial': 2026, 'last_f1_date': '2025-02-20', 'last_file_date': '2026-01-31', 'name': 'KEY TO THE KEYSTONE PAC', 'organization_type': None, 'organization_type_full': None, 'party': None, 'party_full': None, 'state': 'DC', 'state_full': 'District Of Columbia', 'street_1': '1030 15TH ST NW', 'street_2': '#404', 'treasurer_name': 'THOMAN, SHAYNE', 'zip': '20005'}",raw_extractions:fec_api:schedules_schedule_b:77776af4a1253dcb860ccd91bc6e9aee651aa364; raw_extractions:fec_api:schedules_schedule_b:f59a74a4b53e5228bf447792b5e76ce6f8712711; raw_extractions:fec_api:schedules_schedule_b:e0ba05f103c9be180cfbaf3e8952134912950040; raw_extractions:fec_api:schedules_schedule_b:becbbc3d5ccf47e9784a2490d0c73dfc28d79837; raw_extractions:fec_api:schedules_schedule_b:6acf10b9056f190d1d5f4b3768e7205d0237b6d7; raw_extractions:fec_api:schedules_schedule_b:f7bf9d9ee46761f6b3c5981f0382f01a0cdfcf70; raw_extractions:fec_api:schedules_schedule_b:3acfb2eaa92e3651dc3316cd2dd8c80a2cb3558f; raw_extractions:fec_api:schedules_schedule_b:c5be4fd9a5bd84c50499dc0284d32ff3d71e0ffd; raw_extractions:fec_api:schedules_schedule_b:67c63250d1f52718fb9346b37a61c7bcdd6c0d33; raw_extractions:fec_api:schedules_schedule_b:70e1dc3d0f12ca7256bbf07abc0cc45a6c1b0881; raw_extractions:fec_api:schedules_schedule_b:c0f13cf12aa9a54a4d2eb15118937d62df72afb7; raw_extractions:fec_api:schedules_schedule_b:109926a3bf17c8498ee0728677090ca4fd66b7be; ... (+309 more),raw_extractions_payload_scan_union_all_payloads_profiled_first_n_rows_across_feed
fec_api_schedule_b_json,recipient_committee_id,yes,,raw_extractions.payload_json; fec_schedule_b_disbursements.*,yes,database/federal_fec.py; webapp/routes/main.py; webapp/routes/federal_finance.py,,,Keep full raw payload retention and structured projection tests aligned.,190,no,0.985605,C00575092 | C00167015 | C00888669,raw_extractions:fec_api:schedules_schedule_b:77776af4a1253dcb860ccd91bc6e9aee651aa364; raw_extractions:fec_api:schedules_schedule_b:f59a74a4b53e5228bf447792b5e76ce6f8712711; raw_extractions:fec_api:schedules_schedule_b:e0ba05f103c9be180cfbaf3e8952134912950040; raw_extractions:fec_api:schedules_schedule_b:becbbc3d5ccf47e9784a2490d0c73dfc28d79837; raw_extractions:fec_api:schedules_schedule_b:6acf10b9056f190d1d5f4b3768e7205d0237b6d7; raw_extractions:fec_api:schedules_schedule_b:f7bf9d9ee46761f6b3c5981f0382f01a0cdfcf70; raw_extractions:fec_api:schedules_schedule_b:3acfb2eaa92e3651dc3316cd2dd8c80a2cb3558f; raw_extractions:fec_api:schedules_schedule_b:c5be4fd9a5bd84c50499dc0284d32ff3d71e0ffd; raw_extractions:fec_api:schedules_schedule_b:67c63250d1f52718fb9346b37a61c7bcdd6c0d33; raw_extractions:fec_api:schedules_schedule_b:70e1dc3d0f12ca7256bbf07abc0cc45a6c1b0881; raw_extractions:fec_api:schedules_schedule_b:c0f13cf12aa9a54a4d2eb15118937d62df72afb7; raw_extractions:fec_api:schedules_schedule_b:109926a3bf17c8498ee0728677090ca4fd66b7be; ... (+309 more),raw_extractions_payload_scan_union_all_payloads_profiled_first_n_rows_across_feed
fec_api_schedule_b_json,recipient_name,yes,,raw_extractions.payload_json,no,,database/federal_fec.py:1358,explicitly excluded (not projected into structured FEC table),"Add explicit projection mapping if this key is needed downstream, or document intentional exclusion.",190,no,0.0,WINRED TECHNICAL SERVICES | ELECTION CFO | REPUBLICANADS.COM,raw_extractions:fec_api:schedules_schedule_b:77776af4a1253dcb860ccd91bc6e9aee651aa364; raw_extractions:fec_api:schedules_schedule_b:f59a74a4b53e5228bf447792b5e76ce6f8712711; raw_extractions:fec_api:schedules_schedule_b:e0ba05f103c9be180cfbaf3e8952134912950040; raw_extractions:fec_api:schedules_schedule_b:becbbc3d5ccf47e9784a2490d0c73dfc28d79837; raw_extractions:fec_api:schedules_schedule_b:6acf10b9056f190d1d5f4b3768e7205d0237b6d7; raw_extractions:fec_api:schedules_schedule_b:f7bf9d9ee46761f6b3c5981f0382f01a0cdfcf70; raw_extractions:fec_api:schedules_schedule_b:3acfb2eaa92e3651dc3316cd2dd8c80a2cb3558f; raw_extractions:fec_api:schedules_schedule_b:c5be4fd9a5bd84c50499dc0284d32ff3d71e0ffd; raw_extractions:fec_api:schedules_schedule_b:67c63250d1f52718fb9346b37a61c7bcdd6c0d33; raw_extractions:fec_api:schedules_schedule_b:70e1dc3d0f12ca7256bbf07abc0cc45a6c1b0881; raw_extractions:fec_api:schedules_schedule_b:c0f13cf12aa9a54a4d2eb15118937d62df72afb7; raw_extractions:fec_api:schedules_schedule_b:109926a3bf17c8498ee0728677090ca4fd66b7be; ... (+309 more),raw_extractions_payload_scan_union_all_payloads_profiled_first_n_rows_across_feed
fec_api_schedule_b_json,recipient_state,yes,,raw_extractions.payload_json; fec_schedule_b_disbursements.*,yes,database/federal_fec.py; webapp/routes/main.py; webapp/routes/federal_finance.py,,,Keep full raw payload retention and structured projection tests aligned.,190,no,0.002003,VA | DC | TX,raw_extractions:fec_api:schedules_schedule_b:77776af4a1253dcb860ccd91bc6e9aee651aa364; raw_extractions:fec_api:schedules_schedule_b:f59a74a4b53e5228bf447792b5e76ce6f8712711; raw_extractions:fec_api:schedules_schedule_b:e0ba05f103c9be180cfbaf3e8952134912950040; raw_extractions:fec_api:schedules_schedule_b:becbbc3d5ccf47e9784a2490d0c73dfc28d79837; raw_extractions:fec_api:schedules_schedule_b:6acf10b9056f190d1d5f4b3768e7205d0237b6d7; raw_extractions:fec_api:schedules_schedule_b:f7bf9d9ee46761f6b3c5981f0382f01a0cdfcf70; raw_extractions:fec_api:schedules_schedule_b:3acfb2eaa92e3651dc3316cd2dd8c80a2cb3558f; raw_extractions:fec_api:schedules_schedule_b:c5be4fd9a5bd84c50499dc0284d32ff3d71e0ffd; raw_extractions:fec_api:schedules_schedule_b:67c63250d1f52718fb9346b37a61c7bcdd6c0d33; raw_extractions:fec_api:schedules_schedule_b:70e1dc3d0f12ca7256bbf07abc0cc45a6c1b0881; raw_extractions:fec_api:schedules_schedule_b:c0f13cf12aa9a54a4d2eb15118937d62df72afb7; raw_extractions:fec_api:schedules_schedule_b:109926a3bf17c8498ee0728677090ca4fd66b7be; ... (+309 more),raw_extractions_payload_scan_union_all_payloads_profiled_first_n_rows_across_feed
fec_api_schedule_b_json,recipient_zip,yes,,raw_extractions.payload_json; fec_schedule_b_disbursements.*,yes,database/federal_fec.py; webapp/routes/main.py; webapp/routes/federal_finance.py,,,Keep full raw payload retention and structured projection tests aligned.,190,no,0.004675,22219 | 22314 | 200032493,raw_extractions:fec_api:schedules_schedule_b:77776af4a1253dcb860ccd91bc6e9aee651aa364; raw_extractions:fec_api:schedules_schedule_b:f59a74a4b53e5228bf447792b5e76ce6f8712711; raw_extractions:fec_api:schedules_schedule_b:e0ba05f103c9be180cfbaf3e8952134912950040; raw_extractions:fec_api:schedules_schedule_b:becbbc3d5ccf47e9784a2490d0c73dfc28d79837; raw_extractions:fec_api:schedules_schedule_b:6acf10b9056f190d1d5f4b3768e7205d0237b6d7; raw_extractions:fec_api:schedules_schedule_b:f7bf9d9ee46761f6b3c5981f0382f01a0cdfcf70; raw_extractions:fec_api:schedules_schedule_b:3acfb2eaa92e3651dc3316cd2dd8c80a2cb3558f; raw_extractions:fec_api:schedules_schedule_b:c5be4fd9a5bd84c50499dc0284d32ff3d71e0ffd; raw_extractions:fec_api:schedules_schedule_b:67c63250d1f52718fb9346b37a61c7bcdd6c0d33; raw_extractions:fec_api:schedules_schedule_b:70e1dc3d0f12ca7256bbf07abc0cc45a6c1b0881; raw_extractions:fec_api:schedules_schedule_b:c0f13cf12aa9a54a4d2eb15118937d62df72afb7; raw_extractions:fec_api:schedules_schedule_b:109926a3bf17c8498ee0728677090ca4fd66b7be; ... (+309 more),raw_extractions_payload_scan_union_all_payloads_profiled_first_n_rows_across_feed
fec_api_schedule_b_json,ref_disp_excess_flg,yes,,raw_extractions.payload_json,no,,database/federal_fec.py:1358,explicitly excluded (not projected into structured FEC table),"Add explicit projection mapping if this key is needed downstream, or document intentional exclusion.",190,no,1.0,,raw_extractions:fec_api:schedules_schedule_b:77776af4a1253dcb860ccd91bc6e9aee651aa364; raw_extractions:fec_api:schedules_schedule_b:f59a74a4b53e5228bf447792b5e76ce6f8712711; raw_extractions:fec_api:schedules_schedule_b:e0ba05f103c9be180cfbaf3e8952134912950040; raw_extractions:fec_api:schedules_schedule_b:becbbc3d5ccf47e9784a2490d0c73dfc28d79837; raw_extractions:fec_api:schedules_schedule_b:6acf10b9056f190d1d5f4b3768e7205d0237b6d7; raw_extractions:fec_api:schedules_schedule_b:f7bf9d9ee46761f6b3c5981f0382f01a0cdfcf70; raw_extractions:fec_api:schedules_schedule_b:3acfb2eaa92e3651dc3316cd2dd8c80a2cb3558f; raw_extractions:fec_api:schedules_schedule_b:c5be4fd9a5bd84c50499dc0284d32ff3d71e0ffd; raw_extractions:fec_api:schedules_schedule_b:67c63250d1f52718fb9346b37a61c7bcdd6c0d33; raw_extractions:fec_api:schedules_schedule_b:70e1dc3d0f12ca7256bbf07abc0cc45a6c1b0881; raw_extractions:fec_api:schedules_schedule_b:c0f13cf12aa9a54a4d2eb15118937d62df72afb7; raw_extractions:fec_api:schedules_schedule_b:109926a3bf17c8498ee0728677090ca4fd66b7be; ... (+309 more),raw_extractions_payload_scan_union_all_payloads_profiled_first_n_rows_across_feed
fec_api_schedule_b_json,report_type,yes,,raw_extractions.payload_json,no,,database/federal_fec.py:1358,explicitly excluded (not projected into structured FEC table),"Add explicit projection mapping if this key is needed downstream, or document intentional exclusion.",190,no,0.0,YE | Q3 | Q2,raw_extractions:fec_api:schedules_schedule_b:77776af4a1253dcb860ccd91bc6e9aee651aa364; raw_extractions:fec_api:schedules_schedule_b:f59a74a4b53e5228bf447792b5e76ce6f8712711; raw_extractions:fec_api:schedules_schedule_b:e0ba05f103c9be180cfbaf3e8952134912950040; raw_extractions:fec_api:schedules_schedule_b:becbbc3d5ccf47e9784a2490d0c73dfc28d79837; raw_extractions:fec_api:schedules_schedule_b:6acf10b9056f190d1d5f4b3768e7205d0237b6d7; raw_extractions:fec_api:schedules_schedule_b:f7bf9d9ee46761f6b3c5981f0382f01a0cdfcf70; raw_extractions:fec_api:schedules_schedule_b:3acfb2eaa92e3651dc3316cd2dd8c80a2cb3558f; raw_extractions:fec_api:schedules_schedule_b:c5be4fd9a5bd84c50499dc0284d32ff3d71e0ffd; raw_extractions:fec_api:schedules_schedule_b:67c63250d1f52718fb9346b37a61c7bcdd6c0d33; raw_extractions:fec_api:schedules_schedule_b:70e1dc3d0f12ca7256bbf07abc0cc45a6c1b0881; raw_extractions:fec_api:schedules_schedule_b:c0f13cf12aa9a54a4d2eb15118937d62df72afb7; raw_extractions:fec_api:schedules_schedule_b:109926a3bf17c8498ee0728677090ca4fd66b7be; ... (+309 more),raw_extractions_payload_scan_union_all_payloads_profiled_first_n_rows_across_feed
fec_api_schedule_b_json,report_year,yes,,raw_extractions.payload_json,no,,database/federal_fec.py:1358,explicitly excluded (not projected into structured FEC table),"Add explicit projection mapping if this key is needed downstream, or document intentional exclusion.",190,no,0.0,2025,raw_extractions:fec_api:schedules_schedule_b:77776af4a1253dcb860ccd91bc6e9aee651aa364; raw_extractions:fec_api:schedules_schedule_b:f59a74a4b53e5228bf447792b5e76ce6f8712711; raw_extractions:fec_api:schedules_schedule_b:e0ba05f103c9be180cfbaf3e8952134912950040; raw_extractions:fec_api:schedules_schedule_b:becbbc3d5ccf47e9784a2490d0c73dfc28d79837; raw_extractions:fec_api:schedules_schedule_b:6acf10b9056f190d1d5f4b3768e7205d0237b6d7; raw_extractions:fec_api:schedules_schedule_b:f7bf9d9ee46761f6b3c5981f0382f01a0cdfcf70; raw_extractions:fec_api:schedules_schedule_b:3acfb2eaa92e3651dc3316cd2dd8c80a2cb3558f; raw_extractions:fec_api:schedules_schedule_b:c5be4fd9a5bd84c50499dc0284d32ff3d71e0ffd; raw_extractions:fec_api:schedules_schedule_b:67c63250d1f52718fb9346b37a61c7bcdd6c0d33; raw_extractions:fec_api:schedules_schedule_b:70e1dc3d0f12ca7256bbf07abc0cc45a6c1b0881; raw_extractions:fec_api:schedules_schedule_b:c0f13cf12aa9a54a4d2eb15118937d62df72afb7; raw_extractions:fec_api:schedules_schedule_b:109926a3bf17c8498ee0728677090ca4fd66b7be; ... (+309 more),raw_extractions_payload_scan_union_all_payloads_profiled_first_n_rows_across_feed
fec_api_schedule_b_json,schedule_type,yes,,raw_extractions.payload_json,no,,database/federal_fec.py:1358,explicitly excluded (not projected into structured FEC table),"Add explicit projection mapping if this key is needed downstream, or document intentional exclusion.",190,no,0.0,SB,raw_extractions:fec_api:schedules_schedule_b:77776af4a1253dcb860ccd91bc6e9aee651aa364; raw_extractions:fec_api:schedules_schedule_b:f59a74a4b53e5228bf447792b5e76ce6f8712711; raw_extractions:fec_api:schedules_schedule_b:e0ba05f103c9be180cfbaf3e8952134912950040; raw_extractions:fec_api:schedules_schedule_b:becbbc3d5ccf47e9784a2490d0c73dfc28d79837; raw_extractions:fec_api:schedules_schedule_b:6acf10b9056f190d1d5f4b3768e7205d0237b6d7; raw_extractions:fec_api:schedules_schedule_b:f7bf9d9ee46761f6b3c5981f0382f01a0cdfcf70; raw_extractions:fec_api:schedules_schedule_b:3acfb2eaa92e3651dc3316cd2dd8c80a2cb3558f; raw_extractions:fec_api:schedules_schedule_b:c5be4fd9a5bd84c50499dc0284d32ff3d71e0ffd; raw_extractions:fec_api:schedules_schedule_b:67c63250d1f52718fb9346b37a61c7bcdd6c0d33; raw_extractions:fec_api:schedules_schedule_b:70e1dc3d0f12ca7256bbf07abc0cc45a6c1b0881; raw_extractions:fec_api:schedules_schedule_b:c0f13cf12aa9a54a4d2eb15118937d62df72afb7; raw_extractions:fec_api:schedules_schedule_b:109926a3bf17c8498ee0728677090ca4fd66b7be; ... (+309 more),raw_extractions_payload_scan_union_all_payloads_profiled_first_n_rows_across_feed
fec_api_schedule_b_json,schedule_type_full,yes,,raw_extractions.payload_json,no,,database/federal_fec.py:1358,explicitly excluded (not projected into structured FEC table),"Add explicit projection mapping if this key is needed downstream, or document intentional exclusion.",190,no,0.0,ITEMIZED DISBURSEMENTS,raw_extractions:fec_api:schedules_schedule_b:77776af4a1253dcb860ccd91bc6e9aee651aa364; raw_extractions:fec_api:schedules_schedule_b:f59a74a4b53e5228bf447792b5e76ce6f8712711; raw_extractions:fec_api:schedules_schedule_b:e0ba05f103c9be180cfbaf3e8952134912950040; raw_extractions:fec_api:schedules_schedule_b:becbbc3d5ccf47e9784a2490d0c73dfc28d79837; raw_extractions:fec_api:schedules_schedule_b:6acf10b9056f190d1d5f4b3768e7205d0237b6d7; raw_extractions:fec_api:schedules_schedule_b:f7bf9d9ee46761f6b3c5981f0382f01a0cdfcf70; raw_extractions:fec_api:schedules_schedule_b:3acfb2eaa92e3651dc3316cd2dd8c80a2cb3558f; raw_extractions:fec_api:schedules_schedule_b:c5be4fd9a5bd84c50499dc0284d32ff3d71e0ffd; raw_extractions:fec_api:schedules_schedule_b:67c63250d1f52718fb9346b37a61c7bcdd6c0d33; raw_extractions:fec_api:schedules_schedule_b:70e1dc3d0f12ca7256bbf07abc0cc45a6c1b0881; raw_extractions:fec_api:schedules_schedule_b:c0f13cf12aa9a54a4d2eb15118937d62df72afb7; raw_extractions:fec_api:schedules_schedule_b:109926a3bf17c8498ee0728677090ca4fd66b7be; ... (+309 more),raw_extractions_payload_scan_union_all_payloads_profiled_first_n_rows_across_feed
fec_api_schedule_b_json,semi_annual_bundled_refund,yes,,raw_extractions.payload_json,no,,database/federal_fec.py:1358,explicitly excluded (not projected into structured FEC table),"Add explicit projection mapping if this key is needed downstream, or document intentional exclusion.",190,no,0.0,0.00 | 101.00 | 3500.00,raw_extractions:fec_api:schedules_schedule_b:77776af4a1253dcb860ccd91bc6e9aee651aa364; raw_extractions:fec_api:schedules_schedule_b:f59a74a4b53e5228bf447792b5e76ce6f8712711; raw_extractions:fec_api:schedules_schedule_b:e0ba05f103c9be180cfbaf3e8952134912950040; raw_extractions:fec_api:schedules_schedule_b:becbbc3d5ccf47e9784a2490d0c73dfc28d79837; raw_extractions:fec_api:schedules_schedule_b:6acf10b9056f190d1d5f4b3768e7205d0237b6d7; raw_extractions:fec_api:schedules_schedule_b:f7bf9d9ee46761f6b3c5981f0382f01a0cdfcf70; raw_extractions:fec_api:schedules_schedule_b:3acfb2eaa92e3651dc3316cd2dd8c80a2cb3558f; raw_extractions:fec_api:schedules_schedule_b:c5be4fd9a5bd84c50499dc0284d32ff3d71e0ffd; raw_extractions:fec_api:schedules_schedule_b:67c63250d1f52718fb9346b37a61c7bcdd6c0d33; raw_extractions:fec_api:schedules_schedule_b:70e1dc3d0f12ca7256bbf07abc0cc45a6c1b0881; raw_extractions:fec_api:schedules_schedule_b:c0f13cf12aa9a54a4d2eb15118937d62df72afb7; raw_extractions:fec_api:schedules_schedule_b:109926a3bf17c8498ee0728677090ca4fd66b7be; ... (+309 more),raw_extractions_payload_scan_union_all_payloads_profiled_first_n_rows_across_feed
fec_api_schedule_b_json,spender_committee_designation,yes,,raw_extractions.payload_json,no,,database/federal_fec.py:1358,explicitly excluded (not projected into structured FEC table),"Add explicit projection mapping if this key is needed downstream, or document intentional exclusion.",190,no,0.0,P,raw_extractions:fec_api:schedules_schedule_b:77776af4a1253dcb860ccd91bc6e9aee651aa364; raw_extractions:fec_api:schedules_schedule_b:f59a74a4b53e5228bf447792b5e76ce6f8712711; raw_extractions:fec_api:schedules_schedule_b:e0ba05f103c9be180cfbaf3e8952134912950040; raw_extractions:fec_api:schedules_schedule_b:becbbc3d5ccf47e9784a2490d0c73dfc28d79837; raw_extractions:fec_api:schedules_schedule_b:6acf10b9056f190d1d5f4b3768e7205d0237b6d7; raw_extractions:fec_api:schedules_schedule_b:f7bf9d9ee46761f6b3c5981f0382f01a0cdfcf70; raw_extractions:fec_api:schedules_schedule_b:3acfb2eaa92e3651dc3316cd2dd8c80a2cb3558f; raw_extractions:fec_api:schedules_schedule_b:c5be4fd9a5bd84c50499dc0284d32ff3d71e0ffd; raw_extractions:fec_api:schedules_schedule_b:67c63250d1f52718fb9346b37a61c7bcdd6c0d33; raw_extractions:fec_api:schedules_schedule_b:70e1dc3d0f12ca7256bbf07abc0cc45a6c1b0881; raw_extractions:fec_api:schedules_schedule_b:c0f13cf12aa9a54a4d2eb15118937d62df72afb7; raw_extractions:fec_api:schedules_schedule_b:109926a3bf17c8498ee0728677090ca4fd66b7be; ... (+309 more),raw_extractions_payload_scan_union_all_payloads_profiled_first_n_rows_across_feed
fec_api_schedule_b_json,spender_committee_org_type,yes,,raw_extractions.payload_json,no,,database/federal_fec.py:1358,explicitly excluded (not projected into structured FEC table),"Add explicit projection mapping if this key is needed downstream, or document intentional exclusion.",190,no,1.0,,raw_extractions:fec_api:schedules_schedule_b:77776af4a1253dcb860ccd91bc6e9aee651aa364; raw_extractions:fec_api:schedules_schedule_b:f59a74a4b53e5228bf447792b5e76ce6f8712711; raw_extractions:fec_api:schedules_schedule_b:e0ba05f103c9be180cfbaf3e8952134912950040; raw_extractions:fec_api:schedules_schedule_b:becbbc3d5ccf47e9784a2490d0c73dfc28d79837; raw_extractions:fec_api:schedules_schedule_b:6acf10b9056f190d1d5f4b3768e7205d0237b6d7; raw_extractions:fec_api:schedules_schedule_b:f7bf9d9ee46761f6b3c5981f0382f01a0cdfcf70; raw_extractions:fec_api:schedules_schedule_b:3acfb2eaa92e3651dc3316cd2dd8c80a2cb3558f; raw_extractions:fec_api:schedules_schedule_b:c5be4fd9a5bd84c50499dc0284d32ff3d71e0ffd; raw_extractions:fec_api:schedules_schedule_b:67c63250d1f52718fb9346b37a61c7bcdd6c0d33; raw_extractions:fec_api:schedules_schedule_b:70e1dc3d0f12ca7256bbf07abc0cc45a6c1b0881; raw_extractions:fec_api:schedules_schedule_b:c0f13cf12aa9a54a4d2eb15118937d62df72afb7; raw_extractions:fec_api:schedules_schedule_b:109926a3bf17c8498ee0728677090ca4fd66b7be; ... (+309 more),raw_extractions_payload_scan_union_all_payloads_profiled_first_n_rows_across_feed
fec_api_schedule_b_json,spender_committee_type,yes,,raw_extractions.payload_json,no,,database/federal_fec.py:1358,explicitly excluded (not projected into structured FEC table),"Add explicit projection mapping if this key is needed downstream, or document intentional exclusion.",190,no,0.0,S | H,raw_extractions:fec_api:schedules_schedule_b:77776af4a1253dcb860ccd91bc6e9aee651aa364; raw_extractions:fec_api:schedules_schedule_b:f59a74a4b53e5228bf447792b5e76ce6f8712711; raw_extractions:fec_api:schedules_schedule_b:e0ba05f103c9be180cfbaf3e8952134912950040; raw_extractions:fec_api:schedules_schedule_b:becbbc3d5ccf47e9784a2490d0c73dfc28d79837; raw_extractions:fec_api:schedules_schedule_b:6acf10b9056f190d1d5f4b3768e7205d0237b6d7; raw_extractions:fec_api:schedules_schedule_b:f7bf9d9ee46761f6b3c5981f0382f01a0cdfcf70; raw_extractions:fec_api:schedules_schedule_b:3acfb2eaa92e3651dc3316cd2dd8c80a2cb3558f; raw_extractions:fec_api:schedules_schedule_b:c5be4fd9a5bd84c50499dc0284d32ff3d71e0ffd; raw_extractions:fec_api:schedules_schedule_b:67c63250d1f52718fb9346b37a61c7bcdd6c0d33; raw_extractions:fec_api:schedules_schedule_b:70e1dc3d0f12ca7256bbf07abc0cc45a6c1b0881; raw_extractions:fec_api:schedules_schedule_b:c0f13cf12aa9a54a4d2eb15118937d62df72afb7; raw_extractions:fec_api:schedules_schedule_b:109926a3bf17c8498ee0728677090ca4fd66b7be; ... (+309 more),raw_extractions_payload_scan_union_all_payloads_profiled_first_n_rows_across_feed
fec_api_schedule_b_json,sub_id,yes,,raw_extractions.payload_json; fec_schedule_b_disbursements.*,yes,database/federal_fec.py; webapp/routes/main.py; webapp/routes/federal_finance.py,,,Keep full raw payload retention and structured projection tests aligned.,190,no,0.0,4012720261303861008 | 4012720261303860982 | 4012720261303860996,raw_extractions:fec_api:schedules_schedule_b:77776af4a1253dcb860ccd91bc6e9aee651aa364; raw_extractions:fec_api:schedules_schedule_b:f59a74a4b53e5228bf447792b5e76ce6f8712711; raw_extractions:fec_api:schedules_schedule_b:e0ba05f103c9be180cfbaf3e8952134912950040; raw_extractions:fec_api:schedules_schedule_b:becbbc3d5ccf47e9784a2490d0c73dfc28d79837; raw_extractions:fec_api:schedules_schedule_b:6acf10b9056f190d1d5f4b3768e7205d0237b6d7; raw_extractions:fec_api:schedules_schedule_b:f7bf9d9ee46761f6b3c5981f0382f01a0cdfcf70; raw_extractions:fec_api:schedules_schedule_b:3acfb2eaa92e3651dc3316cd2dd8c80a2cb3558f; raw_extractions:fec_api:schedules_schedule_b:c5be4fd9a5bd84c50499dc0284d32ff3d71e0ffd; raw_extractions:fec_api:schedules_schedule_b:67c63250d1f52718fb9346b37a61c7bcdd6c0d33; raw_extractions:fec_api:schedules_schedule_b:70e1dc3d0f12ca7256bbf07abc0cc45a6c1b0881; raw_extractions:fec_api:schedules_schedule_b:c0f13cf12aa9a54a4d2eb15118937d62df72afb7; raw_extractions:fec_api:schedules_schedule_b:109926a3bf17c8498ee0728677090ca4fd66b7be; ... (+309 more),raw_extractions_payload_scan_union_all_payloads_profiled_first_n_rows_across_feed
fec_api_schedule_b_json,transaction_id,yes,,raw_extractions.payload_json,no,,database/federal_fec.py:1358,explicitly excluded (not projected into structured FEC table),"Add explicit projection mapping if this key is needed downstream, or document intentional exclusion.",190,no,0.0,SB17.I20 | SB17.I9 | SB17.I18,raw_extractions:fec_api:schedules_schedule_b:77776af4a1253dcb860ccd91bc6e9aee651aa364; raw_extractions:fec_api:schedules_schedule_b:f59a74a4b53e5228bf447792b5e76ce6f8712711; raw_extractions:fec_api:schedules_schedule_b:e0ba05f103c9be180cfbaf3e8952134912950040; raw_extractions:fec_api:schedules_schedule_b:becbbc3d5ccf47e9784a2490d0c73dfc28d79837; raw_extractions:fec_api:schedules_schedule_b:6acf10b9056f190d1d5f4b3768e7205d0237b6d7; raw_extractions:fec_api:schedules_schedule_b:f7bf9d9ee46761f6b3c5981f0382f01a0cdfcf70; raw_extractions:fec_api:schedules_schedule_b:3acfb2eaa92e3651dc3316cd2dd8c80a2cb3558f; raw_extractions:fec_api:schedules_schedule_b:c5be4fd9a5bd84c50499dc0284d32ff3d71e0ffd; raw_extractions:fec_api:schedules_schedule_b:67c63250d1f52718fb9346b37a61c7bcdd6c0d33; raw_extractions:fec_api:schedules_schedule_b:70e1dc3d0f12ca7256bbf07abc0cc45a6c1b0881; raw_extractions:fec_api:schedules_schedule_b:c0f13cf12aa9a54a4d2eb15118937d62df72afb7; raw_extractions:fec_api:schedules_schedule_b:109926a3bf17c8498ee0728677090ca4fd66b7be; ... (+309 more),raw_extractions_payload_scan_union_all_payloads_profiled_first_n_rows_across_feed
fec_api_schedule_b_json,two_year_transaction_period,yes,,raw_extractions.payload_json; fec_schedule_b_disbursements.*,yes,database/federal_fec.py; webapp/routes/main.py; webapp/routes/federal_finance.py,,,Keep full raw payload retention and structured projection tests aligned.,190,no,0.0,2026,raw_extractions:fec_api:schedules_schedule_b:77776af4a1253dcb860ccd91bc6e9aee651aa364; raw_extractions:fec_api:schedules_schedule_b:f59a74a4b53e5228bf447792b5e76ce6f8712711; raw_extractions:fec_api:schedules_schedule_b:e0ba05f103c9be180cfbaf3e8952134912950040; raw_extractions:fec_api:schedules_schedule_b:becbbc3d5ccf47e9784a2490d0c73dfc28d79837; raw_extractions:fec_api:schedules_schedule_b:6acf10b9056f190d1d5f4b3768e7205d0237b6d7; raw_extractions:fec_api:schedules_schedule_b:f7bf9d9ee46761f6b3c5981f0382f01a0cdfcf70; raw_extractions:fec_api:schedules_schedule_b:3acfb2eaa92e3651dc3316cd2dd8c80a2cb3558f; raw_extractions:fec_api:schedules_schedule_b:c5be4fd9a5bd84c50499dc0284d32ff3d71e0ffd; raw_extractions:fec_api:schedules_schedule_b:67c63250d1f52718fb9346b37a61c7bcdd6c0d33; raw_extractions:fec_api:schedules_schedule_b:70e1dc3d0f12ca7256bbf07abc0cc45a6c1b0881; raw_extractions:fec_api:schedules_schedule_b:c0f13cf12aa9a54a4d2eb15118937d62df72afb7; raw_extractions:fec_api:schedules_schedule_b:109926a3bf17c8498ee0728677090ca4fd66b7be; ... (+309 more),raw_extractions_payload_scan_union_all_payloads_profiled_first_n_rows_across_feed
fec_api_schedule_b_json,unused_recipient_committee_id,yes,,raw_extractions.payload_json,no,,database/federal_fec.py:1358,explicitly excluded (not projected into structured FEC table),"Add explicit projection mapping if this key is needed downstream, or document intentional exclusion.",190,no,0.941753,C00918466 | C00915280 | C00917120,raw_extractions:fec_api:schedules_schedule_b:77776af4a1253dcb860ccd91bc6e9aee651aa364; raw_extractions:fec_api:schedules_schedule_b:f59a74a4b53e5228bf447792b5e76ce6f8712711; raw_extractions:fec_api:schedules_schedule_b:e0ba05f103c9be180cfbaf3e8952134912950040; raw_extractions:fec_api:schedules_schedule_b:becbbc3d5ccf47e9784a2490d0c73dfc28d79837; raw_extractions:fec_api:schedules_schedule_b:6acf10b9056f190d1d5f4b3768e7205d0237b6d7; raw_extractions:fec_api:schedules_schedule_b:f7bf9d9ee46761f6b3c5981f0382f01a0cdfcf70; raw_extractions:fec_api:schedules_schedule_b:3acfb2eaa92e3651dc3316cd2dd8c80a2cb3558f; raw_extractions:fec_api:schedules_schedule_b:c5be4fd9a5bd84c50499dc0284d32ff3d71e0ffd; raw_extractions:fec_api:schedules_schedule_b:67c63250d1f52718fb9346b37a61c7bcdd6c0d33; raw_extractions:fec_api:schedules_schedule_b:70e1dc3d0f12ca7256bbf07abc0cc45a6c1b0881; raw_extractions:fec_api:schedules_schedule_b:c0f13cf12aa9a54a4d2eb15118937d62df72afb7; raw_extractions:fec_api:schedules_schedule_b:109926a3bf17c8498ee0728677090ca4fd66b7be; ... (+309 more),raw_extractions_payload_scan_union_all_payloads_profiled_first_n_rows_across_feed
fec_api_schedule_e_json,action_code,yes,,raw_extractions.payload_json,no,,database/federal_fec.py:1523,explicitly excluded (not projected into structured FEC table),"Add explicit projection mapping if this key is needed downstream, or document intentional exclusion.",69,no,0.0,A | N | C,raw_extractions:fec_api:schedules_schedule_e:5ff290387436b35d8ea2c20f9dd9e9942e0262ac; raw_extractions:fec_api:schedules_schedule_e:555c501902c4a57d6e2073a93decf59d30907f12; raw_extractions:fec_api:schedules_schedule_e:25de5e68561efe42a454cc88af0b9b0ec8f6396d; raw_extractions:fec_api:schedules_schedule_e:97d8533181eba581850f2965db3e33158d0402c9; raw_extractions:fec_api:schedules_schedule_e:89157d0eaa848ee3843a827ba46b65f1049ad788; raw_extractions:fec_api:schedules_schedule_e:1f7a39266fd8cd1c906b956cb971e4ec6c379c3d; raw_extractions:fec_api:schedules_schedule_e:77f64385f5afb5197bb1f1724449d196a7ebcfb9; raw_extractions:fec_api:schedules_schedule_e:276bb163346b1c604e4ba39a7bd5b79d23af621b; raw_extractions:fec_api:schedules_schedule_e:6800b3606ea1d1305afbd20807324a05af3ba473; raw_extractions:fec_api:schedules_schedule_e:03174e58bcff24077bac640eeb9b44fbed6a37d0; raw_extractions:fec_api:schedules_schedule_e:5049e0e20905f209c59faafadda6a195e4602265; raw_extractions:fec_api:schedules_schedule_e:52dc6e3a36c32cc5fe8727a218db2ed3e0aa6e09; ... (+181 more),raw_extractions_payload_scan_union_all_payloads_profiled_first_n_rows_across_feed
fec_api_schedule_e_json,action_code_full,yes,,raw_extractions.payload_json,no,,database/federal_fec.py:1523,explicitly excluded (not projected into structured FEC table),"Add explicit projection mapping if this key is needed downstream, or document intentional exclusion.",69,no,0.0,ADD | NO CHANGE | CHANGE,raw_extractions:fec_api:schedules_schedule_e:5ff290387436b35d8ea2c20f9dd9e9942e0262ac; raw_extractions:fec_api:schedules_schedule_e:555c501902c4a57d6e2073a93decf59d30907f12; raw_extractions:fec_api:schedules_schedule_e:25de5e68561efe42a454cc88af0b9b0ec8f6396d; raw_extractions:fec_api:schedules_schedule_e:97d8533181eba581850f2965db3e33158d0402c9; raw_extractions:fec_api:schedules_schedule_e:89157d0eaa848ee3843a827ba46b65f1049ad788; raw_extractions:fec_api:schedules_schedule_e:1f7a39266fd8cd1c906b956cb971e4ec6c379c3d; raw_extractions:fec_api:schedules_schedule_e:77f64385f5afb5197bb1f1724449d196a7ebcfb9; raw_extractions:fec_api:schedules_schedule_e:276bb163346b1c604e4ba39a7bd5b79d23af621b; raw_extractions:fec_api:schedules_schedule_e:6800b3606ea1d1305afbd20807324a05af3ba473; raw_extractions:fec_api:schedules_schedule_e:03174e58bcff24077bac640eeb9b44fbed6a37d0; raw_extractions:fec_api:schedules_schedule_e:5049e0e20905f209c59faafadda6a195e4602265; raw_extractions:fec_api:schedules_schedule_e:52dc6e3a36c32cc5fe8727a218db2ed3e0aa6e09; ... (+181 more),raw_extractions_payload_scan_union_all_payloads_profiled_first_n_rows_across_feed
fec_api_schedule_e_json,amendment_indicator,yes,,raw_extractions.payload_json,no,,database/federal_fec.py:1523,explicitly excluded (not projected into structured FEC table),"Add explicit projection mapping if this key is needed downstream, or document intentional exclusion.",69,no,0.008044,N | A | T,raw_extractions:fec_api:schedules_schedule_e:5ff290387436b35d8ea2c20f9dd9e9942e0262ac; raw_extractions:fec_api:schedules_schedule_e:555c501902c4a57d6e2073a93decf59d30907f12; raw_extractions:fec_api:schedules_schedule_e:25de5e68561efe42a454cc88af0b9b0ec8f6396d; raw_extractions:fec_api:schedules_schedule_e:97d8533181eba581850f2965db3e33158d0402c9; raw_extractions:fec_api:schedules_schedule_e:89157d0eaa848ee3843a827ba46b65f1049ad788; raw_extractions:fec_api:schedules_schedule_e:1f7a39266fd8cd1c906b956cb971e4ec6c379c3d; raw_extractions:fec_api:schedules_schedule_e:77f64385f5afb5197bb1f1724449d196a7ebcfb9; raw_extractions:fec_api:schedules_schedule_e:276bb163346b1c604e4ba39a7bd5b79d23af621b; raw_extractions:fec_api:schedules_schedule_e:6800b3606ea1d1305afbd20807324a05af3ba473; raw_extractions:fec_api:schedules_schedule_e:03174e58bcff24077bac640eeb9b44fbed6a37d0; raw_extractions:fec_api:schedules_schedule_e:5049e0e20905f209c59faafadda6a195e4602265; raw_extractions:fec_api:schedules_schedule_e:52dc6e3a36c32cc5fe8727a218db2ed3e0aa6e09; ... (+181 more),raw_extractions_payload_scan_union_all_payloads_profiled_first_n_rows_across_feed
fec_api_schedule_e_json,amendment_number,yes,,raw_extractions.payload_json,no,,database/federal_fec.py:1523,explicitly excluded (not projected into structured FEC table),"Add explicit projection mapping if this key is needed downstream, or document intentional exclusion.",69,no,0.990583,0 | 1 | 2,raw_extractions:fec_api:schedules_schedule_e:5ff290387436b35d8ea2c20f9dd9e9942e0262ac; raw_extractions:fec_api:schedules_schedule_e:555c501902c4a57d6e2073a93decf59d30907f12; raw_extractions:fec_api:schedules_schedule_e:25de5e68561efe42a454cc88af0b9b0ec8f6396d; raw_extractions:fec_api:schedules_schedule_e:97d8533181eba581850f2965db3e33158d0402c9; raw_extractions:fec_api:schedules_schedule_e:89157d0eaa848ee3843a827ba46b65f1049ad788; raw_extractions:fec_api:schedules_schedule_e:1f7a39266fd8cd1c906b956cb971e4ec6c379c3d; raw_extractions:fec_api:schedules_schedule_e:77f64385f5afb5197bb1f1724449d196a7ebcfb9; raw_extractions:fec_api:schedules_schedule_e:276bb163346b1c604e4ba39a7bd5b79d23af621b; raw_extractions:fec_api:schedules_schedule_e:6800b3606ea1d1305afbd20807324a05af3ba473; raw_extractions:fec_api:schedules_schedule_e:03174e58bcff24077bac640eeb9b44fbed6a37d0; raw_extractions:fec_api:schedules_schedule_e:5049e0e20905f209c59faafadda6a195e4602265; raw_extractions:fec_api:schedules_schedule_e:52dc6e3a36c32cc5fe8727a218db2ed3e0aa6e09; ... (+181 more),raw_extractions_payload_scan_union_all_payloads_profiled_first_n_rows_across_feed
fec_api_schedule_e_json,back_reference_schedule_name,yes,,raw_extractions.payload_json,no,,database/federal_fec.py:1523,explicitly excluded (not projected into structured FEC table),"Add explicit projection mapping if this key is needed downstream, or document intentional exclusion.",69,no,1.0,,raw_extractions:fec_api:schedules_schedule_e:5ff290387436b35d8ea2c20f9dd9e9942e0262ac; raw_extractions:fec_api:schedules_schedule_e:555c501902c4a57d6e2073a93decf59d30907f12; raw_extractions:fec_api:schedules_schedule_e:25de5e68561efe42a454cc88af0b9b0ec8f6396d; raw_extractions:fec_api:schedules_schedule_e:97d8533181eba581850f2965db3e33158d0402c9; raw_extractions:fec_api:schedules_schedule_e:89157d0eaa848ee3843a827ba46b65f1049ad788; raw_extractions:fec_api:schedules_schedule_e:1f7a39266fd8cd1c906b956cb971e4ec6c379c3d; raw_extractions:fec_api:schedules_schedule_e:77f64385f5afb5197bb1f1724449d196a7ebcfb9; raw_extractions:fec_api:schedules_schedule_e:276bb163346b1c604e4ba39a7bd5b79d23af621b; raw_extractions:fec_api:schedules_schedule_e:6800b3606ea1d1305afbd20807324a05af3ba473; raw_extractions:fec_api:schedules_schedule_e:03174e58bcff24077bac640eeb9b44fbed6a37d0; raw_extractions:fec_api:schedules_schedule_e:5049e0e20905f209c59faafadda6a195e4602265; raw_extractions:fec_api:schedules_schedule_e:52dc6e3a36c32cc5fe8727a218db2ed3e0aa6e09; ... (+181 more),raw_extractions_payload_scan_union_all_payloads_profiled_first_n_rows_across_feed
fec_api_schedule_e_json,back_reference_transaction_id,yes,,raw_extractions.payload_json,no,,database/federal_fec.py:1523,explicitly excluded (not projected into structured FEC table),"Add explicit projection mapping if this key is needed downstream, or document intentional exclusion.",69,no,1.0,,raw_extractions:fec_api:schedules_schedule_e:5ff290387436b35d8ea2c20f9dd9e9942e0262ac; raw_extractions:fec_api:schedules_schedule_e:555c501902c4a57d6e2073a93decf59d30907f12; raw_extractions:fec_api:schedules_schedule_e:25de5e68561efe42a454cc88af0b9b0ec8f6396d; raw_extractions:fec_api:schedules_schedule_e:97d8533181eba581850f2965db3e33158d0402c9; raw_extractions:fec_api:schedules_schedule_e:89157d0eaa848ee3843a827ba46b65f1049ad788; raw_extractions:fec_api:schedules_schedule_e:1f7a39266fd8cd1c906b956cb971e4ec6c379c3d; raw_extractions:fec_api:schedules_schedule_e:77f64385f5afb5197bb1f1724449d196a7ebcfb9; raw_extractions:fec_api:schedules_schedule_e:276bb163346b1c604e4ba39a7bd5b79d23af621b; raw_extractions:fec_api:schedules_schedule_e:6800b3606ea1d1305afbd20807324a05af3ba473; raw_extractions:fec_api:schedules_schedule_e:03174e58bcff24077bac640eeb9b44fbed6a37d0; raw_extractions:fec_api:schedules_schedule_e:5049e0e20905f209c59faafadda6a195e4602265; raw_extractions:fec_api:schedules_schedule_e:52dc6e3a36c32cc5fe8727a218db2ed3e0aa6e09; ... (+181 more),raw_extractions_payload_scan_union_all_payloads_profiled_first_n_rows_across_feed
fec_api_schedule_e_json,candidate,yes,,raw_extractions.payload_json,no,,database/federal_fec.py:1523,explicitly excluded (not projected into structured FEC table),"Add explicit projection mapping if this key is needed downstream, or document intentional exclusion.",69,no,0.0,"{'candidate_id': 'H8IL14174', 'idx': 84597, 'two_year_period': '2018'} | {'candidate_id': 'H8IL14174', 'idx': 84599, 'two_year_period': '2022'} | {'candidate_id': 'H8IL14174', 'idx': 84598, 'two_year_period': '2020'}",raw_extractions:fec_api:schedules_schedule_e:5ff290387436b35d8ea2c20f9dd9e9942e0262ac; raw_extractions:fec_api:schedules_schedule_e:555c501902c4a57d6e2073a93decf59d30907f12; raw_extractions:fec_api:schedules_schedule_e:25de5e68561efe42a454cc88af0b9b0ec8f6396d; raw_extractions:fec_api:schedules_schedule_e:97d8533181eba581850f2965db3e33158d0402c9; raw_extractions:fec_api:schedules_schedule_e:89157d0eaa848ee3843a827ba46b65f1049ad788; raw_extractions:fec_api:schedules_schedule_e:1f7a39266fd8cd1c906b956cb971e4ec6c379c3d; raw_extractions:fec_api:schedules_schedule_e:77f64385f5afb5197bb1f1724449d196a7ebcfb9; raw_extractions:fec_api:schedules_schedule_e:276bb163346b1c604e4ba39a7bd5b79d23af621b; raw_extractions:fec_api:schedules_schedule_e:6800b3606ea1d1305afbd20807324a05af3ba473; raw_extractions:fec_api:schedules_schedule_e:03174e58bcff24077bac640eeb9b44fbed6a37d0; raw_extractions:fec_api:schedules_schedule_e:5049e0e20905f209c59faafadda6a195e4602265; raw_extractions:fec_api:schedules_schedule_e:52dc6e3a36c32cc5fe8727a218db2ed3e0aa6e09; ... (+181 more),raw_extractions_payload_scan_union_all_payloads_profiled_first_n_rows_across_feed
fec_api_schedule_e_json,candidate_first_name,yes,,raw_extractions.payload_json,no,,database/federal_fec.py:1523,explicitly excluded (not projected into structured FEC table),"Add explicit projection mapping if this key is needed downstream, or document intentional exclusion.",69,no,0.03198,LAUREN A | LAUREN | UNDERWOOD,raw_extractions:fec_api:schedules_schedule_e:5ff290387436b35d8ea2c20f9dd9e9942e0262ac; raw_extractions:fec_api:schedules_schedule_e:555c501902c4a57d6e2073a93decf59d30907f12; raw_extractions:fec_api:schedules_schedule_e:25de5e68561efe42a454cc88af0b9b0ec8f6396d; raw_extractions:fec_api:schedules_schedule_e:97d8533181eba581850f2965db3e33158d0402c9; raw_extractions:fec_api:schedules_schedule_e:89157d0eaa848ee3843a827ba46b65f1049ad788; raw_extractions:fec_api:schedules_schedule_e:1f7a39266fd8cd1c906b956cb971e4ec6c379c3d; raw_extractions:fec_api:schedules_schedule_e:77f64385f5afb5197bb1f1724449d196a7ebcfb9; raw_extractions:fec_api:schedules_schedule_e:276bb163346b1c604e4ba39a7bd5b79d23af621b; raw_extractions:fec_api:schedules_schedule_e:6800b3606ea1d1305afbd20807324a05af3ba473; raw_extractions:fec_api:schedules_schedule_e:03174e58bcff24077bac640eeb9b44fbed6a37d0; raw_extractions:fec_api:schedules_schedule_e:5049e0e20905f209c59faafadda6a195e4602265; raw_extractions:fec_api:schedules_schedule_e:52dc6e3a36c32cc5fe8727a218db2ed3e0aa6e09; ... (+181 more),raw_extractions_payload_scan_union_all_payloads_profiled_first_n_rows_across_feed
fec_api_schedule_e_json,candidate_id,yes,,raw_extractions.payload_json; fec_schedule_e_independent_expenditures.*,yes,database/federal_fec.py; webapp/routes/main.py; webapp/routes/federal_finance.py; scripts/newsroom_queries.py,,,Keep full raw payload retention and structured projection tests aligned.,69,no,0.0,H8IL14174 | H6IL08287 | S6IL00458,raw_extractions:fec_api:schedules_schedule_e:5ff290387436b35d8ea2c20f9dd9e9942e0262ac; raw_extractions:fec_api:schedules_schedule_e:555c501902c4a57d6e2073a93decf59d30907f12; raw_extractions:fec_api:schedules_schedule_e:25de5e68561efe42a454cc88af0b9b0ec8f6396d; raw_extractions:fec_api:schedules_schedule_e:97d8533181eba581850f2965db3e33158d0402c9; raw_extractions:fec_api:schedules_schedule_e:89157d0eaa848ee3843a827ba46b65f1049ad788; raw_extractions:fec_api:schedules_schedule_e:1f7a39266fd8cd1c906b956cb971e4ec6c379c3d; raw_extractions:fec_api:schedules_schedule_e:77f64385f5afb5197bb1f1724449d196a7ebcfb9; raw_extractions:fec_api:schedules_schedule_e:276bb163346b1c604e4ba39a7bd5b79d23af621b; raw_extractions:fec_api:schedules_schedule_e:6800b3606ea1d1305afbd20807324a05af3ba473; raw_extractions:fec_api:schedules_schedule_e:03174e58bcff24077bac640eeb9b44fbed6a37d0; raw_extractions:fec_api:schedules_schedule_e:5049e0e20905f209c59faafadda6a195e4602265; raw_extractions:fec_api:schedules_schedule_e:52dc6e3a36c32cc5fe8727a218db2ed3e0aa6e09; ... (+181 more),raw_extractions_payload_scan_union_all_payloads_profiled_first_n_rows_across_feed
fec_api_schedule_e_json,candidate_last_name,yes,,raw_extractions.payload_json,no,,database/federal_fec.py:1523,explicitly excluded (not projected into structured FEC table),"Add explicit projection mapping if this key is needed downstream, or document intentional exclusion.",69,no,0.03198,UNDERWOOD | LAUREN | TULLY,raw_extractions:fec_api:schedules_schedule_e:5ff290387436b35d8ea2c20f9dd9e9942e0262ac; raw_extractions:fec_api:schedules_schedule_e:555c501902c4a57d6e2073a93decf59d30907f12; raw_extractions:fec_api:schedules_schedule_e:25de5e68561efe42a454cc88af0b9b0ec8f6396d; raw_extractions:fec_api:schedules_schedule_e:97d8533181eba581850f2965db3e33158d0402c9; raw_extractions:fec_api:schedules_schedule_e:89157d0eaa848ee3843a827ba46b65f1049ad788; raw_extractions:fec_api:schedules_schedule_e:1f7a39266fd8cd1c906b956cb971e4ec6c379c3d; raw_extractions:fec_api:schedules_schedule_e:77f64385f5afb5197bb1f1724449d196a7ebcfb9; raw_extractions:fec_api:schedules_schedule_e:276bb163346b1c604e4ba39a7bd5b79d23af621b; raw_extractions:fec_api:schedules_schedule_e:6800b3606ea1d1305afbd20807324a05af3ba473; raw_extractions:fec_api:schedules_schedule_e:03174e58bcff24077bac640eeb9b44fbed6a37d0; raw_extractions:fec_api:schedules_schedule_e:5049e0e20905f209c59faafadda6a195e4602265; raw_extractions:fec_api:schedules_schedule_e:52dc6e3a36c32cc5fe8727a218db2ed3e0aa6e09; ... (+181 more),raw_extractions_payload_scan_union_all_payloads_profiled_first_n_rows_across_feed
fec_api_schedule_e_json,candidate_middle_name,yes,,raw_extractions.payload_json,no,,database/federal_fec.py:1523,explicitly excluded (not projected into structured FEC table),"Add explicit projection mapping if this key is needed downstream, or document intentional exclusion.",69,no,0.936629,A | A. | SCOTT,raw_extractions:fec_api:schedules_schedule_e:5ff290387436b35d8ea2c20f9dd9e9942e0262ac; raw_extractions:fec_api:schedules_schedule_e:555c501902c4a57d6e2073a93decf59d30907f12; raw_extractions:fec_api:schedules_schedule_e:25de5e68561efe42a454cc88af0b9b0ec8f6396d; raw_extractions:fec_api:schedules_schedule_e:97d8533181eba581850f2965db3e33158d0402c9; raw_extractions:fec_api:schedules_schedule_e:89157d0eaa848ee3843a827ba46b65f1049ad788; raw_extractions:fec_api:schedules_schedule_e:1f7a39266fd8cd1c906b956cb971e4ec6c379c3d; raw_extractions:fec_api:schedules_schedule_e:77f64385f5afb5197bb1f1724449d196a7ebcfb9; raw_extractions:fec_api:schedules_schedule_e:276bb163346b1c604e4ba39a7bd5b79d23af621b; raw_extractions:fec_api:schedules_schedule_e:6800b3606ea1d1305afbd20807324a05af3ba473; raw_extractions:fec_api:schedules_schedule_e:03174e58bcff24077bac640eeb9b44fbed6a37d0; raw_extractions:fec_api:schedules_schedule_e:5049e0e20905f209c59faafadda6a195e4602265; raw_extractions:fec_api:schedules_schedule_e:52dc6e3a36c32cc5fe8727a218db2ed3e0aa6e09; ... (+181 more),raw_extractions_payload_scan_union_all_payloads_profiled_first_n_rows_across_feed
fec_api_schedule_e_json,candidate_name,yes,,raw_extractions.payload_json; fec_schedule_e_independent_expenditures.*,yes,database/federal_fec.py; webapp/routes/main.py; webapp/routes/federal_finance.py; scripts/newsroom_queries.py,,,Keep full raw payload retention and structured projection tests aligned.,69,no,0.0,"UNDERWOOD, LAUREN A | UNDERWOOD, LAUREN | UNDERWOOD, LAUREN A.",raw_extractions:fec_api:schedules_schedule_e:5ff290387436b35d8ea2c20f9dd9e9942e0262ac; raw_extractions:fec_api:schedules_schedule_e:555c501902c4a57d6e2073a93decf59d30907f12; raw_extractions:fec_api:schedules_schedule_e:25de5e68561efe42a454cc88af0b9b0ec8f6396d; raw_extractions:fec_api:schedules_schedule_e:97d8533181eba581850f2965db3e33158d0402c9; raw_extractions:fec_api:schedules_schedule_e:89157d0eaa848ee3843a827ba46b65f1049ad788; raw_extractions:fec_api:schedules_schedule_e:1f7a39266fd8cd1c906b956cb971e4ec6c379c3d; raw_extractions:fec_api:schedules_schedule_e:77f64385f5afb5197bb1f1724449d196a7ebcfb9; raw_extractions:fec_api:schedules_schedule_e:276bb163346b1c604e4ba39a7bd5b79d23af621b; raw_extractions:fec_api:schedules_schedule_e:6800b3606ea1d1305afbd20807324a05af3ba473; raw_extractions:fec_api:schedules_schedule_e:03174e58bcff24077bac640eeb9b44fbed6a37d0; raw_extractions:fec_api:schedules_schedule_e:5049e0e20905f209c59faafadda6a195e4602265; raw_extractions:fec_api:schedules_schedule_e:52dc6e3a36c32cc5fe8727a218db2ed3e0aa6e09; ... (+181 more),raw_extractions_payload_scan_union_all_payloads_profiled_first_n_rows_across_feed
fec_api_schedule_e_json,candidate_office,yes,,raw_extractions.payload_json; fec_schedule_e_independent_expenditures.*,yes,database/federal_fec.py; webapp/routes/main.py; webapp/routes/federal_finance.py; scripts/newsroom_queries.py,,,Keep full raw payload retention and structured projection tests aligned.,69,no,0.0,H | S,raw_extractions:fec_api:schedules_schedule_e:5ff290387436b35d8ea2c20f9dd9e9942e0262ac; raw_extractions:fec_api:schedules_schedule_e:555c501902c4a57d6e2073a93decf59d30907f12; raw_extractions:fec_api:schedules_schedule_e:25de5e68561efe42a454cc88af0b9b0ec8f6396d; raw_extractions:fec_api:schedules_schedule_e:97d8533181eba581850f2965db3e33158d0402c9; raw_extractions:fec_api:schedules_schedule_e:89157d0eaa848ee3843a827ba46b65f1049ad788; raw_extractions:fec_api:schedules_schedule_e:1f7a39266fd8cd1c906b956cb971e4ec6c379c3d; raw_extractions:fec_api:schedules_schedule_e:77f64385f5afb5197bb1f1724449d196a7ebcfb9; raw_extractions:fec_api:schedules_schedule_e:276bb163346b1c604e4ba39a7bd5b79d23af621b; raw_extractions:fec_api:schedules_schedule_e:6800b3606ea1d1305afbd20807324a05af3ba473; raw_extractions:fec_api:schedules_schedule_e:03174e58bcff24077bac640eeb9b44fbed6a37d0; raw_extractions:fec_api:schedules_schedule_e:5049e0e20905f209c59faafadda6a195e4602265; raw_extractions:fec_api:schedules_schedule_e:52dc6e3a36c32cc5fe8727a218db2ed3e0aa6e09; ... (+181 more),raw_extractions_payload_scan_union_all_payloads_profiled_first_n_rows_across_feed
fec_api_schedule_e_json,candidate_office_district,yes,,raw_extractions.payload_json; fec_schedule_e_independent_expenditures.*,yes,database/federal_fec.py; webapp/routes/main.py; webapp/routes/federal_finance.py; scripts/newsroom_queries.py,,,Keep full raw payload retention and structured projection tests aligned.,69,no,0.0,14 | 08 | 00,raw_extractions:fec_api:schedules_schedule_e:5ff290387436b35d8ea2c20f9dd9e9942e0262ac; raw_extractions:fec_api:schedules_schedule_e:555c501902c4a57d6e2073a93decf59d30907f12; raw_extractions:fec_api:schedules_schedule_e:25de5e68561efe42a454cc88af0b9b0ec8f6396d; raw_extractions:fec_api:schedules_schedule_e:97d8533181eba581850f2965db3e33158d0402c9; raw_extractions:fec_api:schedules_schedule_e:89157d0eaa848ee3843a827ba46b65f1049ad788; raw_extractions:fec_api:schedules_schedule_e:1f7a39266fd8cd1c906b956cb971e4ec6c379c3d; raw_extractions:fec_api:schedules_schedule_e:77f64385f5afb5197bb1f1724449d196a7ebcfb9; raw_extractions:fec_api:schedules_schedule_e:276bb163346b1c604e4ba39a7bd5b79d23af621b; raw_extractions:fec_api:schedules_schedule_e:6800b3606ea1d1305afbd20807324a05af3ba473; raw_extractions:fec_api:schedules_schedule_e:03174e58bcff24077bac640eeb9b44fbed6a37d0; raw_extractions:fec_api:schedules_schedule_e:5049e0e20905f209c59faafadda6a195e4602265; raw_extractions:fec_api:schedules_schedule_e:52dc6e3a36c32cc5fe8727a218db2ed3e0aa6e09; ... (+181 more),raw_extractions_payload_scan_union_all_payloads_profiled_first_n_rows_across_feed
fec_api_schedule_e_json,candidate_office_state,yes,,raw_extractions.payload_json; fec_schedule_e_independent_expenditures.*,yes,database/federal_fec.py; webapp/routes/main.py; webapp/routes/federal_finance.py; scripts/newsroom_queries.py,,,Keep full raw payload retention and structured projection tests aligned.,69,no,0.0,IL | IA | 10,raw_extractions:fec_api:schedules_schedule_e:5ff290387436b35d8ea2c20f9dd9e9942e0262ac; raw_extractions:fec_api:schedules_schedule_e:555c501902c4a57d6e2073a93decf59d30907f12; raw_extractions:fec_api:schedules_schedule_e:25de5e68561efe42a454cc88af0b9b0ec8f6396d; raw_extractions:fec_api:schedules_schedule_e:97d8533181eba581850f2965db3e33158d0402c9; raw_extractions:fec_api:schedules_schedule_e:89157d0eaa848ee3843a827ba46b65f1049ad788; raw_extractions:fec_api:schedules_schedule_e:1f7a39266fd8cd1c906b956cb971e4ec6c379c3d; raw_extractions:fec_api:schedules_schedule_e:77f64385f5afb5197bb1f1724449d196a7ebcfb9; raw_extractions:fec_api:schedules_schedule_e:276bb163346b1c604e4ba39a7bd5b79d23af621b; raw_extractions:fec_api:schedules_schedule_e:6800b3606ea1d1305afbd20807324a05af3ba473; raw_extractions:fec_api:schedules_schedule_e:03174e58bcff24077bac640eeb9b44fbed6a37d0; raw_extractions:fec_api:schedules_schedule_e:5049e0e20905f209c59faafadda6a195e4602265; raw_extractions:fec_api:schedules_schedule_e:52dc6e3a36c32cc5fe8727a218db2ed3e0aa6e09; ... (+181 more),raw_extractions_payload_scan_union_all_payloads_profiled_first_n_rows_across_feed
fec_api_schedule_e_json,candidate_party,yes,,raw_extractions.payload_json,no,,database/federal_fec.py:1523,explicitly excluded (not projected into structured FEC table),"Add explicit projection mapping if this key is needed downstream, or document intentional exclusion.",69,no,0.0,DEM | REP | IND,raw_extractions:fec_api:schedules_schedule_e:5ff290387436b35d8ea2c20f9dd9e9942e0262ac; raw_extractions:fec_api:schedules_schedule_e:555c501902c4a57d6e2073a93decf59d30907f12; raw_extractions:fec_api:schedules_schedule_e:25de5e68561efe42a454cc88af0b9b0ec8f6396d; raw_extractions:fec_api:schedules_schedule_e:97d8533181eba581850f2965db3e33158d0402c9; raw_extractions:fec_api:schedules_schedule_e:89157d0eaa848ee3843a827ba46b65f1049ad788; raw_extractions:fec_api:schedules_schedule_e:1f7a39266fd8cd1c906b956cb971e4ec6c379c3d; raw_extractions:fec_api:schedules_schedule_e:77f64385f5afb5197bb1f1724449d196a7ebcfb9; raw_extractions:fec_api:schedules_schedule_e:276bb163346b1c604e4ba39a7bd5b79d23af621b; raw_extractions:fec_api:schedules_schedule_e:6800b3606ea1d1305afbd20807324a05af3ba473; raw_extractions:fec_api:schedules_schedule_e:03174e58bcff24077bac640eeb9b44fbed6a37d0; raw_extractions:fec_api:schedules_schedule_e:5049e0e20905f209c59faafadda6a195e4602265; raw_extractions:fec_api:schedules_schedule_e:52dc6e3a36c32cc5fe8727a218db2ed3e0aa6e09; ... (+181 more),raw_extractions_payload_scan_union_all_payloads_profiled_first_n_rows_across_feed
fec_api_schedule_e_json,candidate_prefix,yes,,raw_extractions.payload_json,no,,database/federal_fec.py:1523,explicitly excluded (not projected into structured FEC table),"Add explicit projection mapping if this key is needed downstream, or document intentional exclusion.",69,no,0.988425,REP.,raw_extractions:fec_api:schedules_schedule_e:5ff290387436b35d8ea2c20f9dd9e9942e0262ac; raw_extractions:fec_api:schedules_schedule_e:555c501902c4a57d6e2073a93decf59d30907f12; raw_extractions:fec_api:schedules_schedule_e:25de5e68561efe42a454cc88af0b9b0ec8f6396d; raw_extractions:fec_api:schedules_schedule_e:97d8533181eba581850f2965db3e33158d0402c9; raw_extractions:fec_api:schedules_schedule_e:89157d0eaa848ee3843a827ba46b65f1049ad788; raw_extractions:fec_api:schedules_schedule_e:1f7a39266fd8cd1c906b956cb971e4ec6c379c3d; raw_extractions:fec_api:schedules_schedule_e:77f64385f5afb5197bb1f1724449d196a7ebcfb9; raw_extractions:fec_api:schedules_schedule_e:276bb163346b1c604e4ba39a7bd5b79d23af621b; raw_extractions:fec_api:schedules_schedule_e:6800b3606ea1d1305afbd20807324a05af3ba473; raw_extractions:fec_api:schedules_schedule_e:03174e58bcff24077bac640eeb9b44fbed6a37d0; raw_extractions:fec_api:schedules_schedule_e:5049e0e20905f209c59faafadda6a195e4602265; raw_extractions:fec_api:schedules_schedule_e:52dc6e3a36c32cc5fe8727a218db2ed3e0aa6e09; ... (+181 more),raw_extractions_payload_scan_union_all_payloads_profiled_first_n_rows_across_feed
fec_api_schedule_e_json,candidate_suffix,yes,,raw_extractions.payload_json,no,,database/federal_fec.py:1523,explicitly excluded (not projected into structured FEC table),"Add explicit projection mapping if this key is needed downstream, or document intentional exclusion.",69,no,0.996861,A,raw_extractions:fec_api:schedules_schedule_e:5ff290387436b35d8ea2c20f9dd9e9942e0262ac; raw_extractions:fec_api:schedules_schedule_e:555c501902c4a57d6e2073a93decf59d30907f12; raw_extractions:fec_api:schedules_schedule_e:25de5e68561efe42a454cc88af0b9b0ec8f6396d; raw_extractions:fec_api:schedules_schedule_e:97d8533181eba581850f2965db3e33158d0402c9; raw_extractions:fec_api:schedules_schedule_e:89157d0eaa848ee3843a827ba46b65f1049ad788; raw_extractions:fec_api:schedules_schedule_e:1f7a39266fd8cd1c906b956cb971e4ec6c379c3d; raw_extractions:fec_api:schedules_schedule_e:77f64385f5afb5197bb1f1724449d196a7ebcfb9; raw_extractions:fec_api:schedules_schedule_e:276bb163346b1c604e4ba39a7bd5b79d23af621b; raw_extractions:fec_api:schedules_schedule_e:6800b3606ea1d1305afbd20807324a05af3ba473; raw_extractions:fec_api:schedules_schedule_e:03174e58bcff24077bac640eeb9b44fbed6a37d0; raw_extractions:fec_api:schedules_schedule_e:5049e0e20905f209c59faafadda6a195e4602265; raw_extractions:fec_api:schedules_schedule_e:52dc6e3a36c32cc5fe8727a218db2ed3e0aa6e09; ... (+181 more),raw_extractions_payload_scan_union_all_payloads_profiled_first_n_rows_across_feed
fec_api_schedule_e_json,category_code,yes,,raw_extractions.payload_json; fec_schedule_e_independent_expenditures.*,yes,database/federal_fec.py; webapp/routes/main.py; webapp/routes/federal_finance.py; scripts/newsroom_queries.py,,,Keep full raw payload retention and structured projection tests aligned.,69,no,0.447911,004 | 011 | 001,raw_extractions:fec_api:schedules_schedule_e:5ff290387436b35d8ea2c20f9dd9e9942e0262ac; raw_extractions:fec_api:schedules_schedule_e:555c501902c4a57d6e2073a93decf59d30907f12; raw_extractions:fec_api:schedules_schedule_e:25de5e68561efe42a454cc88af0b9b0ec8f6396d; raw_extractions:fec_api:schedules_schedule_e:97d8533181eba581850f2965db3e33158d0402c9; raw_extractions:fec_api:schedules_schedule_e:89157d0eaa848ee3843a827ba46b65f1049ad788; raw_extractions:fec_api:schedules_schedule_e:1f7a39266fd8cd1c906b956cb971e4ec6c379c3d; raw_extractions:fec_api:schedules_schedule_e:77f64385f5afb5197bb1f1724449d196a7ebcfb9; raw_extractions:fec_api:schedules_schedule_e:276bb163346b1c604e4ba39a7bd5b79d23af621b; raw_extractions:fec_api:schedules_schedule_e:6800b3606ea1d1305afbd20807324a05af3ba473; raw_extractions:fec_api:schedules_schedule_e:03174e58bcff24077bac640eeb9b44fbed6a37d0; raw_extractions:fec_api:schedules_schedule_e:5049e0e20905f209c59faafadda6a195e4602265; raw_extractions:fec_api:schedules_schedule_e:52dc6e3a36c32cc5fe8727a218db2ed3e0aa6e09; ... (+181 more),raw_extractions_payload_scan_union_all_payloads_profiled_first_n_rows_across_feed
fec_api_schedule_e_json,category_code_full,yes,,raw_extractions.payload_json; fec_schedule_e_independent_expenditures.*,yes,database/federal_fec.py; webapp/routes/main.py; webapp/routes/federal_finance.py; scripts/newsroom_queries.py,,,Keep full raw payload retention and structured projection tests aligned.,69,no,0.448892,Advertising Expenses | Political Contributions | Administrative/Salary/Overhead Expenses,raw_extractions:fec_api:schedules_schedule_e:5ff290387436b35d8ea2c20f9dd9e9942e0262ac; raw_extractions:fec_api:schedules_schedule_e:555c501902c4a57d6e2073a93decf59d30907f12; raw_extractions:fec_api:schedules_schedule_e:25de5e68561efe42a454cc88af0b9b0ec8f6396d; raw_extractions:fec_api:schedules_schedule_e:97d8533181eba581850f2965db3e33158d0402c9; raw_extractions:fec_api:schedules_schedule_e:89157d0eaa848ee3843a827ba46b65f1049ad788; raw_extractions:fec_api:schedules_schedule_e:1f7a39266fd8cd1c906b956cb971e4ec6c379c3d; raw_extractions:fec_api:schedules_schedule_e:77f64385f5afb5197bb1f1724449d196a7ebcfb9; raw_extractions:fec_api:schedules_schedule_e:276bb163346b1c604e4ba39a7bd5b79d23af621b; raw_extractions:fec_api:schedules_schedule_e:6800b3606ea1d1305afbd20807324a05af3ba473; raw_extractions:fec_api:schedules_schedule_e:03174e58bcff24077bac640eeb9b44fbed6a37d0; raw_extractions:fec_api:schedules_schedule_e:5049e0e20905f209c59faafadda6a195e4602265; raw_extractions:fec_api:schedules_schedule_e:52dc6e3a36c32cc5fe8727a218db2ed3e0aa6e09; ... (+181 more),raw_extractions_payload_scan_union_all_payloads_profiled_first_n_rows_across_feed
fec_api_schedule_e_json,committee,yes,,raw_extractions.payload_json; fec_schedule_e_independent_expenditures.*,yes,database/federal_fec.py; webapp/routes/main.py; webapp/routes/federal_finance.py; scripts/newsroom_queries.py,,,Keep full raw payload retention and structured projection tests aligned.,69,no,0.0,"{'affiliated_committee_name': ""EMILY'S LIST"", 'candidate_ids': [], 'city': 'WASHINGTON', 'committee_id': 'C00473918', 'committee_type': 'O', 'committee_type_full': 'Super PAC (Independent Expenditure-Only)', 'cycle': 2018, 'cycles': [2010, 2012, 2014, 2016, 2018, 2020, 2022, 2024, 2026], 'cycles_has_activity': [2010, 2012, 2014, 2016, 2018, 2020, 2022, 2024, 2026], 'cycles_has_financial': [2010, 2012, 2014, 2016, 2018, 2020, 2022, 2024, 2026], 'designation': 'U', 'designation_full': 'Unauthorized', 'filing_frequency': 'M', 'first_f1_date': '2010-01-22', 'first_file_date': '2010-01-14', 'is_active': True, 'last_cycle_has_activity': 2026, 'last_cycle_has_financial': 2026, 'last_f1_date': '2025-09-16', 'last_file_date': '2026-01-23', 'name': 'WOMEN VOTE!', 'organization_type': None, 'organization_type_full': None, 'party': None, 'party_full': None, 'state': 'DC', 'state_full': 'District Of Columbia', 'street_1': '1800 M STREET, NW', 'street_2': 'STE 375N', 'treasurer_name': 'VAN HALL, LAURIE', 'zip': '20036'} | {'affiliated_committee_name': None, 'candidate_ids': [], 'city': 'WASHINGTON', 'committee_id': 'C90017492', 'committee_type': 'I', 'committee_type_full': 'Independent expenditure filer (not a committee)', 'cycle': 2018, 'cycles': [2018, 2020, 2022, 2024, 2026], 'cycles_has_activity': [2018, 2020, 2022, 2024, 2026], 'cycles_has_financial': [2018, 2020, 2022, 2024, 2026], 'designation': 'U', 'designation_full': 'Unauthorized', 'filing_frequency': 'Q', 'first_f1_date': None, 'first_file_date': '2018-03-13', 'is_active': True, 'last_cycle_has_activity': 2026, 'last_cycle_has_financial': 2026, 'last_f1_date': None, 'last_file_date': '2026-01-30', 'name': 'INDIVISIBLE PROJECT INC.', 'organization_type': None, 'organization_type_full': None, 'party': None, 'party_full': None, 'state': 'DC', 'state_full': 'District Of Columbia', 'street_1': 'PO BOX 43884', 'street_2': None, 'treasurer_name': None, 'zip': '20010'} | {'affiliated_committee_name': 'NONE', 'candidate_ids': [], 'city': 'WASHINGTON', 'committee_id': 'C00341396', 'committee_type': 'W', 'committee_type_full': 'Hybrid PAC (with Non-Contribution Account) - Qualified', 'cycle': 2018, 'cycles': [1998, 2000, 2002, 2004, 2006, 2008, 2010, 2012, 2014, 2016, 2018, 2020, 2022, 2024, 2026], 'cycles_has_activity': [1998, 2000, 2002, 2004, 2006, 2008, 2010, 2012, 2014, 2016, 2018, 2020, 2022, 2024, 2026], 'cycles_has_financial': [1998, 2000, 2002, 2004, 2006, 2008, 2010, 2012, 2014, 2016, 2018, 2020, 2022, 2024, 2026], 'designation': 'U', 'designation_full': 'Unauthorized', 'filing_frequency': 'Q', 'first_f1_date': '1998-10-29', 'first_file_date': '1998-10-29', 'is_active': True, 'last_cycle_has_activity': 2026, 'last_cycle_has_financial': 2026, 'last_f1_date': '2022-05-12', 'last_file_date': '2026-01-31', 'name': 'MOVEON.ORG POLITICAL ACTION', 'organization_type': None, 'organization_type_full': None, 'party': None, 'party_full': None, 'state': 'DC', 'state_full': 'District Of Columbia', 'street_1': 'PO BOX 96142', 'street_2': None, 'treasurer_name': 'MATZZIE, TOM', 'zip': '200906142'}",raw_extractions:fec_api:schedules_schedule_e:5ff290387436b35d8ea2c20f9dd9e9942e0262ac; raw_extractions:fec_api:schedules_schedule_e:555c501902c4a57d6e2073a93decf59d30907f12; raw_extractions:fec_api:schedules_schedule_e:25de5e68561efe42a454cc88af0b9b0ec8f6396d; raw_extractions:fec_api:schedules_schedule_e:97d8533181eba581850f2965db3e33158d0402c9; raw_extractions:fec_api:schedules_schedule_e:89157d0eaa848ee3843a827ba46b65f1049ad788; raw_extractions:fec_api:schedules_schedule_e:1f7a39266fd8cd1c906b956cb971e4ec6c379c3d; raw_extractions:fec_api:schedules_schedule_e:77f64385f5afb5197bb1f1724449d196a7ebcfb9; raw_extractions:fec_api:schedules_schedule_e:276bb163346b1c604e4ba39a7bd5b79d23af621b; raw_extractions:fec_api:schedules_schedule_e:6800b3606ea1d1305afbd20807324a05af3ba473; raw_extractions:fec_api:schedules_schedule_e:03174e58bcff24077bac640eeb9b44fbed6a37d0; raw_extractions:fec_api:schedules_schedule_e:5049e0e20905f209c59faafadda6a195e4602265; raw_extractions:fec_api:schedules_schedule_e:52dc6e3a36c32cc5fe8727a218db2ed3e0aa6e09; ... (+181 more),raw_extractions_payload_scan_union_all_payloads_profiled_first_n_rows_across_feed
fec_api_schedule_e_json,committee_id,yes,,raw_extractions.payload_json; fec_schedule_e_independent_expenditures.*,yes,database/federal_fec.py; webapp/routes/main.py; webapp/routes/federal_finance.py; scripts/newsroom_queries.py,,,Keep full raw payload retention and structured projection tests aligned.,69,no,0.0,C00473918 | C90017492 | C00341396,raw_extractions:fec_api:schedules_schedule_e:5ff290387436b35d8ea2c20f9dd9e9942e0262ac; raw_extractions:fec_api:schedules_schedule_e:555c501902c4a57d6e2073a93decf59d30907f12; raw_extractions:fec_api:schedules_schedule_e:25de5e68561efe42a454cc88af0b9b0ec8f6396d; raw_extractions:fec_api:schedules_schedule_e:97d8533181eba581850f2965db3e33158d0402c9; raw_extractions:fec_api:schedules_schedule_e:89157d0eaa848ee3843a827ba46b65f1049ad788; raw_extractions:fec_api:schedules_schedule_e:1f7a39266fd8cd1c906b956cb971e4ec6c379c3d; raw_extractions:fec_api:schedules_schedule_e:77f64385f5afb5197bb1f1724449d196a7ebcfb9; raw_extractions:fec_api:schedules_schedule_e:276bb163346b1c604e4ba39a7bd5b79d23af621b; raw_extractions:fec_api:schedules_schedule_e:6800b3606ea1d1305afbd20807324a05af3ba473; raw_extractions:fec_api:schedules_schedule_e:03174e58bcff24077bac640eeb9b44fbed6a37d0; raw_extractions:fec_api:schedules_schedule_e:5049e0e20905f209c59faafadda6a195e4602265; raw_extractions:fec_api:schedules_schedule_e:52dc6e3a36c32cc5fe8727a218db2ed3e0aa6e09; ... (+181 more),raw_extractions_payload_scan_union_all_payloads_profiled_first_n_rows_across_feed
fec_api_schedule_e_json,conduit_committee_city,yes,,raw_extractions.payload_json,no,,database/federal_fec.py:1523,explicitly excluded (not projected into structured FEC table),"Add explicit projection mapping if this key is needed downstream, or document intentional exclusion.",69,no,1.0,,raw_extractions:fec_api:schedules_schedule_e:5ff290387436b35d8ea2c20f9dd9e9942e0262ac; raw_extractions:fec_api:schedules_schedule_e:555c501902c4a57d6e2073a93decf59d30907f12; raw_extractions:fec_api:schedules_schedule_e:25de5e68561efe42a454cc88af0b9b0ec8f6396d; raw_extractions:fec_api:schedules_schedule_e:97d8533181eba581850f2965db3e33158d0402c9; raw_extractions:fec_api:schedules_schedule_e:89157d0eaa848ee3843a827ba46b65f1049ad788; raw_extractions:fec_api:schedules_schedule_e:1f7a39266fd8cd1c906b956cb971e4ec6c379c3d; raw_extractions:fec_api:schedules_schedule_e:77f64385f5afb5197bb1f1724449d196a7ebcfb9; raw_extractions:fec_api:schedules_schedule_e:276bb163346b1c604e4ba39a7bd5b79d23af621b; raw_extractions:fec_api:schedules_schedule_e:6800b3606ea1d1305afbd20807324a05af3ba473; raw_extractions:fec_api:schedules_schedule_e:03174e58bcff24077bac640eeb9b44fbed6a37d0; raw_extractions:fec_api:schedules_schedule_e:5049e0e20905f209c59faafadda6a195e4602265; raw_extractions:fec_api:schedules_schedule_e:52dc6e3a36c32cc5fe8727a218db2ed3e0aa6e09; ... (+181 more),raw_extractions_payload_scan_union_all_payloads_profiled_first_n_rows_across_feed
fec_api_schedule_e_json,conduit_committee_id,yes,,raw_extractions.payload_json,no,,database/federal_fec.py:1523,explicitly excluded (not projected into structured FEC table),"Add explicit projection mapping if this key is needed downstream, or document intentional exclusion.",69,no,0.686678,C00341396 | C00489815 | C00647701,raw_extractions:fec_api:schedules_schedule_e:5ff290387436b35d8ea2c20f9dd9e9942e0262ac; raw_extractions:fec_api:schedules_schedule_e:555c501902c4a57d6e2073a93decf59d30907f12; raw_extractions:fec_api:schedules_schedule_e:25de5e68561efe42a454cc88af0b9b0ec8f6396d; raw_extractions:fec_api:schedules_schedule_e:97d8533181eba581850f2965db3e33158d0402c9; raw_extractions:fec_api:schedules_schedule_e:89157d0eaa848ee3843a827ba46b65f1049ad788; raw_extractions:fec_api:schedules_schedule_e:1f7a39266fd8cd1c906b956cb971e4ec6c379c3d; raw_extractions:fec_api:schedules_schedule_e:77f64385f5afb5197bb1f1724449d196a7ebcfb9; raw_extractions:fec_api:schedules_schedule_e:276bb163346b1c604e4ba39a7bd5b79d23af621b; raw_extractions:fec_api:schedules_schedule_e:6800b3606ea1d1305afbd20807324a05af3ba473; raw_extractions:fec_api:schedules_schedule_e:03174e58bcff24077bac640eeb9b44fbed6a37d0; raw_extractions:fec_api:schedules_schedule_e:5049e0e20905f209c59faafadda6a195e4602265; raw_extractions:fec_api:schedules_schedule_e:52dc6e3a36c32cc5fe8727a218db2ed3e0aa6e09; ... (+181 more),raw_extractions_payload_scan_union_all_payloads_profiled_first_n_rows_across_feed
fec_api_schedule_e_json,conduit_committee_name,yes,,raw_extractions.payload_json,no,,database/federal_fec.py:1523,explicitly excluded (not projected into structured FEC table),"Add explicit projection mapping if this key is needed downstream, or document intentional exclusion.",69,no,1.0,,raw_extractions:fec_api:schedules_schedule_e:5ff290387436b35d8ea2c20f9dd9e9942e0262ac; raw_extractions:fec_api:schedules_schedule_e:555c501902c4a57d6e2073a93decf59d30907f12; raw_extractions:fec_api:schedules_schedule_e:25de5e68561efe42a454cc88af0b9b0ec8f6396d; raw_extractions:fec_api:schedules_schedule_e:97d8533181eba581850f2965db3e33158d0402c9; raw_extractions:fec_api:schedules_schedule_e:89157d0eaa848ee3843a827ba46b65f1049ad788; raw_extractions:fec_api:schedules_schedule_e:1f7a39266fd8cd1c906b956cb971e4ec6c379c3d; raw_extractions:fec_api:schedules_schedule_e:77f64385f5afb5197bb1f1724449d196a7ebcfb9; raw_extractions:fec_api:schedules_schedule_e:276bb163346b1c604e4ba39a7bd5b79d23af621b; raw_extractions:fec_api:schedules_schedule_e:6800b3606ea1d1305afbd20807324a05af3ba473; raw_extractions:fec_api:schedules_schedule_e:03174e58bcff24077bac640eeb9b44fbed6a37d0; raw_extractions:fec_api:schedules_schedule_e:5049e0e20905f209c59faafadda6a195e4602265; raw_extractions:fec_api:schedules_schedule_e:52dc6e3a36c32cc5fe8727a218db2ed3e0aa6e09; ... (+181 more),raw_extractions_payload_scan_union_all_payloads_profiled_first_n_rows_across_feed
fec_api_schedule_e_json,conduit_committee_state,yes,,raw_extractions.payload_json,no,,database/federal_fec.py:1523,explicitly excluded (not projected into structured FEC table),"Add explicit projection mapping if this key is needed downstream, or document intentional exclusion.",69,no,1.0,,raw_extractions:fec_api:schedules_schedule_e:5ff290387436b35d8ea2c20f9dd9e9942e0262ac; raw_extractions:fec_api:schedules_schedule_e:555c501902c4a57d6e2073a93decf59d30907f12; raw_extractions:fec_api:schedules_schedule_e:25de5e68561efe42a454cc88af0b9b0ec8f6396d; raw_extractions:fec_api:schedules_schedule_e:97d8533181eba581850f2965db3e33158d0402c9; raw_extractions:fec_api:schedules_schedule_e:89157d0eaa848ee3843a827ba46b65f1049ad788; raw_extractions:fec_api:schedules_schedule_e:1f7a39266fd8cd1c906b956cb971e4ec6c379c3d; raw_extractions:fec_api:schedules_schedule_e:77f64385f5afb5197bb1f1724449d196a7ebcfb9; raw_extractions:fec_api:schedules_schedule_e:276bb163346b1c604e4ba39a7bd5b79d23af621b; raw_extractions:fec_api:schedules_schedule_e:6800b3606ea1d1305afbd20807324a05af3ba473; raw_extractions:fec_api:schedules_schedule_e:03174e58bcff24077bac640eeb9b44fbed6a37d0; raw_extractions:fec_api:schedules_schedule_e:5049e0e20905f209c59faafadda6a195e4602265; raw_extractions:fec_api:schedules_schedule_e:52dc6e3a36c32cc5fe8727a218db2ed3e0aa6e09; ... (+181 more),raw_extractions_payload_scan_union_all_payloads_profiled_first_n_rows_across_feed
fec_api_schedule_e_json,conduit_committee_street1,yes,,raw_extractions.payload_json,no,,database/federal_fec.py:1523,explicitly excluded (not projected into structured FEC table),"Add explicit projection mapping if this key is needed downstream, or document intentional exclusion.",69,no,1.0,,raw_extractions:fec_api:schedules_schedule_e:5ff290387436b35d8ea2c20f9dd9e9942e0262ac; raw_extractions:fec_api:schedules_schedule_e:555c501902c4a57d6e2073a93decf59d30907f12; raw_extractions:fec_api:schedules_schedule_e:25de5e68561efe42a454cc88af0b9b0ec8f6396d; raw_extractions:fec_api:schedules_schedule_e:97d8533181eba581850f2965db3e33158d0402c9; raw_extractions:fec_api:schedules_schedule_e:89157d0eaa848ee3843a827ba46b65f1049ad788; raw_extractions:fec_api:schedules_schedule_e:1f7a39266fd8cd1c906b956cb971e4ec6c379c3d; raw_extractions:fec_api:schedules_schedule_e:77f64385f5afb5197bb1f1724449d196a7ebcfb9; raw_extractions:fec_api:schedules_schedule_e:276bb163346b1c604e4ba39a7bd5b79d23af621b; raw_extractions:fec_api:schedules_schedule_e:6800b3606ea1d1305afbd20807324a05af3ba473; raw_extractions:fec_api:schedules_schedule_e:03174e58bcff24077bac640eeb9b44fbed6a37d0; raw_extractions:fec_api:schedules_schedule_e:5049e0e20905f209c59faafadda6a195e4602265; raw_extractions:fec_api:schedules_schedule_e:52dc6e3a36c32cc5fe8727a218db2ed3e0aa6e09; ... (+181 more),raw_extractions_payload_scan_union_all_payloads_profiled_first_n_rows_across_feed
fec_api_schedule_e_json,conduit_committee_street2,yes,,raw_extractions.payload_json,no,,database/federal_fec.py:1523,explicitly excluded (not projected into structured FEC table),"Add explicit projection mapping if this key is needed downstream, or document intentional exclusion.",69,no,1.0,,raw_extractions:fec_api:schedules_schedule_e:5ff290387436b35d8ea2c20f9dd9e9942e0262ac; raw_extractions:fec_api:schedules_schedule_e:555c501902c4a57d6e2073a93decf59d30907f12; raw_extractions:fec_api:schedules_schedule_e:25de5e68561efe42a454cc88af0b9b0ec8f6396d; raw_extractions:fec_api:schedules_schedule_e:97d8533181eba581850f2965db3e33158d0402c9; raw_extractions:fec_api:schedules_schedule_e:89157d0eaa848ee3843a827ba46b65f1049ad788; raw_extractions:fec_api:schedules_schedule_e:1f7a39266fd8cd1c906b956cb971e4ec6c379c3d; raw_extractions:fec_api:schedules_schedule_e:77f64385f5afb5197bb1f1724449d196a7ebcfb9; raw_extractions:fec_api:schedules_schedule_e:276bb163346b1c604e4ba39a7bd5b79d23af621b; raw_extractions:fec_api:schedules_schedule_e:6800b3606ea1d1305afbd20807324a05af3ba473; raw_extractions:fec_api:schedules_schedule_e:03174e58bcff24077bac640eeb9b44fbed6a37d0; raw_extractions:fec_api:schedules_schedule_e:5049e0e20905f209c59faafadda6a195e4602265; raw_extractions:fec_api:schedules_schedule_e:52dc6e3a36c32cc5fe8727a218db2ed3e0aa6e09; ... (+181 more),raw_extractions_payload_scan_union_all_payloads_profiled_first_n_rows_across_feed
fec_api_schedule_e_json,conduit_committee_zip,yes,,raw_extractions.payload_json,no,,database/federal_fec.py:1523,explicitly excluded (not projected into structured FEC table),"Add explicit projection mapping if this key is needed downstream, or document intentional exclusion.",69,no,1.0,,raw_extractions:fec_api:schedules_schedule_e:5ff290387436b35d8ea2c20f9dd9e9942e0262ac; raw_extractions:fec_api:schedules_schedule_e:555c501902c4a57d6e2073a93decf59d30907f12; raw_extractions:fec_api:schedules_schedule_e:25de5e68561efe42a454cc88af0b9b0ec8f6396d; raw_extractions:fec_api:schedules_schedule_e:97d8533181eba581850f2965db3e33158d0402c9; raw_extractions:fec_api:schedules_schedule_e:89157d0eaa848ee3843a827ba46b65f1049ad788; raw_extractions:fec_api:schedules_schedule_e:1f7a39266fd8cd1c906b956cb971e4ec6c379c3d; raw_extractions:fec_api:schedules_schedule_e:77f64385f5afb5197bb1f1724449d196a7ebcfb9; raw_extractions:fec_api:schedules_schedule_e:276bb163346b1c604e4ba39a7bd5b79d23af621b; raw_extractions:fec_api:schedules_schedule_e:6800b3606ea1d1305afbd20807324a05af3ba473; raw_extractions:fec_api:schedules_schedule_e:03174e58bcff24077bac640eeb9b44fbed6a37d0; raw_extractions:fec_api:schedules_schedule_e:5049e0e20905f209c59faafadda6a195e4602265; raw_extractions:fec_api:schedules_schedule_e:52dc6e3a36c32cc5fe8727a218db2ed3e0aa6e09; ... (+181 more),raw_extractions_payload_scan_union_all_payloads_profiled_first_n_rows_across_feed
fec_api_schedule_e_json,disbursement_dt,yes,,raw_extractions.payload_json,no,,database/federal_fec.py:1523,explicitly excluded (not projected into structured FEC table),"Add explicit projection mapping if this key is needed downstream, or document intentional exclusion.",69,no,0.229547,2018-09-27 | 2018-09-26 | 2018-09-25,raw_extractions:fec_api:schedules_schedule_e:5ff290387436b35d8ea2c20f9dd9e9942e0262ac; raw_extractions:fec_api:schedules_schedule_e:555c501902c4a57d6e2073a93decf59d30907f12; raw_extractions:fec_api:schedules_schedule_e:25de5e68561efe42a454cc88af0b9b0ec8f6396d; raw_extractions:fec_api:schedules_schedule_e:97d8533181eba581850f2965db3e33158d0402c9; raw_extractions:fec_api:schedules_schedule_e:89157d0eaa848ee3843a827ba46b65f1049ad788; raw_extractions:fec_api:schedules_schedule_e:1f7a39266fd8cd1c906b956cb971e4ec6c379c3d; raw_extractions:fec_api:schedules_schedule_e:77f64385f5afb5197bb1f1724449d196a7ebcfb9; raw_extractions:fec_api:schedules_schedule_e:276bb163346b1c604e4ba39a7bd5b79d23af621b; raw_extractions:fec_api:schedules_schedule_e:6800b3606ea1d1305afbd20807324a05af3ba473; raw_extractions:fec_api:schedules_schedule_e:03174e58bcff24077bac640eeb9b44fbed6a37d0; raw_extractions:fec_api:schedules_schedule_e:5049e0e20905f209c59faafadda6a195e4602265; raw_extractions:fec_api:schedules_schedule_e:52dc6e3a36c32cc5fe8727a218db2ed3e0aa6e09; ... (+181 more),raw_extractions_payload_scan_union_all_payloads_profiled_first_n_rows_across_feed
fec_api_schedule_e_json,dissemination_date,yes,,raw_extractions.payload_json,no,,database/federal_fec.py:1523,explicitly excluded (not projected into structured FEC table),"Add explicit projection mapping if this key is needed downstream, or document intentional exclusion.",69,no,0.146753,2018-10-01 | 2018-09-25 | 2018-09-20,raw_extractions:fec_api:schedules_schedule_e:5ff290387436b35d8ea2c20f9dd9e9942e0262ac; raw_extractions:fec_api:schedules_schedule_e:555c501902c4a57d6e2073a93decf59d30907f12; raw_extractions:fec_api:schedules_schedule_e:25de5e68561efe42a454cc88af0b9b0ec8f6396d; raw_extractions:fec_api:schedules_schedule_e:97d8533181eba581850f2965db3e33158d0402c9; raw_extractions:fec_api:schedules_schedule_e:89157d0eaa848ee3843a827ba46b65f1049ad788; raw_extractions:fec_api:schedules_schedule_e:1f7a39266fd8cd1c906b956cb971e4ec6c379c3d; raw_extractions:fec_api:schedules_schedule_e:77f64385f5afb5197bb1f1724449d196a7ebcfb9; raw_extractions:fec_api:schedules_schedule_e:276bb163346b1c604e4ba39a7bd5b79d23af621b; raw_extractions:fec_api:schedules_schedule_e:6800b3606ea1d1305afbd20807324a05af3ba473; raw_extractions:fec_api:schedules_schedule_e:03174e58bcff24077bac640eeb9b44fbed6a37d0; raw_extractions:fec_api:schedules_schedule_e:5049e0e20905f209c59faafadda6a195e4602265; raw_extractions:fec_api:schedules_schedule_e:52dc6e3a36c32cc5fe8727a218db2ed3e0aa6e09; ... (+181 more),raw_extractions_payload_scan_union_all_payloads_profiled_first_n_rows_across_feed
fec_api_schedule_e_json,election_type,yes,,raw_extractions.payload_json; fec_schedule_e_independent_expenditures.*,yes,database/federal_fec.py; webapp/routes/main.py; webapp/routes/federal_finance.py; scripts/newsroom_queries.py,,,Keep full raw payload retention and structured projection tests aligned.,69,no,0.00157,G2018 | P2018 | G2022,raw_extractions:fec_api:schedules_schedule_e:5ff290387436b35d8ea2c20f9dd9e9942e0262ac; raw_extractions:fec_api:schedules_schedule_e:555c501902c4a57d6e2073a93decf59d30907f12; raw_extractions:fec_api:schedules_schedule_e:25de5e68561efe42a454cc88af0b9b0ec8f6396d; raw_extractions:fec_api:schedules_schedule_e:97d8533181eba581850f2965db3e33158d0402c9; raw_extractions:fec_api:schedules_schedule_e:89157d0eaa848ee3843a827ba46b65f1049ad788; raw_extractions:fec_api:schedules_schedule_e:1f7a39266fd8cd1c906b956cb971e4ec6c379c3d; raw_extractions:fec_api:schedules_schedule_e:77f64385f5afb5197bb1f1724449d196a7ebcfb9; raw_extractions:fec_api:schedules_schedule_e:276bb163346b1c604e4ba39a7bd5b79d23af621b; raw_extractions:fec_api:schedules_schedule_e:6800b3606ea1d1305afbd20807324a05af3ba473; raw_extractions:fec_api:schedules_schedule_e:03174e58bcff24077bac640eeb9b44fbed6a37d0; raw_extractions:fec_api:schedules_schedule_e:5049e0e20905f209c59faafadda6a195e4602265; raw_extractions:fec_api:schedules_schedule_e:52dc6e3a36c32cc5fe8727a218db2ed3e0aa6e09; ... (+181 more),raw_extractions_payload_scan_union_all_payloads_profiled_first_n_rows_across_feed
fec_api_schedule_e_json,election_type_full,yes,,raw_extractions.payload_json; fec_schedule_e_independent_expenditures.*,yes,database/federal_fec.py; webapp/routes/main.py; webapp/routes/federal_finance.py; scripts/newsroom_queries.py,,,Keep full raw payload retention and structured projection tests aligned.,69,no,0.902688,GENERAL | PRIMARY | SPECIAL-PRIMARY,raw_extractions:fec_api:schedules_schedule_e:5ff290387436b35d8ea2c20f9dd9e9942e0262ac; raw_extractions:fec_api:schedules_schedule_e:555c501902c4a57d6e2073a93decf59d30907f12; raw_extractions:fec_api:schedules_schedule_e:25de5e68561efe42a454cc88af0b9b0ec8f6396d; raw_extractions:fec_api:schedules_schedule_e:97d8533181eba581850f2965db3e33158d0402c9; raw_extractions:fec_api:schedules_schedule_e:89157d0eaa848ee3843a827ba46b65f1049ad788; raw_extractions:fec_api:schedules_schedule_e:1f7a39266fd8cd1c906b956cb971e4ec6c379c3d; raw_extractions:fec_api:schedules_schedule_e:77f64385f5afb5197bb1f1724449d196a7ebcfb9; raw_extractions:fec_api:schedules_schedule_e:276bb163346b1c604e4ba39a7bd5b79d23af621b; raw_extractions:fec_api:schedules_schedule_e:6800b3606ea1d1305afbd20807324a05af3ba473; raw_extractions:fec_api:schedules_schedule_e:03174e58bcff24077bac640eeb9b44fbed6a37d0; raw_extractions:fec_api:schedules_schedule_e:5049e0e20905f209c59faafadda6a195e4602265; raw_extractions:fec_api:schedules_schedule_e:52dc6e3a36c32cc5fe8727a218db2ed3e0aa6e09; ... (+181 more),raw_extractions_payload_scan_union_all_payloads_profiled_first_n_rows_across_feed
fec_api_schedule_e_json,expenditure_amount,yes,,raw_extractions.payload_json; fec_schedule_e_independent_expenditures.*,yes,database/federal_fec.py; webapp/routes/main.py; webapp/routes/federal_finance.py; scripts/newsroom_queries.py,,,Keep full raw payload retention and structured projection tests aligned.,69,no,0.000392,10731.39 | 245.45 | 11.11,raw_extractions:fec_api:schedules_schedule_e:5ff290387436b35d8ea2c20f9dd9e9942e0262ac; raw_extractions:fec_api:schedules_schedule_e:555c501902c4a57d6e2073a93decf59d30907f12; raw_extractions:fec_api:schedules_schedule_e:25de5e68561efe42a454cc88af0b9b0ec8f6396d; raw_extractions:fec_api:schedules_schedule_e:97d8533181eba581850f2965db3e33158d0402c9; raw_extractions:fec_api:schedules_schedule_e:89157d0eaa848ee3843a827ba46b65f1049ad788; raw_extractions:fec_api:schedules_schedule_e:1f7a39266fd8cd1c906b956cb971e4ec6c379c3d; raw_extractions:fec_api:schedules_schedule_e:77f64385f5afb5197bb1f1724449d196a7ebcfb9; raw_extractions:fec_api:schedules_schedule_e:276bb163346b1c604e4ba39a7bd5b79d23af621b; raw_extractions:fec_api:schedules_schedule_e:6800b3606ea1d1305afbd20807324a05af3ba473; raw_extractions:fec_api:schedules_schedule_e:03174e58bcff24077bac640eeb9b44fbed6a37d0; raw_extractions:fec_api:schedules_schedule_e:5049e0e20905f209c59faafadda6a195e4602265; raw_extractions:fec_api:schedules_schedule_e:52dc6e3a36c32cc5fe8727a218db2ed3e0aa6e09; ... (+181 more),raw_extractions_payload_scan_union_all_payloads_profiled_first_n_rows_across_feed
fec_api_schedule_e_json,expenditure_date,yes,,raw_extractions.payload_json; fec_schedule_e_independent_expenditures.*,yes,database/federal_fec.py; webapp/routes/main.py; webapp/routes/federal_finance.py; scripts/newsroom_queries.py,,,Keep full raw payload retention and structured projection tests aligned.,69,no,0.0,2018-09-27 | 2018-09-26 | 2018-09-25,raw_extractions:fec_api:schedules_schedule_e:5ff290387436b35d8ea2c20f9dd9e9942e0262ac; raw_extractions:fec_api:schedules_schedule_e:555c501902c4a57d6e2073a93decf59d30907f12; raw_extractions:fec_api:schedules_schedule_e:25de5e68561efe42a454cc88af0b9b0ec8f6396d; raw_extractions:fec_api:schedules_schedule_e:97d8533181eba581850f2965db3e33158d0402c9; raw_extractions:fec_api:schedules_schedule_e:89157d0eaa848ee3843a827ba46b65f1049ad788; raw_extractions:fec_api:schedules_schedule_e:1f7a39266fd8cd1c906b956cb971e4ec6c379c3d; raw_extractions:fec_api:schedules_schedule_e:77f64385f5afb5197bb1f1724449d196a7ebcfb9; raw_extractions:fec_api:schedules_schedule_e:276bb163346b1c604e4ba39a7bd5b79d23af621b; raw_extractions:fec_api:schedules_schedule_e:6800b3606ea1d1305afbd20807324a05af3ba473; raw_extractions:fec_api:schedules_schedule_e:03174e58bcff24077bac640eeb9b44fbed6a37d0; raw_extractions:fec_api:schedules_schedule_e:5049e0e20905f209c59faafadda6a195e4602265; raw_extractions:fec_api:schedules_schedule_e:52dc6e3a36c32cc5fe8727a218db2ed3e0aa6e09; ... (+181 more),raw_extractions_payload_scan_union_all_payloads_profiled_first_n_rows_across_feed
fec_api_schedule_e_json,expenditure_description,yes,,raw_extractions.payload_json; fec_schedule_e_independent_expenditures.*,yes,database/federal_fec.py; webapp/routes/main.py; webapp/routes/federal_finance.py; scripts/newsroom_queries.py,,,Keep full raw payload retention and structured projection tests aligned.,69,no,0.0,MAILHOUSE | TEXT MESSAGES | ADVERTISING,raw_extractions:fec_api:schedules_schedule_e:5ff290387436b35d8ea2c20f9dd9e9942e0262ac; raw_extractions:fec_api:schedules_schedule_e:555c501902c4a57d6e2073a93decf59d30907f12; raw_extractions:fec_api:schedules_schedule_e:25de5e68561efe42a454cc88af0b9b0ec8f6396d; raw_extractions:fec_api:schedules_schedule_e:97d8533181eba581850f2965db3e33158d0402c9; raw_extractions:fec_api:schedules_schedule_e:89157d0eaa848ee3843a827ba46b65f1049ad788; raw_extractions:fec_api:schedules_schedule_e:1f7a39266fd8cd1c906b956cb971e4ec6c379c3d; raw_extractions:fec_api:schedules_schedule_e:77f64385f5afb5197bb1f1724449d196a7ebcfb9; raw_extractions:fec_api:schedules_schedule_e:276bb163346b1c604e4ba39a7bd5b79d23af621b; raw_extractions:fec_api:schedules_schedule_e:6800b3606ea1d1305afbd20807324a05af3ba473; raw_extractions:fec_api:schedules_schedule_e:03174e58bcff24077bac640eeb9b44fbed6a37d0; raw_extractions:fec_api:schedules_schedule_e:5049e0e20905f209c59faafadda6a195e4602265; raw_extractions:fec_api:schedules_schedule_e:52dc6e3a36c32cc5fe8727a218db2ed3e0aa6e09; ... (+181 more),raw_extractions_payload_scan_union_all_payloads_profiled_first_n_rows_across_feed
fec_api_schedule_e_json,file_number,yes,,raw_extractions.payload_json,no,,database/federal_fec.py:1523,explicitly excluded (not projected into structured FEC table),"Add explicit projection mapping if this key is needed downstream, or document intentional exclusion.",69,no,0.00157,1264593 | 1273201 | 1278749,raw_extractions:fec_api:schedules_schedule_e:5ff290387436b35d8ea2c20f9dd9e9942e0262ac; raw_extractions:fec_api:schedules_schedule_e:555c501902c4a57d6e2073a93decf59d30907f12; raw_extractions:fec_api:schedules_schedule_e:25de5e68561efe42a454cc88af0b9b0ec8f6396d; raw_extractions:fec_api:schedules_schedule_e:97d8533181eba581850f2965db3e33158d0402c9; raw_extractions:fec_api:schedules_schedule_e:89157d0eaa848ee3843a827ba46b65f1049ad788; raw_extractions:fec_api:schedules_schedule_e:1f7a39266fd8cd1c906b956cb971e4ec6c379c3d; raw_extractions:fec_api:schedules_schedule_e:77f64385f5afb5197bb1f1724449d196a7ebcfb9; raw_extractions:fec_api:schedules_schedule_e:276bb163346b1c604e4ba39a7bd5b79d23af621b; raw_extractions:fec_api:schedules_schedule_e:6800b3606ea1d1305afbd20807324a05af3ba473; raw_extractions:fec_api:schedules_schedule_e:03174e58bcff24077bac640eeb9b44fbed6a37d0; raw_extractions:fec_api:schedules_schedule_e:5049e0e20905f209c59faafadda6a195e4602265; raw_extractions:fec_api:schedules_schedule_e:52dc6e3a36c32cc5fe8727a218db2ed3e0aa6e09; ... (+181 more),raw_extractions_payload_scan_union_all_payloads_profiled_first_n_rows_across_feed
fec_api_schedule_e_json,filer_first_name,yes,,raw_extractions.payload_json,no,,database/federal_fec.py:1523,explicitly excluded (not projected into structured FEC table),"Add explicit projection mapping if this key is needed downstream, or document intentional exclusion.",69,no,0.104179,CAROLINE | TOM | SABRINA,raw_extractions:fec_api:schedules_schedule_e:5ff290387436b35d8ea2c20f9dd9e9942e0262ac; raw_extractions:fec_api:schedules_schedule_e:555c501902c4a57d6e2073a93decf59d30907f12; raw_extractions:fec_api:schedules_schedule_e:25de5e68561efe42a454cc88af0b9b0ec8f6396d; raw_extractions:fec_api:schedules_schedule_e:97d8533181eba581850f2965db3e33158d0402c9; raw_extractions:fec_api:schedules_schedule_e:89157d0eaa848ee3843a827ba46b65f1049ad788; raw_extractions:fec_api:schedules_schedule_e:1f7a39266fd8cd1c906b956cb971e4ec6c379c3d; raw_extractions:fec_api:schedules_schedule_e:77f64385f5afb5197bb1f1724449d196a7ebcfb9; raw_extractions:fec_api:schedules_schedule_e:276bb163346b1c604e4ba39a7bd5b79d23af621b; raw_extractions:fec_api:schedules_schedule_e:6800b3606ea1d1305afbd20807324a05af3ba473; raw_extractions:fec_api:schedules_schedule_e:03174e58bcff24077bac640eeb9b44fbed6a37d0; raw_extractions:fec_api:schedules_schedule_e:5049e0e20905f209c59faafadda6a195e4602265; raw_extractions:fec_api:schedules_schedule_e:52dc6e3a36c32cc5fe8727a218db2ed3e0aa6e09; ... (+181 more),raw_extractions_payload_scan_union_all_payloads_profiled_first_n_rows_across_feed
fec_api_schedule_e_json,filer_last_name,yes,,raw_extractions.payload_json,no,,database/federal_fec.py:1523,explicitly excluded (not projected into structured FEC table),"Add explicit projection mapping if this key is needed downstream, or document intentional exclusion.",69,no,0.104375,FINES | MATZZIE | TINES,raw_extractions:fec_api:schedules_schedule_e:5ff290387436b35d8ea2c20f9dd9e9942e0262ac; raw_extractions:fec_api:schedules_schedule_e:555c501902c4a57d6e2073a93decf59d30907f12; raw_extractions:fec_api:schedules_schedule_e:25de5e68561efe42a454cc88af0b9b0ec8f6396d; raw_extractions:fec_api:schedules_schedule_e:97d8533181eba581850f2965db3e33158d0402c9; raw_extractions:fec_api:schedules_schedule_e:89157d0eaa848ee3843a827ba46b65f1049ad788; raw_extractions:fec_api:schedules_schedule_e:1f7a39266fd8cd1c906b956cb971e4ec6c379c3d; raw_extractions:fec_api:schedules_schedule_e:77f64385f5afb5197bb1f1724449d196a7ebcfb9; raw_extractions:fec_api:schedules_schedule_e:276bb163346b1c604e4ba39a7bd5b79d23af621b; raw_extractions:fec_api:schedules_schedule_e:6800b3606ea1d1305afbd20807324a05af3ba473; raw_extractions:fec_api:schedules_schedule_e:03174e58bcff24077bac640eeb9b44fbed6a37d0; raw_extractions:fec_api:schedules_schedule_e:5049e0e20905f209c59faafadda6a195e4602265; raw_extractions:fec_api:schedules_schedule_e:52dc6e3a36c32cc5fe8727a218db2ed3e0aa6e09; ... (+181 more),raw_extractions_payload_scan_union_all_payloads_profiled_first_n_rows_across_feed
fec_api_schedule_e_json,filer_middle_name,yes,,raw_extractions.payload_json,no,,database/federal_fec.py:1523,explicitly excluded (not projected into structured FEC table),"Add explicit projection mapping if this key is needed downstream, or document intentional exclusion.",69,no,0.81754,M. | A | S.,raw_extractions:fec_api:schedules_schedule_e:5ff290387436b35d8ea2c20f9dd9e9942e0262ac; raw_extractions:fec_api:schedules_schedule_e:555c501902c4a57d6e2073a93decf59d30907f12; raw_extractions:fec_api:schedules_schedule_e:25de5e68561efe42a454cc88af0b9b0ec8f6396d; raw_extractions:fec_api:schedules_schedule_e:97d8533181eba581850f2965db3e33158d0402c9; raw_extractions:fec_api:schedules_schedule_e:89157d0eaa848ee3843a827ba46b65f1049ad788; raw_extractions:fec_api:schedules_schedule_e:1f7a39266fd8cd1c906b956cb971e4ec6c379c3d; raw_extractions:fec_api:schedules_schedule_e:77f64385f5afb5197bb1f1724449d196a7ebcfb9; raw_extractions:fec_api:schedules_schedule_e:276bb163346b1c604e4ba39a7bd5b79d23af621b; raw_extractions:fec_api:schedules_schedule_e:6800b3606ea1d1305afbd20807324a05af3ba473; raw_extractions:fec_api:schedules_schedule_e:03174e58bcff24077bac640eeb9b44fbed6a37d0; raw_extractions:fec_api:schedules_schedule_e:5049e0e20905f209c59faafadda6a195e4602265; raw_extractions:fec_api:schedules_schedule_e:52dc6e3a36c32cc5fe8727a218db2ed3e0aa6e09; ... (+181 more),raw_extractions_payload_scan_union_all_payloads_profiled_first_n_rows_across_feed
fec_api_schedule_e_json,filer_prefix,yes,,raw_extractions.payload_json,no,,database/federal_fec.py:1523,explicitly excluded (not projected into structured FEC table),"Add explicit projection mapping if this key is needed downstream, or document intentional exclusion.",69,no,0.99176,ROBERT | MR. | DR.,raw_extractions:fec_api:schedules_schedule_e:5ff290387436b35d8ea2c20f9dd9e9942e0262ac; raw_extractions:fec_api:schedules_schedule_e:555c501902c4a57d6e2073a93decf59d30907f12; raw_extractions:fec_api:schedules_schedule_e:25de5e68561efe42a454cc88af0b9b0ec8f6396d; raw_extractions:fec_api:schedules_schedule_e:97d8533181eba581850f2965db3e33158d0402c9; raw_extractions:fec_api:schedules_schedule_e:89157d0eaa848ee3843a827ba46b65f1049ad788; raw_extractions:fec_api:schedules_schedule_e:1f7a39266fd8cd1c906b956cb971e4ec6c379c3d; raw_extractions:fec_api:schedules_schedule_e:77f64385f5afb5197bb1f1724449d196a7ebcfb9; raw_extractions:fec_api:schedules_schedule_e:276bb163346b1c604e4ba39a7bd5b79d23af621b; raw_extractions:fec_api:schedules_schedule_e:6800b3606ea1d1305afbd20807324a05af3ba473; raw_extractions:fec_api:schedules_schedule_e:03174e58bcff24077bac640eeb9b44fbed6a37d0; raw_extractions:fec_api:schedules_schedule_e:5049e0e20905f209c59faafadda6a195e4602265; raw_extractions:fec_api:schedules_schedule_e:52dc6e3a36c32cc5fe8727a218db2ed3e0aa6e09; ... (+181 more),raw_extractions_payload_scan_union_all_payloads_profiled_first_n_rows_across_feed
fec_api_schedule_e_json,filer_suffix,yes,,raw_extractions.payload_json,no,,database/federal_fec.py:1523,explicitly excluded (not projected into structured FEC table),"Add explicit projection mapping if this key is needed downstream, or document intentional exclusion.",69,no,0.994114,TREASURER | ESQ. | JR,raw_extractions:fec_api:schedules_schedule_e:5ff290387436b35d8ea2c20f9dd9e9942e0262ac; raw_extractions:fec_api:schedules_schedule_e:555c501902c4a57d6e2073a93decf59d30907f12; raw_extractions:fec_api:schedules_schedule_e:25de5e68561efe42a454cc88af0b9b0ec8f6396d; raw_extractions:fec_api:schedules_schedule_e:97d8533181eba581850f2965db3e33158d0402c9; raw_extractions:fec_api:schedules_schedule_e:89157d0eaa848ee3843a827ba46b65f1049ad788; raw_extractions:fec_api:schedules_schedule_e:1f7a39266fd8cd1c906b956cb971e4ec6c379c3d; raw_extractions:fec_api:schedules_schedule_e:77f64385f5afb5197bb1f1724449d196a7ebcfb9; raw_extractions:fec_api:schedules_schedule_e:276bb163346b1c604e4ba39a7bd5b79d23af621b; raw_extractions:fec_api:schedules_schedule_e:6800b3606ea1d1305afbd20807324a05af3ba473; raw_extractions:fec_api:schedules_schedule_e:03174e58bcff24077bac640eeb9b44fbed6a37d0; raw_extractions:fec_api:schedules_schedule_e:5049e0e20905f209c59faafadda6a195e4602265; raw_extractions:fec_api:schedules_schedule_e:52dc6e3a36c32cc5fe8727a218db2ed3e0aa6e09; ... (+181 more),raw_extractions_payload_scan_union_all_payloads_profiled_first_n_rows_across_feed
fec_api_schedule_e_json,filing_date,yes,,raw_extractions.payload_json; fec_schedule_e_independent_expenditures.*,yes,database/federal_fec.py; webapp/routes/main.py; webapp/routes/federal_finance.py; scripts/newsroom_queries.py,,,Keep full raw payload retention and structured projection tests aligned.,69,no,0.0,2018-10-01 | 2018-10-15 | 2018-10-23,raw_extractions:fec_api:schedules_schedule_e:5ff290387436b35d8ea2c20f9dd9e9942e0262ac; raw_extractions:fec_api:schedules_schedule_e:555c501902c4a57d6e2073a93decf59d30907f12; raw_extractions:fec_api:schedules_schedule_e:25de5e68561efe42a454cc88af0b9b0ec8f6396d; raw_extractions:fec_api:schedules_schedule_e:97d8533181eba581850f2965db3e33158d0402c9; raw_extractions:fec_api:schedules_schedule_e:89157d0eaa848ee3843a827ba46b65f1049ad788; raw_extractions:fec_api:schedules_schedule_e:1f7a39266fd8cd1c906b956cb971e4ec6c379c3d; raw_extractions:fec_api:schedules_schedule_e:77f64385f5afb5197bb1f1724449d196a7ebcfb9; raw_extractions:fec_api:schedules_schedule_e:276bb163346b1c604e4ba39a7bd5b79d23af621b; raw_extractions:fec_api:schedules_schedule_e:6800b3606ea1d1305afbd20807324a05af3ba473; raw_extractions:fec_api:schedules_schedule_e:03174e58bcff24077bac640eeb9b44fbed6a37d0; raw_extractions:fec_api:schedules_schedule_e:5049e0e20905f209c59faafadda6a195e4602265; raw_extractions:fec_api:schedules_schedule_e:52dc6e3a36c32cc5fe8727a218db2ed3e0aa6e09; ... (+181 more),raw_extractions_payload_scan_union_all_payloads_profiled_first_n_rows_across_feed
fec_api_schedule_e_json,filing_form,yes,,raw_extractions.payload_json,no,,database/federal_fec.py:1523,explicitly excluded (not projected into structured FEC table),"Add explicit projection mapping if this key is needed downstream, or document intentional exclusion.",69,no,0.0,F24 | F5 | F3X,raw_extractions:fec_api:schedules_schedule_e:5ff290387436b35d8ea2c20f9dd9e9942e0262ac; raw_extractions:fec_api:schedules_schedule_e:555c501902c4a57d6e2073a93decf59d30907f12; raw_extractions:fec_api:schedules_schedule_e:25de5e68561efe42a454cc88af0b9b0ec8f6396d; raw_extractions:fec_api:schedules_schedule_e:97d8533181eba581850f2965db3e33158d0402c9; raw_extractions:fec_api:schedules_schedule_e:89157d0eaa848ee3843a827ba46b65f1049ad788; raw_extractions:fec_api:schedules_schedule_e:1f7a39266fd8cd1c906b956cb971e4ec6c379c3d; raw_extractions:fec_api:schedules_schedule_e:77f64385f5afb5197bb1f1724449d196a7ebcfb9; raw_extractions:fec_api:schedules_schedule_e:276bb163346b1c604e4ba39a7bd5b79d23af621b; raw_extractions:fec_api:schedules_schedule_e:6800b3606ea1d1305afbd20807324a05af3ba473; raw_extractions:fec_api:schedules_schedule_e:03174e58bcff24077bac640eeb9b44fbed6a37d0; raw_extractions:fec_api:schedules_schedule_e:5049e0e20905f209c59faafadda6a195e4602265; raw_extractions:fec_api:schedules_schedule_e:52dc6e3a36c32cc5fe8727a218db2ed3e0aa6e09; ... (+181 more),raw_extractions_payload_scan_union_all_payloads_profiled_first_n_rows_across_feed
fec_api_schedule_e_json,form_line_number,yes,,raw_extractions.payload_json; fec_schedule_e_independent_expenditures.*,yes,database/federal_fec.py; webapp/routes/main.py; webapp/routes/federal_finance.py; scripts/newsroom_queries.py,,,Keep full raw payload retention and structured projection tests aligned.,69,no,0.102806,F24-24 | F3X-24 | F5-24,raw_extractions:fec_api:schedules_schedule_e:5ff290387436b35d8ea2c20f9dd9e9942e0262ac; raw_extractions:fec_api:schedules_schedule_e:555c501902c4a57d6e2073a93decf59d30907f12; raw_extractions:fec_api:schedules_schedule_e:25de5e68561efe42a454cc88af0b9b0ec8f6396d; raw_extractions:fec_api:schedules_schedule_e:97d8533181eba581850f2965db3e33158d0402c9; raw_extractions:fec_api:schedules_schedule_e:89157d0eaa848ee3843a827ba46b65f1049ad788; raw_extractions:fec_api:schedules_schedule_e:1f7a39266fd8cd1c906b956cb971e4ec6c379c3d; raw_extractions:fec_api:schedules_schedule_e:77f64385f5afb5197bb1f1724449d196a7ebcfb9; raw_extractions:fec_api:schedules_schedule_e:276bb163346b1c604e4ba39a7bd5b79d23af621b; raw_extractions:fec_api:schedules_schedule_e:6800b3606ea1d1305afbd20807324a05af3ba473; raw_extractions:fec_api:schedules_schedule_e:03174e58bcff24077bac640eeb9b44fbed6a37d0; raw_extractions:fec_api:schedules_schedule_e:5049e0e20905f209c59faafadda6a195e4602265; raw_extractions:fec_api:schedules_schedule_e:52dc6e3a36c32cc5fe8727a218db2ed3e0aa6e09; ... (+181 more),raw_extractions_payload_scan_union_all_payloads_profiled_first_n_rows_across_feed
fec_api_schedule_e_json,image_number,yes,,raw_extractions.payload_json; fec_schedule_e_independent_expenditures.*,yes,database/federal_fec.py; webapp/routes/main.py; webapp/routes/federal_finance.py; scripts/newsroom_queries.py,,,Keep full raw payload retention and structured projection tests aligned.,69,no,0.0,201810019124270255 | 201810159125495776 | 201810239130801783,raw_extractions:fec_api:schedules_schedule_e:5ff290387436b35d8ea2c20f9dd9e9942e0262ac; raw_extractions:fec_api:schedules_schedule_e:555c501902c4a57d6e2073a93decf59d30907f12; raw_extractions:fec_api:schedules_schedule_e:25de5e68561efe42a454cc88af0b9b0ec8f6396d; raw_extractions:fec_api:schedules_schedule_e:97d8533181eba581850f2965db3e33158d0402c9; raw_extractions:fec_api:schedules_schedule_e:89157d0eaa848ee3843a827ba46b65f1049ad788; raw_extractions:fec_api:schedules_schedule_e:1f7a39266fd8cd1c906b956cb971e4ec6c379c3d; raw_extractions:fec_api:schedules_schedule_e:77f64385f5afb5197bb1f1724449d196a7ebcfb9; raw_extractions:fec_api:schedules_schedule_e:276bb163346b1c604e4ba39a7bd5b79d23af621b; raw_extractions:fec_api:schedules_schedule_e:6800b3606ea1d1305afbd20807324a05af3ba473; raw_extractions:fec_api:schedules_schedule_e:03174e58bcff24077bac640eeb9b44fbed6a37d0; raw_extractions:fec_api:schedules_schedule_e:5049e0e20905f209c59faafadda6a195e4602265; raw_extractions:fec_api:schedules_schedule_e:52dc6e3a36c32cc5fe8727a218db2ed3e0aa6e09; ... (+181 more),raw_extractions_payload_scan_union_all_payloads_profiled_first_n_rows_across_feed
fec_api_schedule_e_json,independent_sign_date,yes,,raw_extractions.payload_json,no,,database/federal_fec.py:1523,explicitly excluded (not projected into structured FEC table),"Add explicit projection mapping if this key is needed downstream, or document intentional exclusion.",69,no,0.086914,2018-10-01 | 2018-10-14 | 2018-09-25,raw_extractions:fec_api:schedules_schedule_e:5ff290387436b35d8ea2c20f9dd9e9942e0262ac; raw_extractions:fec_api:schedules_schedule_e:555c501902c4a57d6e2073a93decf59d30907f12; raw_extractions:fec_api:schedules_schedule_e:25de5e68561efe42a454cc88af0b9b0ec8f6396d; raw_extractions:fec_api:schedules_schedule_e:97d8533181eba581850f2965db3e33158d0402c9; raw_extractions:fec_api:schedules_schedule_e:89157d0eaa848ee3843a827ba46b65f1049ad788; raw_extractions:fec_api:schedules_schedule_e:1f7a39266fd8cd1c906b956cb971e4ec6c379c3d; raw_extractions:fec_api:schedules_schedule_e:77f64385f5afb5197bb1f1724449d196a7ebcfb9; raw_extractions:fec_api:schedules_schedule_e:276bb163346b1c604e4ba39a7bd5b79d23af621b; raw_extractions:fec_api:schedules_schedule_e:6800b3606ea1d1305afbd20807324a05af3ba473; raw_extractions:fec_api:schedules_schedule_e:03174e58bcff24077bac640eeb9b44fbed6a37d0; raw_extractions:fec_api:schedules_schedule_e:5049e0e20905f209c59faafadda6a195e4602265; raw_extractions:fec_api:schedules_schedule_e:52dc6e3a36c32cc5fe8727a218db2ed3e0aa6e09; ... (+181 more),raw_extractions_payload_scan_union_all_payloads_profiled_first_n_rows_across_feed
fec_api_schedule_e_json,independent_sign_name,yes,,raw_extractions.payload_json,no,,database/federal_fec.py:1523,explicitly excluded (not projected into structured FEC table),"Add explicit projection mapping if this key is needed downstream, or document intentional exclusion.",69,no,0.086718,"FINES, CAROLINE | MATZZIE, TOM | TINES, SABRINA",raw_extractions:fec_api:schedules_schedule_e:5ff290387436b35d8ea2c20f9dd9e9942e0262ac; raw_extractions:fec_api:schedules_schedule_e:555c501902c4a57d6e2073a93decf59d30907f12; raw_extractions:fec_api:schedules_schedule_e:25de5e68561efe42a454cc88af0b9b0ec8f6396d; raw_extractions:fec_api:schedules_schedule_e:97d8533181eba581850f2965db3e33158d0402c9; raw_extractions:fec_api:schedules_schedule_e:89157d0eaa848ee3843a827ba46b65f1049ad788; raw_extractions:fec_api:schedules_schedule_e:1f7a39266fd8cd1c906b956cb971e4ec6c379c3d; raw_extractions:fec_api:schedules_schedule_e:77f64385f5afb5197bb1f1724449d196a7ebcfb9; raw_extractions:fec_api:schedules_schedule_e:276bb163346b1c604e4ba39a7bd5b79d23af621b; raw_extractions:fec_api:schedules_schedule_e:6800b3606ea1d1305afbd20807324a05af3ba473; raw_extractions:fec_api:schedules_schedule_e:03174e58bcff24077bac640eeb9b44fbed6a37d0; raw_extractions:fec_api:schedules_schedule_e:5049e0e20905f209c59faafadda6a195e4602265; raw_extractions:fec_api:schedules_schedule_e:52dc6e3a36c32cc5fe8727a218db2ed3e0aa6e09; ... (+181 more),raw_extractions_payload_scan_union_all_payloads_profiled_first_n_rows_across_feed
fec_api_schedule_e_json,is_notice,yes,,raw_extractions.payload_json,no,,database/federal_fec.py:1523,explicitly excluded (not projected into structured FEC table),"Add explicit projection mapping if this key is needed downstream, or document intentional exclusion.",69,no,0.0,True | False,raw_extractions:fec_api:schedules_schedule_e:5ff290387436b35d8ea2c20f9dd9e9942e0262ac; raw_extractions:fec_api:schedules_schedule_e:555c501902c4a57d6e2073a93decf59d30907f12; raw_extractions:fec_api:schedules_schedule_e:25de5e68561efe42a454cc88af0b9b0ec8f6396d; raw_extractions:fec_api:schedules_schedule_e:97d8533181eba581850f2965db3e33158d0402c9; raw_extractions:fec_api:schedules_schedule_e:89157d0eaa848ee3843a827ba46b65f1049ad788; raw_extractions:fec_api:schedules_schedule_e:1f7a39266fd8cd1c906b956cb971e4ec6c379c3d; raw_extractions:fec_api:schedules_schedule_e:77f64385f5afb5197bb1f1724449d196a7ebcfb9; raw_extractions:fec_api:schedules_schedule_e:276bb163346b1c604e4ba39a7bd5b79d23af621b; raw_extractions:fec_api:schedules_schedule_e:6800b3606ea1d1305afbd20807324a05af3ba473; raw_extractions:fec_api:schedules_schedule_e:03174e58bcff24077bac640eeb9b44fbed6a37d0; raw_extractions:fec_api:schedules_schedule_e:5049e0e20905f209c59faafadda6a195e4602265; raw_extractions:fec_api:schedules_schedule_e:52dc6e3a36c32cc5fe8727a218db2ed3e0aa6e09; ... (+181 more),raw_extractions_payload_scan_union_all_payloads_profiled_first_n_rows_across_feed
fec_api_schedule_e_json,line_number,yes,,raw_extractions.payload_json; fec_schedule_e_independent_expenditures.*,yes,database/federal_fec.py; webapp/routes/main.py; webapp/routes/federal_finance.py; scripts/newsroom_queries.py,,,Keep full raw payload retention and structured projection tests aligned.,69,no,0.102806,24,raw_extractions:fec_api:schedules_schedule_e:5ff290387436b35d8ea2c20f9dd9e9942e0262ac; raw_extractions:fec_api:schedules_schedule_e:555c501902c4a57d6e2073a93decf59d30907f12; raw_extractions:fec_api:schedules_schedule_e:25de5e68561efe42a454cc88af0b9b0ec8f6396d; raw_extractions:fec_api:schedules_schedule_e:97d8533181eba581850f2965db3e33158d0402c9; raw_extractions:fec_api:schedules_schedule_e:89157d0eaa848ee3843a827ba46b65f1049ad788; raw_extractions:fec_api:schedules_schedule_e:1f7a39266fd8cd1c906b956cb971e4ec6c379c3d; raw_extractions:fec_api:schedules_schedule_e:77f64385f5afb5197bb1f1724449d196a7ebcfb9; raw_extractions:fec_api:schedules_schedule_e:276bb163346b1c604e4ba39a7bd5b79d23af621b; raw_extractions:fec_api:schedules_schedule_e:6800b3606ea1d1305afbd20807324a05af3ba473; raw_extractions:fec_api:schedules_schedule_e:03174e58bcff24077bac640eeb9b44fbed6a37d0; raw_extractions:fec_api:schedules_schedule_e:5049e0e20905f209c59faafadda6a195e4602265; raw_extractions:fec_api:schedules_schedule_e:52dc6e3a36c32cc5fe8727a218db2ed3e0aa6e09; ... (+181 more),raw_extractions_payload_scan_union_all_payloads_profiled_first_n_rows_across_feed
fec_api_schedule_e_json,link_id,yes,,raw_extractions.payload_json,no,,database/federal_fec.py:1523,explicitly excluded (not projected into structured FEC table),"Add explicit projection mapping if this key is needed downstream, or document intentional exclusion.",69,no,0.0,4100120181593006162 | 4101620181599435177 | 4102320181600406465,raw_extractions:fec_api:schedules_schedule_e:5ff290387436b35d8ea2c20f9dd9e9942e0262ac; raw_extractions:fec_api:schedules_schedule_e:555c501902c4a57d6e2073a93decf59d30907f12; raw_extractions:fec_api:schedules_schedule_e:25de5e68561efe42a454cc88af0b9b0ec8f6396d; raw_extractions:fec_api:schedules_schedule_e:97d8533181eba581850f2965db3e33158d0402c9; raw_extractions:fec_api:schedules_schedule_e:89157d0eaa848ee3843a827ba46b65f1049ad788; raw_extractions:fec_api:schedules_schedule_e:1f7a39266fd8cd1c906b956cb971e4ec6c379c3d; raw_extractions:fec_api:schedules_schedule_e:77f64385f5afb5197bb1f1724449d196a7ebcfb9; raw_extractions:fec_api:schedules_schedule_e:276bb163346b1c604e4ba39a7bd5b79d23af621b; raw_extractions:fec_api:schedules_schedule_e:6800b3606ea1d1305afbd20807324a05af3ba473; raw_extractions:fec_api:schedules_schedule_e:03174e58bcff24077bac640eeb9b44fbed6a37d0; raw_extractions:fec_api:schedules_schedule_e:5049e0e20905f209c59faafadda6a195e4602265; raw_extractions:fec_api:schedules_schedule_e:52dc6e3a36c32cc5fe8727a218db2ed3e0aa6e09; ... (+181 more),raw_extractions_payload_scan_union_all_payloads_profiled_first_n_rows_across_feed
fec_api_schedule_e_json,memo_code,yes,,raw_extractions.payload_json,no,,database/federal_fec.py:1523,explicitly excluded (not projected into structured FEC table),"Add explicit projection mapping if this key is needed downstream, or document intentional exclusion.",69,no,0.969786,X,raw_extractions:fec_api:schedules_schedule_e:5ff290387436b35d8ea2c20f9dd9e9942e0262ac; raw_extractions:fec_api:schedules_schedule_e:555c501902c4a57d6e2073a93decf59d30907f12; raw_extractions:fec_api:schedules_schedule_e:25de5e68561efe42a454cc88af0b9b0ec8f6396d; raw_extractions:fec_api:schedules_schedule_e:97d8533181eba581850f2965db3e33158d0402c9; raw_extractions:fec_api:schedules_schedule_e:89157d0eaa848ee3843a827ba46b65f1049ad788; raw_extractions:fec_api:schedules_schedule_e:1f7a39266fd8cd1c906b956cb971e4ec6c379c3d; raw_extractions:fec_api:schedules_schedule_e:77f64385f5afb5197bb1f1724449d196a7ebcfb9; raw_extractions:fec_api:schedules_schedule_e:276bb163346b1c604e4ba39a7bd5b79d23af621b; raw_extractions:fec_api:schedules_schedule_e:6800b3606ea1d1305afbd20807324a05af3ba473; raw_extractions:fec_api:schedules_schedule_e:03174e58bcff24077bac640eeb9b44fbed6a37d0; raw_extractions:fec_api:schedules_schedule_e:5049e0e20905f209c59faafadda6a195e4602265; raw_extractions:fec_api:schedules_schedule_e:52dc6e3a36c32cc5fe8727a218db2ed3e0aa6e09; ... (+181 more),raw_extractions_payload_scan_union_all_payloads_profiled_first_n_rows_across_feed
fec_api_schedule_e_json,memo_code_full,yes,,raw_extractions.payload_json,no,,database/federal_fec.py:1523,explicitly excluded (not projected into structured FEC table),"Add explicit projection mapping if this key is needed downstream, or document intentional exclusion.",69,no,1.0,,raw_extractions:fec_api:schedules_schedule_e:5ff290387436b35d8ea2c20f9dd9e9942e0262ac; raw_extractions:fec_api:schedules_schedule_e:555c501902c4a57d6e2073a93decf59d30907f12; raw_extractions:fec_api:schedules_schedule_e:25de5e68561efe42a454cc88af0b9b0ec8f6396d; raw_extractions:fec_api:schedules_schedule_e:97d8533181eba581850f2965db3e33158d0402c9; raw_extractions:fec_api:schedules_schedule_e:89157d0eaa848ee3843a827ba46b65f1049ad788; raw_extractions:fec_api:schedules_schedule_e:1f7a39266fd8cd1c906b956cb971e4ec6c379c3d; raw_extractions:fec_api:schedules_schedule_e:77f64385f5afb5197bb1f1724449d196a7ebcfb9; raw_extractions:fec_api:schedules_schedule_e:276bb163346b1c604e4ba39a7bd5b79d23af621b; raw_extractions:fec_api:schedules_schedule_e:6800b3606ea1d1305afbd20807324a05af3ba473; raw_extractions:fec_api:schedules_schedule_e:03174e58bcff24077bac640eeb9b44fbed6a37d0; raw_extractions:fec_api:schedules_schedule_e:5049e0e20905f209c59faafadda6a195e4602265; raw_extractions:fec_api:schedules_schedule_e:52dc6e3a36c32cc5fe8727a218db2ed3e0aa6e09; ... (+181 more),raw_extractions_payload_scan_union_all_payloads_profiled_first_n_rows_across_feed
fec_api_schedule_e_json,memo_text,yes,,raw_extractions.payload_json; fec_schedule_e_independent_expenditures.*,yes,database/federal_fec.py; webapp/routes/main.py; webapp/routes/federal_finance.py; scripts/newsroom_queries.py,,,Keep full raw payload retention and structured projection tests aligned.,69,no,0.942319,"VENDOR: IN-HOUSE PRINTING, HRC | * | NON-CONTRIBUTION ACCOUNT",raw_extractions:fec_api:schedules_schedule_e:5ff290387436b35d8ea2c20f9dd9e9942e0262ac; raw_extractions:fec_api:schedules_schedule_e:555c501902c4a57d6e2073a93decf59d30907f12; raw_extractions:fec_api:schedules_schedule_e:25de5e68561efe42a454cc88af0b9b0ec8f6396d; raw_extractions:fec_api:schedules_schedule_e:97d8533181eba581850f2965db3e33158d0402c9; raw_extractions:fec_api:schedules_schedule_e:89157d0eaa848ee3843a827ba46b65f1049ad788; raw_extractions:fec_api:schedules_schedule_e:1f7a39266fd8cd1c906b956cb971e4ec6c379c3d; raw_extractions:fec_api:schedules_schedule_e:77f64385f5afb5197bb1f1724449d196a7ebcfb9; raw_extractions:fec_api:schedules_schedule_e:276bb163346b1c604e4ba39a7bd5b79d23af621b; raw_extractions:fec_api:schedules_schedule_e:6800b3606ea1d1305afbd20807324a05af3ba473; raw_extractions:fec_api:schedules_schedule_e:03174e58bcff24077bac640eeb9b44fbed6a37d0; raw_extractions:fec_api:schedules_schedule_e:5049e0e20905f209c59faafadda6a195e4602265; raw_extractions:fec_api:schedules_schedule_e:52dc6e3a36c32cc5fe8727a218db2ed3e0aa6e09; ... (+181 more),raw_extractions_payload_scan_union_all_payloads_profiled_first_n_rows_across_feed
fec_api_schedule_e_json,memoed_subtotal,yes,,raw_extractions.payload_json,no,,database/federal_fec.py:1523,explicitly excluded (not projected into structured FEC table),"Add explicit projection mapping if this key is needed downstream, or document intentional exclusion.",69,no,0.0,False | True,raw_extractions:fec_api:schedules_schedule_e:5ff290387436b35d8ea2c20f9dd9e9942e0262ac; raw_extractions:fec_api:schedules_schedule_e:555c501902c4a57d6e2073a93decf59d30907f12; raw_extractions:fec_api:schedules_schedule_e:25de5e68561efe42a454cc88af0b9b0ec8f6396d; raw_extractions:fec_api:schedules_schedule_e:97d8533181eba581850f2965db3e33158d0402c9; raw_extractions:fec_api:schedules_schedule_e:89157d0eaa848ee3843a827ba46b65f1049ad788; raw_extractions:fec_api:schedules_schedule_e:1f7a39266fd8cd1c906b956cb971e4ec6c379c3d; raw_extractions:fec_api:schedules_schedule_e:77f64385f5afb5197bb1f1724449d196a7ebcfb9; raw_extractions:fec_api:schedules_schedule_e:276bb163346b1c604e4ba39a7bd5b79d23af621b; raw_extractions:fec_api:schedules_schedule_e:6800b3606ea1d1305afbd20807324a05af3ba473; raw_extractions:fec_api:schedules_schedule_e:03174e58bcff24077bac640eeb9b44fbed6a37d0; raw_extractions:fec_api:schedules_schedule_e:5049e0e20905f209c59faafadda6a195e4602265; raw_extractions:fec_api:schedules_schedule_e:52dc6e3a36c32cc5fe8727a218db2ed3e0aa6e09; ... (+181 more),raw_extractions_payload_scan_union_all_payloads_profiled_first_n_rows_across_feed
fec_api_schedule_e_json,most_recent,yes,,raw_extractions.payload_json,no,,database/federal_fec.py:1523,explicitly excluded (not projected into structured FEC table),"Add explicit projection mapping if this key is needed downstream, or document intentional exclusion.",69,no,0.0,True | False,raw_extractions:fec_api:schedules_schedule_e:5ff290387436b35d8ea2c20f9dd9e9942e0262ac; raw_extractions:fec_api:schedules_schedule_e:555c501902c4a57d6e2073a93decf59d30907f12; raw_extractions:fec_api:schedules_schedule_e:25de5e68561efe42a454cc88af0b9b0ec8f6396d; raw_extractions:fec_api:schedules_schedule_e:97d8533181eba581850f2965db3e33158d0402c9; raw_extractions:fec_api:schedules_schedule_e:89157d0eaa848ee3843a827ba46b65f1049ad788; raw_extractions:fec_api:schedules_schedule_e:1f7a39266fd8cd1c906b956cb971e4ec6c379c3d; raw_extractions:fec_api:schedules_schedule_e:77f64385f5afb5197bb1f1724449d196a7ebcfb9; raw_extractions:fec_api:schedules_schedule_e:276bb163346b1c604e4ba39a7bd5b79d23af621b; raw_extractions:fec_api:schedules_schedule_e:6800b3606ea1d1305afbd20807324a05af3ba473; raw_extractions:fec_api:schedules_schedule_e:03174e58bcff24077bac640eeb9b44fbed6a37d0; raw_extractions:fec_api:schedules_schedule_e:5049e0e20905f209c59faafadda6a195e4602265; raw_extractions:fec_api:schedules_schedule_e:52dc6e3a36c32cc5fe8727a218db2ed3e0aa6e09; ... (+181 more),raw_extractions_payload_scan_union_all_payloads_profiled_first_n_rows_across_feed
fec_api_schedule_e_json,notary_commission_expiration_date,yes,,raw_extractions.payload_json,no,,database/federal_fec.py:1523,explicitly excluded (not projected into structured FEC table),"Add explicit projection mapping if this key is needed downstream, or document intentional exclusion.",69,no,1.0,,raw_extractions:fec_api:schedules_schedule_e:5ff290387436b35d8ea2c20f9dd9e9942e0262ac; raw_extractions:fec_api:schedules_schedule_e:555c501902c4a57d6e2073a93decf59d30907f12; raw_extractions:fec_api:schedules_schedule_e:25de5e68561efe42a454cc88af0b9b0ec8f6396d; raw_extractions:fec_api:schedules_schedule_e:97d8533181eba581850f2965db3e33158d0402c9; raw_extractions:fec_api:schedules_schedule_e:89157d0eaa848ee3843a827ba46b65f1049ad788; raw_extractions:fec_api:schedules_schedule_e:1f7a39266fd8cd1c906b956cb971e4ec6c379c3d; raw_extractions:fec_api:schedules_schedule_e:77f64385f5afb5197bb1f1724449d196a7ebcfb9; raw_extractions:fec_api:schedules_schedule_e:276bb163346b1c604e4ba39a7bd5b79d23af621b; raw_extractions:fec_api:schedules_schedule_e:6800b3606ea1d1305afbd20807324a05af3ba473; raw_extractions:fec_api:schedules_schedule_e:03174e58bcff24077bac640eeb9b44fbed6a37d0; raw_extractions:fec_api:schedules_schedule_e:5049e0e20905f209c59faafadda6a195e4602265; raw_extractions:fec_api:schedules_schedule_e:52dc6e3a36c32cc5fe8727a218db2ed3e0aa6e09; ... (+181 more),raw_extractions_payload_scan_union_all_payloads_profiled_first_n_rows_across_feed
fec_api_schedule_e_json,notary_sign_date,yes,,raw_extractions.payload_json,no,,database/federal_fec.py:1523,explicitly excluded (not projected into structured FEC table),"Add explicit projection mapping if this key is needed downstream, or document intentional exclusion.",69,no,1.0,,raw_extractions:fec_api:schedules_schedule_e:5ff290387436b35d8ea2c20f9dd9e9942e0262ac; raw_extractions:fec_api:schedules_schedule_e:555c501902c4a57d6e2073a93decf59d30907f12; raw_extractions:fec_api:schedules_schedule_e:25de5e68561efe42a454cc88af0b9b0ec8f6396d; raw_extractions:fec_api:schedules_schedule_e:97d8533181eba581850f2965db3e33158d0402c9; raw_extractions:fec_api:schedules_schedule_e:89157d0eaa848ee3843a827ba46b65f1049ad788; raw_extractions:fec_api:schedules_schedule_e:1f7a39266fd8cd1c906b956cb971e4ec6c379c3d; raw_extractions:fec_api:schedules_schedule_e:77f64385f5afb5197bb1f1724449d196a7ebcfb9; raw_extractions:fec_api:schedules_schedule_e:276bb163346b1c604e4ba39a7bd5b79d23af621b; raw_extractions:fec_api:schedules_schedule_e:6800b3606ea1d1305afbd20807324a05af3ba473; raw_extractions:fec_api:schedules_schedule_e:03174e58bcff24077bac640eeb9b44fbed6a37d0; raw_extractions:fec_api:schedules_schedule_e:5049e0e20905f209c59faafadda6a195e4602265; raw_extractions:fec_api:schedules_schedule_e:52dc6e3a36c32cc5fe8727a218db2ed3e0aa6e09; ... (+181 more),raw_extractions_payload_scan_union_all_payloads_profiled_first_n_rows_across_feed
fec_api_schedule_e_json,notary_sign_name,yes,,raw_extractions.payload_json,no,,database/federal_fec.py:1523,explicitly excluded (not projected into structured FEC table),"Add explicit projection mapping if this key is needed downstream, or document intentional exclusion.",69,no,1.0,,raw_extractions:fec_api:schedules_schedule_e:5ff290387436b35d8ea2c20f9dd9e9942e0262ac; raw_extractions:fec_api:schedules_schedule_e:555c501902c4a57d6e2073a93decf59d30907f12; raw_extractions:fec_api:schedules_schedule_e:25de5e68561efe42a454cc88af0b9b0ec8f6396d; raw_extractions:fec_api:schedules_schedule_e:97d8533181eba581850f2965db3e33158d0402c9; raw_extractions:fec_api:schedules_schedule_e:89157d0eaa848ee3843a827ba46b65f1049ad788; raw_extractions:fec_api:schedules_schedule_e:1f7a39266fd8cd1c906b956cb971e4ec6c379c3d; raw_extractions:fec_api:schedules_schedule_e:77f64385f5afb5197bb1f1724449d196a7ebcfb9; raw_extractions:fec_api:schedules_schedule_e:276bb163346b1c604e4ba39a7bd5b79d23af621b; raw_extractions:fec_api:schedules_schedule_e:6800b3606ea1d1305afbd20807324a05af3ba473; raw_extractions:fec_api:schedules_schedule_e:03174e58bcff24077bac640eeb9b44fbed6a37d0; raw_extractions:fec_api:schedules_schedule_e:5049e0e20905f209c59faafadda6a195e4602265; raw_extractions:fec_api:schedules_schedule_e:52dc6e3a36c32cc5fe8727a218db2ed3e0aa6e09; ... (+181 more),raw_extractions_payload_scan_union_all_payloads_profiled_first_n_rows_across_feed
fec_api_schedule_e_json,office_total_ytd,yes,,raw_extractions.payload_json,no,,database/federal_fec.py:1523,explicitly excluded (not projected into structured FEC table),"Add explicit projection mapping if this key is needed downstream, or document intentional exclusion.",69,no,0.00157,166576.7 | 441.45 | 1358.34,raw_extractions:fec_api:schedules_schedule_e:5ff290387436b35d8ea2c20f9dd9e9942e0262ac; raw_extractions:fec_api:schedules_schedule_e:555c501902c4a57d6e2073a93decf59d30907f12; raw_extractions:fec_api:schedules_schedule_e:25de5e68561efe42a454cc88af0b9b0ec8f6396d; raw_extractions:fec_api:schedules_schedule_e:97d8533181eba581850f2965db3e33158d0402c9; raw_extractions:fec_api:schedules_schedule_e:89157d0eaa848ee3843a827ba46b65f1049ad788; raw_extractions:fec_api:schedules_schedule_e:1f7a39266fd8cd1c906b956cb971e4ec6c379c3d; raw_extractions:fec_api:schedules_schedule_e:77f64385f5afb5197bb1f1724449d196a7ebcfb9; raw_extractions:fec_api:schedules_schedule_e:276bb163346b1c604e4ba39a7bd5b79d23af621b; raw_extractions:fec_api:schedules_schedule_e:6800b3606ea1d1305afbd20807324a05af3ba473; raw_extractions:fec_api:schedules_schedule_e:03174e58bcff24077bac640eeb9b44fbed6a37d0; raw_extractions:fec_api:schedules_schedule_e:5049e0e20905f209c59faafadda6a195e4602265; raw_extractions:fec_api:schedules_schedule_e:52dc6e3a36c32cc5fe8727a218db2ed3e0aa6e09; ... (+181 more),raw_extractions_payload_scan_union_all_payloads_profiled_first_n_rows_across_feed
fec_api_schedule_e_json,original_sub_id,yes,,raw_extractions.payload_json,no,,database/federal_fec.py:1523,explicitly excluded (not projected into structured FEC table),"Add explicit projection mapping if this key is needed downstream, or document intentional exclusion.",69,no,0.998627,4121420221636549313 | 4121420221636549312 | 4121420221636549309,raw_extractions:fec_api:schedules_schedule_e:5ff290387436b35d8ea2c20f9dd9e9942e0262ac; raw_extractions:fec_api:schedules_schedule_e:555c501902c4a57d6e2073a93decf59d30907f12; raw_extractions:fec_api:schedules_schedule_e:25de5e68561efe42a454cc88af0b9b0ec8f6396d; raw_extractions:fec_api:schedules_schedule_e:97d8533181eba581850f2965db3e33158d0402c9; raw_extractions:fec_api:schedules_schedule_e:89157d0eaa848ee3843a827ba46b65f1049ad788; raw_extractions:fec_api:schedules_schedule_e:1f7a39266fd8cd1c906b956cb971e4ec6c379c3d; raw_extractions:fec_api:schedules_schedule_e:77f64385f5afb5197bb1f1724449d196a7ebcfb9; raw_extractions:fec_api:schedules_schedule_e:276bb163346b1c604e4ba39a7bd5b79d23af621b; raw_extractions:fec_api:schedules_schedule_e:6800b3606ea1d1305afbd20807324a05af3ba473; raw_extractions:fec_api:schedules_schedule_e:03174e58bcff24077bac640eeb9b44fbed6a37d0; raw_extractions:fec_api:schedules_schedule_e:5049e0e20905f209c59faafadda6a195e4602265; raw_extractions:fec_api:schedules_schedule_e:52dc6e3a36c32cc5fe8727a218db2ed3e0aa6e09; ... (+181 more),raw_extractions_payload_scan_union_all_payloads_profiled_first_n_rows_across_feed
fec_api_schedule_e_json,payee_city,yes,,raw_extractions.payload_json; fec_schedule_e_independent_expenditures.*,yes,database/federal_fec.py; webapp/routes/main.py; webapp/routes/federal_finance.py; scripts/newsroom_queries.py,,,Keep full raw payload retention and structured projection tests aligned.,69,no,0.001766,ARLINGTON | SAN FRANCISCO | MENLO PARK,raw_extractions:fec_api:schedules_schedule_e:5ff290387436b35d8ea2c20f9dd9e9942e0262ac; raw_extractions:fec_api:schedules_schedule_e:555c501902c4a57d6e2073a93decf59d30907f12; raw_extractions:fec_api:schedules_schedule_e:25de5e68561efe42a454cc88af0b9b0ec8f6396d; raw_extractions:fec_api:schedules_schedule_e:97d8533181eba581850f2965db3e33158d0402c9; raw_extractions:fec_api:schedules_schedule_e:89157d0eaa848ee3843a827ba46b65f1049ad788; raw_extractions:fec_api:schedules_schedule_e:1f7a39266fd8cd1c906b956cb971e4ec6c379c3d; raw_extractions:fec_api:schedules_schedule_e:77f64385f5afb5197bb1f1724449d196a7ebcfb9; raw_extractions:fec_api:schedules_schedule_e:276bb163346b1c604e4ba39a7bd5b79d23af621b; raw_extractions:fec_api:schedules_schedule_e:6800b3606ea1d1305afbd20807324a05af3ba473; raw_extractions:fec_api:schedules_schedule_e:03174e58bcff24077bac640eeb9b44fbed6a37d0; raw_extractions:fec_api:schedules_schedule_e:5049e0e20905f209c59faafadda6a195e4602265; raw_extractions:fec_api:schedules_schedule_e:52dc6e3a36c32cc5fe8727a218db2ed3e0aa6e09; ... (+181 more),raw_extractions_payload_scan_union_all_payloads_profiled_first_n_rows_across_feed
fec_api_schedule_e_json,payee_first_name,yes,,raw_extractions.payload_json,no,,database/federal_fec.py:1523,explicitly excluded (not projected into structured FEC table),"Add explicit projection mapping if this key is needed downstream, or document intentional exclusion.",69,no,0.901118,JOSHUA JOHN | OLGA | JOSHUA,raw_extractions:fec_api:schedules_schedule_e:5ff290387436b35d8ea2c20f9dd9e9942e0262ac; raw_extractions:fec_api:schedules_schedule_e:555c501902c4a57d6e2073a93decf59d30907f12; raw_extractions:fec_api:schedules_schedule_e:25de5e68561efe42a454cc88af0b9b0ec8f6396d; raw_extractions:fec_api:schedules_schedule_e:97d8533181eba581850f2965db3e33158d0402c9; raw_extractions:fec_api:schedules_schedule_e:89157d0eaa848ee3843a827ba46b65f1049ad788; raw_extractions:fec_api:schedules_schedule_e:1f7a39266fd8cd1c906b956cb971e4ec6c379c3d; raw_extractions:fec_api:schedules_schedule_e:77f64385f5afb5197bb1f1724449d196a7ebcfb9; raw_extractions:fec_api:schedules_schedule_e:276bb163346b1c604e4ba39a7bd5b79d23af621b; raw_extractions:fec_api:schedules_schedule_e:6800b3606ea1d1305afbd20807324a05af3ba473; raw_extractions:fec_api:schedules_schedule_e:03174e58bcff24077bac640eeb9b44fbed6a37d0; raw_extractions:fec_api:schedules_schedule_e:5049e0e20905f209c59faafadda6a195e4602265; raw_extractions:fec_api:schedules_schedule_e:52dc6e3a36c32cc5fe8727a218db2ed3e0aa6e09; ... (+181 more),raw_extractions_payload_scan_union_all_payloads_profiled_first_n_rows_across_feed
fec_api_schedule_e_json,payee_last_name,yes,,raw_extractions.payload_json,no,,database/federal_fec.py:1523,explicitly excluded (not projected into structured FEC table),"Add explicit projection mapping if this key is needed downstream, or document intentional exclusion.",69,no,0.901118,O'CONNOR | NUNES | MAREMA,raw_extractions:fec_api:schedules_schedule_e:5ff290387436b35d8ea2c20f9dd9e9942e0262ac; raw_extractions:fec_api:schedules_schedule_e:555c501902c4a57d6e2073a93decf59d30907f12; raw_extractions:fec_api:schedules_schedule_e:25de5e68561efe42a454cc88af0b9b0ec8f6396d; raw_extractions:fec_api:schedules_schedule_e:97d8533181eba581850f2965db3e33158d0402c9; raw_extractions:fec_api:schedules_schedule_e:89157d0eaa848ee3843a827ba46b65f1049ad788; raw_extractions:fec_api:schedules_schedule_e:1f7a39266fd8cd1c906b956cb971e4ec6c379c3d; raw_extractions:fec_api:schedules_schedule_e:77f64385f5afb5197bb1f1724449d196a7ebcfb9; raw_extractions:fec_api:schedules_schedule_e:276bb163346b1c604e4ba39a7bd5b79d23af621b; raw_extractions:fec_api:schedules_schedule_e:6800b3606ea1d1305afbd20807324a05af3ba473; raw_extractions:fec_api:schedules_schedule_e:03174e58bcff24077bac640eeb9b44fbed6a37d0; raw_extractions:fec_api:schedules_schedule_e:5049e0e20905f209c59faafadda6a195e4602265; raw_extractions:fec_api:schedules_schedule_e:52dc6e3a36c32cc5fe8727a218db2ed3e0aa6e09; ... (+181 more),raw_extractions_payload_scan_union_all_payloads_profiled_first_n_rows_across_feed
fec_api_schedule_e_json,payee_middle_name,yes,,raw_extractions.payload_json,no,,database/federal_fec.py:1523,explicitly excluded (not projected into structured FEC table),"Add explicit projection mapping if this key is needed downstream, or document intentional exclusion.",69,no,1.0,,raw_extractions:fec_api:schedules_schedule_e:5ff290387436b35d8ea2c20f9dd9e9942e0262ac; raw_extractions:fec_api:schedules_schedule_e:555c501902c4a57d6e2073a93decf59d30907f12; raw_extractions:fec_api:schedules_schedule_e:25de5e68561efe42a454cc88af0b9b0ec8f6396d; raw_extractions:fec_api:schedules_schedule_e:97d8533181eba581850f2965db3e33158d0402c9; raw_extractions:fec_api:schedules_schedule_e:89157d0eaa848ee3843a827ba46b65f1049ad788; raw_extractions:fec_api:schedules_schedule_e:1f7a39266fd8cd1c906b956cb971e4ec6c379c3d; raw_extractions:fec_api:schedules_schedule_e:77f64385f5afb5197bb1f1724449d196a7ebcfb9; raw_extractions:fec_api:schedules_schedule_e:276bb163346b1c604e4ba39a7bd5b79d23af621b; raw_extractions:fec_api:schedules_schedule_e:6800b3606ea1d1305afbd20807324a05af3ba473; raw_extractions:fec_api:schedules_schedule_e:03174e58bcff24077bac640eeb9b44fbed6a37d0; raw_extractions:fec_api:schedules_schedule_e:5049e0e20905f209c59faafadda6a195e4602265; raw_extractions:fec_api:schedules_schedule_e:52dc6e3a36c32cc5fe8727a218db2ed3e0aa6e09; ... (+181 more),raw_extractions_payload_scan_union_all_payloads_profiled_first_n_rows_across_feed
fec_api_schedule_e_json,payee_name,yes,,raw_extractions.payload_json,no,,database/federal_fec.py:1523,explicitly excluded (not projected into structured FEC table),"Add explicit projection mapping if this key is needed downstream, or document intentional exclusion.",69,no,0.00157,"DELIVER STRATEGIES, LLC | HUSTLE, INC. | FACEBOOK",raw_extractions:fec_api:schedules_schedule_e:5ff290387436b35d8ea2c20f9dd9e9942e0262ac; raw_extractions:fec_api:schedules_schedule_e:555c501902c4a57d6e2073a93decf59d30907f12; raw_extractions:fec_api:schedules_schedule_e:25de5e68561efe42a454cc88af0b9b0ec8f6396d; raw_extractions:fec_api:schedules_schedule_e:97d8533181eba581850f2965db3e33158d0402c9; raw_extractions:fec_api:schedules_schedule_e:89157d0eaa848ee3843a827ba46b65f1049ad788; raw_extractions:fec_api:schedules_schedule_e:1f7a39266fd8cd1c906b956cb971e4ec6c379c3d; raw_extractions:fec_api:schedules_schedule_e:77f64385f5afb5197bb1f1724449d196a7ebcfb9; raw_extractions:fec_api:schedules_schedule_e:276bb163346b1c604e4ba39a7bd5b79d23af621b; raw_extractions:fec_api:schedules_schedule_e:6800b3606ea1d1305afbd20807324a05af3ba473; raw_extractions:fec_api:schedules_schedule_e:03174e58bcff24077bac640eeb9b44fbed6a37d0; raw_extractions:fec_api:schedules_schedule_e:5049e0e20905f209c59faafadda6a195e4602265; raw_extractions:fec_api:schedules_schedule_e:52dc6e3a36c32cc5fe8727a218db2ed3e0aa6e09; ... (+181 more),raw_extractions_payload_scan_union_all_payloads_profiled_first_n_rows_across_feed
fec_api_schedule_e_json,payee_prefix,yes,,raw_extractions.payload_json,no,,database/federal_fec.py:1523,explicitly excluded (not projected into structured FEC table),"Add explicit projection mapping if this key is needed downstream, or document intentional exclusion.",69,no,1.0,,raw_extractions:fec_api:schedules_schedule_e:5ff290387436b35d8ea2c20f9dd9e9942e0262ac; raw_extractions:fec_api:schedules_schedule_e:555c501902c4a57d6e2073a93decf59d30907f12; raw_extractions:fec_api:schedules_schedule_e:25de5e68561efe42a454cc88af0b9b0ec8f6396d; raw_extractions:fec_api:schedules_schedule_e:97d8533181eba581850f2965db3e33158d0402c9; raw_extractions:fec_api:schedules_schedule_e:89157d0eaa848ee3843a827ba46b65f1049ad788; raw_extractions:fec_api:schedules_schedule_e:1f7a39266fd8cd1c906b956cb971e4ec6c379c3d; raw_extractions:fec_api:schedules_schedule_e:77f64385f5afb5197bb1f1724449d196a7ebcfb9; raw_extractions:fec_api:schedules_schedule_e:276bb163346b1c604e4ba39a7bd5b79d23af621b; raw_extractions:fec_api:schedules_schedule_e:6800b3606ea1d1305afbd20807324a05af3ba473; raw_extractions:fec_api:schedules_schedule_e:03174e58bcff24077bac640eeb9b44fbed6a37d0; raw_extractions:fec_api:schedules_schedule_e:5049e0e20905f209c59faafadda6a195e4602265; raw_extractions:fec_api:schedules_schedule_e:52dc6e3a36c32cc5fe8727a218db2ed3e0aa6e09; ... (+181 more),raw_extractions_payload_scan_union_all_payloads_profiled_first_n_rows_across_feed
fec_api_schedule_e_json,payee_state,yes,,raw_extractions.payload_json; fec_schedule_e_independent_expenditures.*,yes,database/federal_fec.py; webapp/routes/main.py; webapp/routes/federal_finance.py; scripts/newsroom_queries.py,,,Keep full raw payload retention and structured projection tests aligned.,69,no,0.001766,VA | CA | DC,raw_extractions:fec_api:schedules_schedule_e:5ff290387436b35d8ea2c20f9dd9e9942e0262ac; raw_extractions:fec_api:schedules_schedule_e:555c501902c4a57d6e2073a93decf59d30907f12; raw_extractions:fec_api:schedules_schedule_e:25de5e68561efe42a454cc88af0b9b0ec8f6396d; raw_extractions:fec_api:schedules_schedule_e:97d8533181eba581850f2965db3e33158d0402c9; raw_extractions:fec_api:schedules_schedule_e:89157d0eaa848ee3843a827ba46b65f1049ad788; raw_extractions:fec_api:schedules_schedule_e:1f7a39266fd8cd1c906b956cb971e4ec6c379c3d; raw_extractions:fec_api:schedules_schedule_e:77f64385f5afb5197bb1f1724449d196a7ebcfb9; raw_extractions:fec_api:schedules_schedule_e:276bb163346b1c604e4ba39a7bd5b79d23af621b; raw_extractions:fec_api:schedules_schedule_e:6800b3606ea1d1305afbd20807324a05af3ba473; raw_extractions:fec_api:schedules_schedule_e:03174e58bcff24077bac640eeb9b44fbed6a37d0; raw_extractions:fec_api:schedules_schedule_e:5049e0e20905f209c59faafadda6a195e4602265; raw_extractions:fec_api:schedules_schedule_e:52dc6e3a36c32cc5fe8727a218db2ed3e0aa6e09; ... (+181 more),raw_extractions_payload_scan_union_all_payloads_profiled_first_n_rows_across_feed
fec_api_schedule_e_json,payee_street_1,yes,,raw_extractions.payload_json,no,,database/federal_fec.py:1523,explicitly excluded (not projected into structured FEC table),"Add explicit projection mapping if this key is needed downstream, or document intentional exclusion.",69,no,0.002354,"4301 FAIRFAX DR | 251 KEARNY ST, STE 300 | 1 HACKER WAY",raw_extractions:fec_api:schedules_schedule_e:5ff290387436b35d8ea2c20f9dd9e9942e0262ac; raw_extractions:fec_api:schedules_schedule_e:555c501902c4a57d6e2073a93decf59d30907f12; raw_extractions:fec_api:schedules_schedule_e:25de5e68561efe42a454cc88af0b9b0ec8f6396d; raw_extractions:fec_api:schedules_schedule_e:97d8533181eba581850f2965db3e33158d0402c9; raw_extractions:fec_api:schedules_schedule_e:89157d0eaa848ee3843a827ba46b65f1049ad788; raw_extractions:fec_api:schedules_schedule_e:1f7a39266fd8cd1c906b956cb971e4ec6c379c3d; raw_extractions:fec_api:schedules_schedule_e:77f64385f5afb5197bb1f1724449d196a7ebcfb9; raw_extractions:fec_api:schedules_schedule_e:276bb163346b1c604e4ba39a7bd5b79d23af621b; raw_extractions:fec_api:schedules_schedule_e:6800b3606ea1d1305afbd20807324a05af3ba473; raw_extractions:fec_api:schedules_schedule_e:03174e58bcff24077bac640eeb9b44fbed6a37d0; raw_extractions:fec_api:schedules_schedule_e:5049e0e20905f209c59faafadda6a195e4602265; raw_extractions:fec_api:schedules_schedule_e:52dc6e3a36c32cc5fe8727a218db2ed3e0aa6e09; ... (+181 more),raw_extractions_payload_scan_union_all_payloads_profiled_first_n_rows_across_feed
fec_api_schedule_e_json,payee_street_2,yes,,raw_extractions.payload_json,no,,database/federal_fec.py:1523,explicitly excluded (not projected into structured FEC table),"Add explicit projection mapping if this key is needed downstream, or document intentional exclusion.",69,no,0.628409,STE 550 | STE 1014 | STE 1300,raw_extractions:fec_api:schedules_schedule_e:5ff290387436b35d8ea2c20f9dd9e9942e0262ac; raw_extractions:fec_api:schedules_schedule_e:555c501902c4a57d6e2073a93decf59d30907f12; raw_extractions:fec_api:schedules_schedule_e:25de5e68561efe42a454cc88af0b9b0ec8f6396d; raw_extractions:fec_api:schedules_schedule_e:97d8533181eba581850f2965db3e33158d0402c9; raw_extractions:fec_api:schedules_schedule_e:89157d0eaa848ee3843a827ba46b65f1049ad788; raw_extractions:fec_api:schedules_schedule_e:1f7a39266fd8cd1c906b956cb971e4ec6c379c3d; raw_extractions:fec_api:schedules_schedule_e:77f64385f5afb5197bb1f1724449d196a7ebcfb9; raw_extractions:fec_api:schedules_schedule_e:276bb163346b1c604e4ba39a7bd5b79d23af621b; raw_extractions:fec_api:schedules_schedule_e:6800b3606ea1d1305afbd20807324a05af3ba473; raw_extractions:fec_api:schedules_schedule_e:03174e58bcff24077bac640eeb9b44fbed6a37d0; raw_extractions:fec_api:schedules_schedule_e:5049e0e20905f209c59faafadda6a195e4602265; raw_extractions:fec_api:schedules_schedule_e:52dc6e3a36c32cc5fe8727a218db2ed3e0aa6e09; ... (+181 more),raw_extractions_payload_scan_union_all_payloads_profiled_first_n_rows_across_feed
fec_api_schedule_e_json,payee_suffix,yes,,raw_extractions.payload_json,no,,database/federal_fec.py:1523,explicitly excluded (not projected into structured FEC table),"Add explicit projection mapping if this key is needed downstream, or document intentional exclusion.",69,no,1.0,,raw_extractions:fec_api:schedules_schedule_e:5ff290387436b35d8ea2c20f9dd9e9942e0262ac; raw_extractions:fec_api:schedules_schedule_e:555c501902c4a57d6e2073a93decf59d30907f12; raw_extractions:fec_api:schedules_schedule_e:25de5e68561efe42a454cc88af0b9b0ec8f6396d; raw_extractions:fec_api:schedules_schedule_e:97d8533181eba581850f2965db3e33158d0402c9; raw_extractions:fec_api:schedules_schedule_e:89157d0eaa848ee3843a827ba46b65f1049ad788; raw_extractions:fec_api:schedules_schedule_e:1f7a39266fd8cd1c906b956cb971e4ec6c379c3d; raw_extractions:fec_api:schedules_schedule_e:77f64385f5afb5197bb1f1724449d196a7ebcfb9; raw_extractions:fec_api:schedules_schedule_e:276bb163346b1c604e4ba39a7bd5b79d23af621b; raw_extractions:fec_api:schedules_schedule_e:6800b3606ea1d1305afbd20807324a05af3ba473; raw_extractions:fec_api:schedules_schedule_e:03174e58bcff24077bac640eeb9b44fbed6a37d0; raw_extractions:fec_api:schedules_schedule_e:5049e0e20905f209c59faafadda6a195e4602265; raw_extractions:fec_api:schedules_schedule_e:52dc6e3a36c32cc5fe8727a218db2ed3e0aa6e09; ... (+181 more),raw_extractions_payload_scan_union_all_payloads_profiled_first_n_rows_across_feed
fec_api_schedule_e_json,payee_zip,yes,,raw_extractions.payload_json; fec_schedule_e_independent_expenditures.*,yes,database/federal_fec.py; webapp/routes/main.py; webapp/routes/federal_finance.py; scripts/newsroom_queries.py,,,Keep full raw payload retention and structured projection tests aligned.,69,no,0.002551,222031627 | 94108 | 94025,raw_extractions:fec_api:schedules_schedule_e:5ff290387436b35d8ea2c20f9dd9e9942e0262ac; raw_extractions:fec_api:schedules_schedule_e:555c501902c4a57d6e2073a93decf59d30907f12; raw_extractions:fec_api:schedules_schedule_e:25de5e68561efe42a454cc88af0b9b0ec8f6396d; raw_extractions:fec_api:schedules_schedule_e:97d8533181eba581850f2965db3e33158d0402c9; raw_extractions:fec_api:schedules_schedule_e:89157d0eaa848ee3843a827ba46b65f1049ad788; raw_extractions:fec_api:schedules_schedule_e:1f7a39266fd8cd1c906b956cb971e4ec6c379c3d; raw_extractions:fec_api:schedules_schedule_e:77f64385f5afb5197bb1f1724449d196a7ebcfb9; raw_extractions:fec_api:schedules_schedule_e:276bb163346b1c604e4ba39a7bd5b79d23af621b; raw_extractions:fec_api:schedules_schedule_e:6800b3606ea1d1305afbd20807324a05af3ba473; raw_extractions:fec_api:schedules_schedule_e:03174e58bcff24077bac640eeb9b44fbed6a37d0; raw_extractions:fec_api:schedules_schedule_e:5049e0e20905f209c59faafadda6a195e4602265; raw_extractions:fec_api:schedules_schedule_e:52dc6e3a36c32cc5fe8727a218db2ed3e0aa6e09; ... (+181 more),raw_extractions_payload_scan_union_all_payloads_profiled_first_n_rows_across_feed
fec_api_schedule_e_json,pdf_url,yes,,raw_extractions.payload_json,no,,database/federal_fec.py:1523,explicitly excluded (not projected into structured FEC table),"Add explicit projection mapping if this key is needed downstream, or document intentional exclusion.",69,no,0.0,https://docquery.fec.gov/cgi-bin/fecimg/?201810019124270255 | https://docquery.fec.gov/cgi-bin/fecimg/?201810159125495776 | http://docquery.fec.gov/cgi-bin/fecimg/?201810239130801783,raw_extractions:fec_api:schedules_schedule_e:5ff290387436b35d8ea2c20f9dd9e9942e0262ac; raw_extractions:fec_api:schedules_schedule_e:555c501902c4a57d6e2073a93decf59d30907f12; raw_extractions:fec_api:schedules_schedule_e:25de5e68561efe42a454cc88af0b9b0ec8f6396d; raw_extractions:fec_api:schedules_schedule_e:97d8533181eba581850f2965db3e33158d0402c9; raw_extractions:fec_api:schedules_schedule_e:89157d0eaa848ee3843a827ba46b65f1049ad788; raw_extractions:fec_api:schedules_schedule_e:1f7a39266fd8cd1c906b956cb971e4ec6c379c3d; raw_extractions:fec_api:schedules_schedule_e:77f64385f5afb5197bb1f1724449d196a7ebcfb9; raw_extractions:fec_api:schedules_schedule_e:276bb163346b1c604e4ba39a7bd5b79d23af621b; raw_extractions:fec_api:schedules_schedule_e:6800b3606ea1d1305afbd20807324a05af3ba473; raw_extractions:fec_api:schedules_schedule_e:03174e58bcff24077bac640eeb9b44fbed6a37d0; raw_extractions:fec_api:schedules_schedule_e:5049e0e20905f209c59faafadda6a195e4602265; raw_extractions:fec_api:schedules_schedule_e:52dc6e3a36c32cc5fe8727a218db2ed3e0aa6e09; ... (+181 more),raw_extractions_payload_scan_union_all_payloads_profiled_first_n_rows_across_feed
fec_api_schedule_e_json,previous_file_number,yes,,raw_extractions.payload_json,no,,database/federal_fec.py:1523,explicitly excluded (not projected into structured FEC table),"Add explicit projection mapping if this key is needed downstream, or document intentional exclusion.",69,no,0.007259,1264593 | 1273201 | 1269266,raw_extractions:fec_api:schedules_schedule_e:5ff290387436b35d8ea2c20f9dd9e9942e0262ac; raw_extractions:fec_api:schedules_schedule_e:555c501902c4a57d6e2073a93decf59d30907f12; raw_extractions:fec_api:schedules_schedule_e:25de5e68561efe42a454cc88af0b9b0ec8f6396d; raw_extractions:fec_api:schedules_schedule_e:97d8533181eba581850f2965db3e33158d0402c9; raw_extractions:fec_api:schedules_schedule_e:89157d0eaa848ee3843a827ba46b65f1049ad788; raw_extractions:fec_api:schedules_schedule_e:1f7a39266fd8cd1c906b956cb971e4ec6c379c3d; raw_extractions:fec_api:schedules_schedule_e:77f64385f5afb5197bb1f1724449d196a7ebcfb9; raw_extractions:fec_api:schedules_schedule_e:276bb163346b1c604e4ba39a7bd5b79d23af621b; raw_extractions:fec_api:schedules_schedule_e:6800b3606ea1d1305afbd20807324a05af3ba473; raw_extractions:fec_api:schedules_schedule_e:03174e58bcff24077bac640eeb9b44fbed6a37d0; raw_extractions:fec_api:schedules_schedule_e:5049e0e20905f209c59faafadda6a195e4602265; raw_extractions:fec_api:schedules_schedule_e:52dc6e3a36c32cc5fe8727a218db2ed3e0aa6e09; ... (+181 more),raw_extractions_payload_scan_union_all_payloads_profiled_first_n_rows_across_feed
fec_api_schedule_e_json,report_type,yes,,raw_extractions.payload_json; fec_schedule_e_independent_expenditures.*,yes,database/federal_fec.py; webapp/routes/main.py; webapp/routes/federal_finance.py; scripts/newsroom_queries.py,,,Keep full raw payload retention and structured projection tests aligned.,69,no,0.0,48 | Q3 | M10,raw_extractions:fec_api:schedules_schedule_e:5ff290387436b35d8ea2c20f9dd9e9942e0262ac; raw_extractions:fec_api:schedules_schedule_e:555c501902c4a57d6e2073a93decf59d30907f12; raw_extractions:fec_api:schedules_schedule_e:25de5e68561efe42a454cc88af0b9b0ec8f6396d; raw_extractions:fec_api:schedules_schedule_e:97d8533181eba581850f2965db3e33158d0402c9; raw_extractions:fec_api:schedules_schedule_e:89157d0eaa848ee3843a827ba46b65f1049ad788; raw_extractions:fec_api:schedules_schedule_e:1f7a39266fd8cd1c906b956cb971e4ec6c379c3d; raw_extractions:fec_api:schedules_schedule_e:77f64385f5afb5197bb1f1724449d196a7ebcfb9; raw_extractions:fec_api:schedules_schedule_e:276bb163346b1c604e4ba39a7bd5b79d23af621b; raw_extractions:fec_api:schedules_schedule_e:6800b3606ea1d1305afbd20807324a05af3ba473; raw_extractions:fec_api:schedules_schedule_e:03174e58bcff24077bac640eeb9b44fbed6a37d0; raw_extractions:fec_api:schedules_schedule_e:5049e0e20905f209c59faafadda6a195e4602265; raw_extractions:fec_api:schedules_schedule_e:52dc6e3a36c32cc5fe8727a218db2ed3e0aa6e09; ... (+181 more),raw_extractions_payload_scan_union_all_payloads_profiled_first_n_rows_across_feed
fec_api_schedule_e_json,report_year,yes,,raw_extractions.payload_json,no,,database/federal_fec.py:1523,explicitly excluded (not projected into structured FEC table),"Add explicit projection mapping if this key is needed downstream, or document intentional exclusion.",69,no,0.0,2018 | 2021 | 2020,raw_extractions:fec_api:schedules_schedule_e:5ff290387436b35d8ea2c20f9dd9e9942e0262ac; raw_extractions:fec_api:schedules_schedule_e:555c501902c4a57d6e2073a93decf59d30907f12; raw_extractions:fec_api:schedules_schedule_e:25de5e68561efe42a454cc88af0b9b0ec8f6396d; raw_extractions:fec_api:schedules_schedule_e:97d8533181eba581850f2965db3e33158d0402c9; raw_extractions:fec_api:schedules_schedule_e:89157d0eaa848ee3843a827ba46b65f1049ad788; raw_extractions:fec_api:schedules_schedule_e:1f7a39266fd8cd1c906b956cb971e4ec6c379c3d; raw_extractions:fec_api:schedules_schedule_e:77f64385f5afb5197bb1f1724449d196a7ebcfb9; raw_extractions:fec_api:schedules_schedule_e:276bb163346b1c604e4ba39a7bd5b79d23af621b; raw_extractions:fec_api:schedules_schedule_e:6800b3606ea1d1305afbd20807324a05af3ba473; raw_extractions:fec_api:schedules_schedule_e:03174e58bcff24077bac640eeb9b44fbed6a37d0; raw_extractions:fec_api:schedules_schedule_e:5049e0e20905f209c59faafadda6a195e4602265; raw_extractions:fec_api:schedules_schedule_e:52dc6e3a36c32cc5fe8727a218db2ed3e0aa6e09; ... (+181 more),raw_extractions_payload_scan_union_all_payloads_profiled_first_n_rows_across_feed
fec_api_schedule_e_json,schedule_type,yes,,raw_extractions.payload_json,no,,database/federal_fec.py:1523,explicitly excluded (not projected into structured FEC table),"Add explicit projection mapping if this key is needed downstream, or document intentional exclusion.",69,no,0.0,SE | SE-F57,raw_extractions:fec_api:schedules_schedule_e:5ff290387436b35d8ea2c20f9dd9e9942e0262ac; raw_extractions:fec_api:schedules_schedule_e:555c501902c4a57d6e2073a93decf59d30907f12; raw_extractions:fec_api:schedules_schedule_e:25de5e68561efe42a454cc88af0b9b0ec8f6396d; raw_extractions:fec_api:schedules_schedule_e:97d8533181eba581850f2965db3e33158d0402c9; raw_extractions:fec_api:schedules_schedule_e:89157d0eaa848ee3843a827ba46b65f1049ad788; raw_extractions:fec_api:schedules_schedule_e:1f7a39266fd8cd1c906b956cb971e4ec6c379c3d; raw_extractions:fec_api:schedules_schedule_e:77f64385f5afb5197bb1f1724449d196a7ebcfb9; raw_extractions:fec_api:schedules_schedule_e:276bb163346b1c604e4ba39a7bd5b79d23af621b; raw_extractions:fec_api:schedules_schedule_e:6800b3606ea1d1305afbd20807324a05af3ba473; raw_extractions:fec_api:schedules_schedule_e:03174e58bcff24077bac640eeb9b44fbed6a37d0; raw_extractions:fec_api:schedules_schedule_e:5049e0e20905f209c59faafadda6a195e4602265; raw_extractions:fec_api:schedules_schedule_e:52dc6e3a36c32cc5fe8727a218db2ed3e0aa6e09; ... (+181 more),raw_extractions_payload_scan_union_all_payloads_profiled_first_n_rows_across_feed
fec_api_schedule_e_json,schedule_type_full,yes,,raw_extractions.payload_json,no,,database/federal_fec.py:1523,explicitly excluded (not projected into structured FEC table),"Add explicit projection mapping if this key is needed downstream, or document intentional exclusion.",69,no,0.0,ITEMIZED INDEPENDENT EXPENDITURES | FOR EACH INDEPENDENT EXPENDITURE MADE,raw_extractions:fec_api:schedules_schedule_e:5ff290387436b35d8ea2c20f9dd9e9942e0262ac; raw_extractions:fec_api:schedules_schedule_e:555c501902c4a57d6e2073a93decf59d30907f12; raw_extractions:fec_api:schedules_schedule_e:25de5e68561efe42a454cc88af0b9b0ec8f6396d; raw_extractions:fec_api:schedules_schedule_e:97d8533181eba581850f2965db3e33158d0402c9; raw_extractions:fec_api:schedules_schedule_e:89157d0eaa848ee3843a827ba46b65f1049ad788; raw_extractions:fec_api:schedules_schedule_e:1f7a39266fd8cd1c906b956cb971e4ec6c379c3d; raw_extractions:fec_api:schedules_schedule_e:77f64385f5afb5197bb1f1724449d196a7ebcfb9; raw_extractions:fec_api:schedules_schedule_e:276bb163346b1c604e4ba39a7bd5b79d23af621b; raw_extractions:fec_api:schedules_schedule_e:6800b3606ea1d1305afbd20807324a05af3ba473; raw_extractions:fec_api:schedules_schedule_e:03174e58bcff24077bac640eeb9b44fbed6a37d0; raw_extractions:fec_api:schedules_schedule_e:5049e0e20905f209c59faafadda6a195e4602265; raw_extractions:fec_api:schedules_schedule_e:52dc6e3a36c32cc5fe8727a218db2ed3e0aa6e09; ... (+181 more),raw_extractions_payload_scan_union_all_payloads_profiled_first_n_rows_across_feed
fec_api_schedule_e_json,sub_id,yes,,raw_extractions.payload_json; fec_schedule_e_independent_expenditures.*,yes,database/federal_fec.py; webapp/routes/main.py; webapp/routes/federal_finance.py; scripts/newsroom_queries.py,,,Keep full raw payload retention and structured projection tests aligned.,69,no,0.0,4100120181593013201 | 4103020181601287210 | 4112020181618204912,raw_extractions:fec_api:schedules_schedule_e:5ff290387436b35d8ea2c20f9dd9e9942e0262ac; raw_extractions:fec_api:schedules_schedule_e:555c501902c4a57d6e2073a93decf59d30907f12; raw_extractions:fec_api:schedules_schedule_e:25de5e68561efe42a454cc88af0b9b0ec8f6396d; raw_extractions:fec_api:schedules_schedule_e:97d8533181eba581850f2965db3e33158d0402c9; raw_extractions:fec_api:schedules_schedule_e:89157d0eaa848ee3843a827ba46b65f1049ad788; raw_extractions:fec_api:schedules_schedule_e:1f7a39266fd8cd1c906b956cb971e4ec6c379c3d; raw_extractions:fec_api:schedules_schedule_e:77f64385f5afb5197bb1f1724449d196a7ebcfb9; raw_extractions:fec_api:schedules_schedule_e:276bb163346b1c604e4ba39a7bd5b79d23af621b; raw_extractions:fec_api:schedules_schedule_e:6800b3606ea1d1305afbd20807324a05af3ba473; raw_extractions:fec_api:schedules_schedule_e:03174e58bcff24077bac640eeb9b44fbed6a37d0; raw_extractions:fec_api:schedules_schedule_e:5049e0e20905f209c59faafadda6a195e4602265; raw_extractions:fec_api:schedules_schedule_e:52dc6e3a36c32cc5fe8727a218db2ed3e0aa6e09; ... (+181 more),raw_extractions_payload_scan_union_all_payloads_profiled_first_n_rows_across_feed
fec_api_schedule_e_json,support_oppose_indicator,yes,,raw_extractions.payload_json; fec_schedule_e_independent_expenditures.*,yes,database/federal_fec.py; webapp/routes/main.py; webapp/routes/federal_finance.py; scripts/newsroom_queries.py,,,Keep full raw payload retention and structured projection tests aligned.,69,no,0.001766,S | O,raw_extractions:fec_api:schedules_schedule_e:5ff290387436b35d8ea2c20f9dd9e9942e0262ac; raw_extractions:fec_api:schedules_schedule_e:555c501902c4a57d6e2073a93decf59d30907f12; raw_extractions:fec_api:schedules_schedule_e:25de5e68561efe42a454cc88af0b9b0ec8f6396d; raw_extractions:fec_api:schedules_schedule_e:97d8533181eba581850f2965db3e33158d0402c9; raw_extractions:fec_api:schedules_schedule_e:89157d0eaa848ee3843a827ba46b65f1049ad788; raw_extractions:fec_api:schedules_schedule_e:1f7a39266fd8cd1c906b956cb971e4ec6c379c3d; raw_extractions:fec_api:schedules_schedule_e:77f64385f5afb5197bb1f1724449d196a7ebcfb9; raw_extractions:fec_api:schedules_schedule_e:276bb163346b1c604e4ba39a7bd5b79d23af621b; raw_extractions:fec_api:schedules_schedule_e:6800b3606ea1d1305afbd20807324a05af3ba473; raw_extractions:fec_api:schedules_schedule_e:03174e58bcff24077bac640eeb9b44fbed6a37d0; raw_extractions:fec_api:schedules_schedule_e:5049e0e20905f209c59faafadda6a195e4602265; raw_extractions:fec_api:schedules_schedule_e:52dc6e3a36c32cc5fe8727a218db2ed3e0aa6e09; ... (+181 more),raw_extractions_payload_scan_union_all_payloads_profiled_first_n_rows_across_feed
fec_api_schedule_e_json,transaction_id,yes,,raw_extractions.payload_json,no,,database/federal_fec.py:1523,explicitly excluded (not projected into structured FEC table),"Add explicit projection mapping if this key is needed downstream, or document intentional exclusion.",69,no,0.009221,VN7A7ABNMS6 | F57.4344 | SE.24970,raw_extractions:fec_api:schedules_schedule_e:5ff290387436b35d8ea2c20f9dd9e9942e0262ac; raw_extractions:fec_api:schedules_schedule_e:555c501902c4a57d6e2073a93decf59d30907f12; raw_extractions:fec_api:schedules_schedule_e:25de5e68561efe42a454cc88af0b9b0ec8f6396d; raw_extractions:fec_api:schedules_schedule_e:97d8533181eba581850f2965db3e33158d0402c9; raw_extractions:fec_api:schedules_schedule_e:89157d0eaa848ee3843a827ba46b65f1049ad788; raw_extractions:fec_api:schedules_schedule_e:1f7a39266fd8cd1c906b956cb971e4ec6c379c3d; raw_extractions:fec_api:schedules_schedule_e:77f64385f5afb5197bb1f1724449d196a7ebcfb9; raw_extractions:fec_api:schedules_schedule_e:276bb163346b1c604e4ba39a7bd5b79d23af621b; raw_extractions:fec_api:schedules_schedule_e:6800b3606ea1d1305afbd20807324a05af3ba473; raw_extractions:fec_api:schedules_schedule_e:03174e58bcff24077bac640eeb9b44fbed6a37d0; raw_extractions:fec_api:schedules_schedule_e:5049e0e20905f209c59faafadda6a195e4602265; raw_extractions:fec_api:schedules_schedule_e:52dc6e3a36c32cc5fe8727a218db2ed3e0aa6e09; ... (+181 more),raw_extractions_payload_scan_union_all_payloads_profiled_first_n_rows_across_feed
fec_api_candidates_search_json,active_through,yes,,raw_extractions.payload_json,no,,database/federal_fec.py:802,explicitly excluded (not projected into structured FEC table),"Add explicit projection mapping if this key is needed downstream, or document intentional exclusion.",3,no,0.0,2026 | 2024 | 2028,raw_extractions:fec_api:candidates_search:30d222d46a0d98eb68dd9d5c7d1474fa0af310e7; raw_extractions:fec_api:candidates_search:942e94d3a7c3608a14db2b0e394b2a0d7f744456; raw_extractions:fec_api:candidates_search:e78d69a2805fc322e81387b3d2e4799007f4ac70; raw_extractions:fec_api:candidates_search:da87a8d4f8477505e504fe00ee27b5aaf88876af; raw_extractions:fec_api:candidates_search:8130a8140a97988703c765d0925d4697ca71f089,raw_extractions_payload_scan_union_all_payloads_profiled_first_n_rows_across_feed
fec_api_candidates_search_json,candidate_id,yes,,raw_extractions.payload_json; fec_candidate_match.*,yes,database/federal_fec.py; scripts/newsroom_queries.py,,,Keep full raw payload retention and structured projection tests aligned.,3,no,0.0,H6IL16140 | H8IL05073 | H2IL05241,raw_extractions:fec_api:candidates_search:30d222d46a0d98eb68dd9d5c7d1474fa0af310e7; raw_extractions:fec_api:candidates_search:942e94d3a7c3608a14db2b0e394b2a0d7f744456; raw_extractions:fec_api:candidates_search:e78d69a2805fc322e81387b3d2e4799007f4ac70; raw_extractions:fec_api:candidates_search:da87a8d4f8477505e504fe00ee27b5aaf88876af; raw_extractions:fec_api:candidates_search:8130a8140a97988703c765d0925d4697ca71f089,raw_extractions_payload_scan_union_all_payloads_profiled_first_n_rows_across_feed
fec_api_candidates_search_json,candidate_inactive,yes,,raw_extractions.payload_json,no,,database/federal_fec.py:802,explicitly excluded (not projected into structured FEC table),"Add explicit projection mapping if this key is needed downstream, or document intentional exclusion.",3,no,0.0,False | True,raw_extractions:fec_api:candidates_search:30d222d46a0d98eb68dd9d5c7d1474fa0af310e7; raw_extractions:fec_api:candidates_search:942e94d3a7c3608a14db2b0e394b2a0d7f744456; raw_extractions:fec_api:candidates_search:e78d69a2805fc322e81387b3d2e4799007f4ac70; raw_extractions:fec_api:candidates_search:da87a8d4f8477505e504fe00ee27b5aaf88876af; raw_extractions:fec_api:candidates_search:8130a8140a97988703c765d0925d4697ca71f089,raw_extractions_payload_scan_union_all_payloads_profiled_first_n_rows_across_feed
fec_api_candidates_search_json,candidate_status,yes,,raw_extractions.payload_json; fec_candidate_match.*,yes,database/federal_fec.py; scripts/newsroom_queries.py,,,Keep full raw payload retention and structured projection tests aligned.,3,no,0.0,N | P | C,raw_extractions:fec_api:candidates_search:30d222d46a0d98eb68dd9d5c7d1474fa0af310e7; raw_extractions:fec_api:candidates_search:942e94d3a7c3608a14db2b0e394b2a0d7f744456; raw_extractions:fec_api:candidates_search:e78d69a2805fc322e81387b3d2e4799007f4ac70; raw_extractions:fec_api:candidates_search:da87a8d4f8477505e504fe00ee27b5aaf88876af; raw_extractions:fec_api:candidates_search:8130a8140a97988703c765d0925d4697ca71f089,raw_extractions_payload_scan_union_all_payloads_profiled_first_n_rows_across_feed
fec_api_candidates_search_json,cycles,yes,,raw_extractions.payload_json,no,,database/federal_fec.py:802,explicitly excluded (not projected into structured FEC table),"Add explicit projection mapping if this key is needed downstream, or document intentional exclusion.",3,no,0.0,"[2026] | [2008, 2010, 2018, 2020, 2022, 2024, 2026] | [2022, 2024, 2026]",raw_extractions:fec_api:candidates_search:30d222d46a0d98eb68dd9d5c7d1474fa0af310e7; raw_extractions:fec_api:candidates_search:942e94d3a7c3608a14db2b0e394b2a0d7f744456; raw_extractions:fec_api:candidates_search:e78d69a2805fc322e81387b3d2e4799007f4ac70; raw_extractions:fec_api:candidates_search:da87a8d4f8477505e504fe00ee27b5aaf88876af; raw_extractions:fec_api:candidates_search:8130a8140a97988703c765d0925d4697ca71f089,raw_extractions_payload_scan_union_all_payloads_profiled_first_n_rows_across_feed
fec_api_candidates_search_json,district,yes,,raw_extractions.payload_json; fec_candidate_match.*,yes,database/federal_fec.py; scripts/newsroom_queries.py,,,Keep full raw payload retention and structured projection tests aligned.,3,no,0.034351,16 | 05 | 00,raw_extractions:fec_api:candidates_search:30d222d46a0d98eb68dd9d5c7d1474fa0af310e7; raw_extractions:fec_api:candidates_search:942e94d3a7c3608a14db2b0e394b2a0d7f744456; raw_extractions:fec_api:candidates_search:e78d69a2805fc322e81387b3d2e4799007f4ac70; raw_extractions:fec_api:candidates_search:da87a8d4f8477505e504fe00ee27b5aaf88876af; raw_extractions:fec_api:candidates_search:8130a8140a97988703c765d0925d4697ca71f089,raw_extractions_payload_scan_union_all_payloads_profiled_first_n_rows_across_feed
fec_api_candidates_search_json,district_number,yes,,raw_extractions.payload_json,no,,database/federal_fec.py:802,explicitly excluded (not projected into structured FEC table),"Add explicit projection mapping if this key is needed downstream, or document intentional exclusion.",3,no,0.034351,16 | 5 | 0,raw_extractions:fec_api:candidates_search:30d222d46a0d98eb68dd9d5c7d1474fa0af310e7; raw_extractions:fec_api:candidates_search:942e94d3a7c3608a14db2b0e394b2a0d7f744456; raw_extractions:fec_api:candidates_search:e78d69a2805fc322e81387b3d2e4799007f4ac70; raw_extractions:fec_api:candidates_search:da87a8d4f8477505e504fe00ee27b5aaf88876af; raw_extractions:fec_api:candidates_search:8130a8140a97988703c765d0925d4697ca71f089,raw_extractions_payload_scan_union_all_payloads_profiled_first_n_rows_across_feed
fec_api_candidates_search_json,election_districts,yes,,raw_extractions.payload_json,no,,database/federal_fec.py:802,explicitly excluded (not projected into structured FEC table),"Add explicit projection mapping if this key is needed downstream, or document intentional exclusion.",3,no,0.0,"['16'] | ['05', '05', '05', '05', '05', '05', '05'] | ['05']",raw_extractions:fec_api:candidates_search:30d222d46a0d98eb68dd9d5c7d1474fa0af310e7; raw_extractions:fec_api:candidates_search:942e94d3a7c3608a14db2b0e394b2a0d7f744456; raw_extractions:fec_api:candidates_search:e78d69a2805fc322e81387b3d2e4799007f4ac70; raw_extractions:fec_api:candidates_search:da87a8d4f8477505e504fe00ee27b5aaf88876af; raw_extractions:fec_api:candidates_search:8130a8140a97988703c765d0925d4697ca71f089,raw_extractions_payload_scan_union_all_payloads_profiled_first_n_rows_across_feed
fec_api_candidates_search_json,election_years,yes,,raw_extractions.payload_json,no,,database/federal_fec.py:802,explicitly excluded (not projected into structured FEC table),"Add explicit projection mapping if this key is needed downstream, or document intentional exclusion.",3,no,0.0,"[2026] | [2008, 2009, 2018, 2020, 2022, 2024, 2026] | [2022, 2024]",raw_extractions:fec_api:candidates_search:30d222d46a0d98eb68dd9d5c7d1474fa0af310e7; raw_extractions:fec_api:candidates_search:942e94d3a7c3608a14db2b0e394b2a0d7f744456; raw_extractions:fec_api:candidates_search:e78d69a2805fc322e81387b3d2e4799007f4ac70; raw_extractions:fec_api:candidates_search:da87a8d4f8477505e504fe00ee27b5aaf88876af; raw_extractions:fec_api:candidates_search:8130a8140a97988703c765d0925d4697ca71f089,raw_extractions_payload_scan_union_all_payloads_profiled_first_n_rows_across_feed
fec_api_candidates_search_json,federal_funds_flag,yes,,raw_extractions.payload_json,no,,database/federal_fec.py:802,explicitly excluded (not projected into structured FEC table),"Add explicit projection mapping if this key is needed downstream, or document intentional exclusion.",3,no,0.0,False,raw_extractions:fec_api:candidates_search:30d222d46a0d98eb68dd9d5c7d1474fa0af310e7; raw_extractions:fec_api:candidates_search:942e94d3a7c3608a14db2b0e394b2a0d7f744456; raw_extractions:fec_api:candidates_search:e78d69a2805fc322e81387b3d2e4799007f4ac70; raw_extractions:fec_api:candidates_search:da87a8d4f8477505e504fe00ee27b5aaf88876af; raw_extractions:fec_api:candidates_search:8130a8140a97988703c765d0925d4697ca71f089,raw_extractions_payload_scan_union_all_payloads_profiled_first_n_rows_across_feed
fec_api_candidates_search_json,first_file_date,yes,,raw_extractions.payload_json,no,,database/federal_fec.py:802,explicitly excluded (not projected into structured FEC table),"Add explicit projection mapping if this key is needed downstream, or document intentional exclusion.",3,no,0.019084,2025-08-11 | 2008-06-05 | 2025-12-20,raw_extractions:fec_api:candidates_search:30d222d46a0d98eb68dd9d5c7d1474fa0af310e7; raw_extractions:fec_api:candidates_search:942e94d3a7c3608a14db2b0e394b2a0d7f744456; raw_extractions:fec_api:candidates_search:e78d69a2805fc322e81387b3d2e4799007f4ac70; raw_extractions:fec_api:candidates_search:da87a8d4f8477505e504fe00ee27b5aaf88876af; raw_extractions:fec_api:candidates_search:8130a8140a97988703c765d0925d4697ca71f089,raw_extractions_payload_scan_union_all_payloads_profiled_first_n_rows_across_feed
fec_api_candidates_search_json,has_raised_funds,yes,,raw_extractions.payload_json,no,,database/federal_fec.py:802,explicitly excluded (not projected into structured FEC table),"Add explicit projection mapping if this key is needed downstream, or document intentional exclusion.",3,no,0.0,False | True,raw_extractions:fec_api:candidates_search:30d222d46a0d98eb68dd9d5c7d1474fa0af310e7; raw_extractions:fec_api:candidates_search:942e94d3a7c3608a14db2b0e394b2a0d7f744456; raw_extractions:fec_api:candidates_search:e78d69a2805fc322e81387b3d2e4799007f4ac70; raw_extractions:fec_api:candidates_search:da87a8d4f8477505e504fe00ee27b5aaf88876af; raw_extractions:fec_api:candidates_search:8130a8140a97988703c765d0925d4697ca71f089,raw_extractions_payload_scan_union_all_payloads_profiled_first_n_rows_across_feed
fec_api_candidates_search_json,inactive_election_years,yes,,raw_extractions.payload_json,no,,database/federal_fec.py:802,explicitly excluded (not projected into structured FEC table),"Add explicit projection mapping if this key is needed downstream, or document intentional exclusion.",3,no,0.950382,[2014] | [2026] | [2022],raw_extractions:fec_api:candidates_search:30d222d46a0d98eb68dd9d5c7d1474fa0af310e7; raw_extractions:fec_api:candidates_search:942e94d3a7c3608a14db2b0e394b2a0d7f744456; raw_extractions:fec_api:candidates_search:e78d69a2805fc322e81387b3d2e4799007f4ac70; raw_extractions:fec_api:candidates_search:da87a8d4f8477505e504fe00ee27b5aaf88876af; raw_extractions:fec_api:candidates_search:8130a8140a97988703c765d0925d4697ca71f089,raw_extractions_payload_scan_union_all_payloads_profiled_first_n_rows_across_feed
fec_api_candidates_search_json,incumbent_challenge,yes,,raw_extractions.payload_json,no,,database/federal_fec.py:802,explicitly excluded (not projected into structured FEC table),"Add explicit projection mapping if this key is needed downstream, or document intentional exclusion.",3,no,0.041985,C | O | I,raw_extractions:fec_api:candidates_search:30d222d46a0d98eb68dd9d5c7d1474fa0af310e7; raw_extractions:fec_api:candidates_search:942e94d3a7c3608a14db2b0e394b2a0d7f744456; raw_extractions:fec_api:candidates_search:e78d69a2805fc322e81387b3d2e4799007f4ac70; raw_extractions:fec_api:candidates_search:da87a8d4f8477505e504fe00ee27b5aaf88876af; raw_extractions:fec_api:candidates_search:8130a8140a97988703c765d0925d4697ca71f089,raw_extractions_payload_scan_union_all_payloads_profiled_first_n_rows_across_feed
fec_api_candidates_search_json,incumbent_challenge_full,yes,,raw_extractions.payload_json,no,,database/federal_fec.py:802,explicitly excluded (not projected into structured FEC table),"Add explicit projection mapping if this key is needed downstream, or document intentional exclusion.",3,no,0.041985,Challenger | Open seat | Incumbent,raw_extractions:fec_api:candidates_search:30d222d46a0d98eb68dd9d5c7d1474fa0af310e7; raw_extractions:fec_api:candidates_search:942e94d3a7c3608a14db2b0e394b2a0d7f744456; raw_extractions:fec_api:candidates_search:e78d69a2805fc322e81387b3d2e4799007f4ac70; raw_extractions:fec_api:candidates_search:da87a8d4f8477505e504fe00ee27b5aaf88876af; raw_extractions:fec_api:candidates_search:8130a8140a97988703c765d0925d4697ca71f089,raw_extractions_payload_scan_union_all_payloads_profiled_first_n_rows_across_feed
fec_api_candidates_search_json,last_f2_date,yes,,raw_extractions.payload_json,no,,database/federal_fec.py:802,explicitly excluded (not projected into structured FEC table),"Add explicit projection mapping if this key is needed downstream, or document intentional exclusion.",3,no,0.019084,2025-08-11 | 2022-07-05 | 2025-12-20,raw_extractions:fec_api:candidates_search:30d222d46a0d98eb68dd9d5c7d1474fa0af310e7; raw_extractions:fec_api:candidates_search:942e94d3a7c3608a14db2b0e394b2a0d7f744456; raw_extractions:fec_api:candidates_search:e78d69a2805fc322e81387b3d2e4799007f4ac70; raw_extractions:fec_api:candidates_search:da87a8d4f8477505e504fe00ee27b5aaf88876af; raw_extractions:fec_api:candidates_search:8130a8140a97988703c765d0925d4697ca71f089,raw_extractions_payload_scan_union_all_payloads_profiled_first_n_rows_across_feed
fec_api_candidates_search_json,last_file_date,yes,,raw_extractions.payload_json,no,,database/federal_fec.py:802,explicitly excluded (not projected into structured FEC table),"Add explicit projection mapping if this key is needed downstream, or document intentional exclusion.",3,no,0.019084,2025-08-11 | 2022-07-05 | 2025-12-20,raw_extractions:fec_api:candidates_search:30d222d46a0d98eb68dd9d5c7d1474fa0af310e7; raw_extractions:fec_api:candidates_search:942e94d3a7c3608a14db2b0e394b2a0d7f744456; raw_extractions:fec_api:candidates_search:e78d69a2805fc322e81387b3d2e4799007f4ac70; raw_extractions:fec_api:candidates_search:da87a8d4f8477505e504fe00ee27b5aaf88876af; raw_extractions:fec_api:candidates_search:8130a8140a97988703c765d0925d4697ca71f089,raw_extractions_payload_scan_union_all_payloads_profiled_first_n_rows_across_feed
fec_api_candidates_search_json,load_date,yes,,raw_extractions.payload_json,no,,database/federal_fec.py:802,explicitly excluded (not projected into structured FEC table),"Add explicit projection mapping if this key is needed downstream, or document intentional exclusion.",3,no,0.0,2025-09-02T21:03:03 | 2026-02-05T21:01:18 | 2025-12-30T21:00:52,raw_extractions:fec_api:candidates_search:30d222d46a0d98eb68dd9d5c7d1474fa0af310e7; raw_extractions:fec_api:candidates_search:942e94d3a7c3608a14db2b0e394b2a0d7f744456; raw_extractions:fec_api:candidates_search:e78d69a2805fc322e81387b3d2e4799007f4ac70; raw_extractions:fec_api:candidates_search:da87a8d4f8477505e504fe00ee27b5aaf88876af; raw_extractions:fec_api:candidates_search:8130a8140a97988703c765d0925d4697ca71f089,raw_extractions_payload_scan_union_all_payloads_profiled_first_n_rows_across_feed
fec_api_candidates_search_json,name,yes,,raw_extractions.payload_json; fec_candidate_match.*,yes,database/federal_fec.py; scripts/newsroom_queries.py,,,Keep full raw payload retention and structured projection tests aligned.,3,no,0.0,"GULLETTE, GARTH WESLEY | HANSON, TOM | HANSON, TOMMY",raw_extractions:fec_api:candidates_search:30d222d46a0d98eb68dd9d5c7d1474fa0af310e7; raw_extractions:fec_api:candidates_search:942e94d3a7c3608a14db2b0e394b2a0d7f744456; raw_extractions:fec_api:candidates_search:e78d69a2805fc322e81387b3d2e4799007f4ac70; raw_extractions:fec_api:candidates_search:da87a8d4f8477505e504fe00ee27b5aaf88876af; raw_extractions:fec_api:candidates_search:8130a8140a97988703c765d0925d4697ca71f089,raw_extractions_payload_scan_union_all_payloads_profiled_first_n_rows_across_feed
fec_api_candidates_search_json,office,yes,,raw_extractions.payload_json; fec_candidate_match.*,yes,database/federal_fec.py; scripts/newsroom_queries.py,,,Keep full raw payload retention and structured projection tests aligned.,3,no,0.0,H | S,raw_extractions:fec_api:candidates_search:30d222d46a0d98eb68dd9d5c7d1474fa0af310e7; raw_extractions:fec_api:candidates_search:942e94d3a7c3608a14db2b0e394b2a0d7f744456; raw_extractions:fec_api:candidates_search:e78d69a2805fc322e81387b3d2e4799007f4ac70; raw_extractions:fec_api:candidates_search:da87a8d4f8477505e504fe00ee27b5aaf88876af; raw_extractions:fec_api:candidates_search:8130a8140a97988703c765d0925d4697ca71f089,raw_extractions_payload_scan_union_all_payloads_profiled_first_n_rows_across_feed
fec_api_candidates_search_json,office_full,yes,,raw_extractions.payload_json,no,,database/federal_fec.py:802,explicitly excluded (not projected into structured FEC table),"Add explicit projection mapping if this key is needed downstream, or document intentional exclusion.",3,no,0.0,House | Senate,raw_extractions:fec_api:candidates_search:30d222d46a0d98eb68dd9d5c7d1474fa0af310e7; raw_extractions:fec_api:candidates_search:942e94d3a7c3608a14db2b0e394b2a0d7f744456; raw_extractions:fec_api:candidates_search:e78d69a2805fc322e81387b3d2e4799007f4ac70; raw_extractions:fec_api:candidates_search:da87a8d4f8477505e504fe00ee27b5aaf88876af; raw_extractions:fec_api:candidates_search:8130a8140a97988703c765d0925d4697ca71f089,raw_extractions_payload_scan_union_all_payloads_profiled_first_n_rows_across_feed
fec_api_candidates_search_json,party,yes,,raw_extractions.payload_json; fec_candidate_match.*,yes,database/federal_fec.py; scripts/newsroom_queries.py,,,Keep full raw payload retention and structured projection tests aligned.,3,no,0.0,REP | IND | OTH,raw_extractions:fec_api:candidates_search:30d222d46a0d98eb68dd9d5c7d1474fa0af310e7; raw_extractions:fec_api:candidates_search:942e94d3a7c3608a14db2b0e394b2a0d7f744456; raw_extractions:fec_api:candidates_search:e78d69a2805fc322e81387b3d2e4799007f4ac70; raw_extractions:fec_api:candidates_search:da87a8d4f8477505e504fe00ee27b5aaf88876af; raw_extractions:fec_api:candidates_search:8130a8140a97988703c765d0925d4697ca71f089,raw_extractions_payload_scan_union_all_payloads_profiled_first_n_rows_across_feed
fec_api_candidates_search_json,party_full,yes,,raw_extractions.payload_json,no,,database/federal_fec.py:802,explicitly excluded (not projected into structured FEC table),"Add explicit projection mapping if this key is needed downstream, or document intentional exclusion.",3,no,0.0,REPUBLICAN PARTY | INDEPENDENT | OTHER,raw_extractions:fec_api:candidates_search:30d222d46a0d98eb68dd9d5c7d1474fa0af310e7; raw_extractions:fec_api:candidates_search:942e94d3a7c3608a14db2b0e394b2a0d7f744456; raw_extractions:fec_api:candidates_search:e78d69a2805fc322e81387b3d2e4799007f4ac70; raw_extractions:fec_api:candidates_search:da87a8d4f8477505e504fe00ee27b5aaf88876af; raw_extractions:fec_api:candidates_search:8130a8140a97988703c765d0925d4697ca71f089,raw_extractions_payload_scan_union_all_payloads_profiled_first_n_rows_across_feed
fec_api_candidates_search_json,principal_committees,yes,,raw_extractions.payload_json; fec_candidate_match.*,yes,database/federal_fec.py; scripts/newsroom_queries.py,,,Keep full raw payload retention and structured projection tests aligned.,3,no,0.0,"[] | [{'affiliated_committee_name': 'NONE', 'candidate_ids': ['H8IL05073'], 'committee_id': 'C00819870', 'committee_type': 'H', 'committee_type_full': 'House', 'cycles': [2022, 2024, 2026], 'designation': 'P', 'designation_full': 'Principal campaign committee', 'filing_frequency': 'Q', 'first_f1_date': '2022-07-05', 'first_file_date': '2022-07-05', 'last_f1_date': '2022-07-05', 'last_file_date': '2024-10-23', 'name': 'TOMMY HANSON FOR CONGRESS', 'organization_type': None, 'organization_type_full': None, 'party': 'REP', 'party_full': 'REPUBLICAN PARTY', 'state': 'IL', 'treasurer_name': 'HANSON, TOMMY'}, {'affiliated_committee_name': None, 'candidate_ids': ['H8IL05073'], 'committee_id': 'C00451252', 'committee_type': 'H', 'committee_type_full': 'House', 'cycles': [2008, 2010], 'designation': 'P', 'designation_full': 'Principal campaign committee', 'filing_frequency': 'T', 'first_f1_date': '2008-06-05', 'first_file_date': '2008-06-05', 'last_f1_date': '2008-09-29', 'last_file_date': '2009-03-24', 'name': 'FRIENDS OF TOM HANSON', 'organization_type': None, 'organization_type_full': None, 'party': 'REP', 'party_full': 'REPUBLICAN PARTY', 'state': 'IL', 'treasurer_name': 'ROGER PACELLI'}] | [{'affiliated_committee_name': 'NONE', 'candidate_ids': ['S6IL00680'], 'committee_id': 'C00931428', 'committee_type': 'S', 'committee_type_full': 'Senate', 'cycles': [2026], 'designation': 'P', 'designation_full': 'Principal campaign committee', 'filing_frequency': 'Q', 'first_f1_date': '2025-12-20', 'first_file_date': '2025-12-20', 'last_f1_date': '2026-01-13', 'last_file_date': '2026-01-29', 'name': 'FRIENDS OF WHITFIELD HARRINGTON', 'organization_type': None, 'organization_type_full': None, 'party': 'IND', 'party_full': 'INDEPENDENT', 'state': 'IL', 'treasurer_name': 'HARRINGTON, WHITFIELD'}]",raw_extractions:fec_api:candidates_search:30d222d46a0d98eb68dd9d5c7d1474fa0af310e7; raw_extractions:fec_api:candidates_search:942e94d3a7c3608a14db2b0e394b2a0d7f744456; raw_extractions:fec_api:candidates_search:e78d69a2805fc322e81387b3d2e4799007f4ac70; raw_extractions:fec_api:candidates_search:da87a8d4f8477505e504fe00ee27b5aaf88876af; raw_extractions:fec_api:candidates_search:8130a8140a97988703c765d0925d4697ca71f089,raw_extractions_payload_scan_union_all_payloads_profiled_first_n_rows_across_feed
fec_api_candidates_search_json,state,yes,,raw_extractions.payload_json; fec_candidate_match.*,yes,database/federal_fec.py; scripts/newsroom_queries.py,,,Keep full raw payload retention and structured projection tests aligned.,3,no,0.0,IL,raw_extractions:fec_api:candidates_search:30d222d46a0d98eb68dd9d5c7d1474fa0af310e7; raw_extractions:fec_api:candidates_search:942e94d3a7c3608a14db2b0e394b2a0d7f744456; raw_extractions:fec_api:candidates_search:e78d69a2805fc322e81387b3d2e4799007f4ac70; raw_extractions:fec_api:candidates_search:da87a8d4f8477505e504fe00ee27b5aaf88876af; raw_extractions:fec_api:candidates_search:8130a8140a97988703c765d0925d4697ca71f089,raw_extractions_payload_scan_union_all_payloads_profiled_first_n_rows_across_feed
fec_api_candidate_committees_json,affiliated_committee_name,yes,,raw_extractions.payload_json,no,,database/federal_fec.py:938,explicitly excluded (not projected into structured FEC table),"Add explicit projection mapping if this key is needed downstream, or document intentional exclusion.",117,no,0.025,NONE | TEAM RAJA VICTORY FUND | ROBIN KELLY FOR CONGRESS,raw_extractions:fec_api:candidate_H6IL07529_committees:bc9976d87eb18b5e6ce93fd95803a09c06f244ee; raw_extractions:fec_api:candidate_H6IL08337_committees:a2dbe9e92f92c08291bcdc18267e87d27a16058a; raw_extractions:fec_api:candidate_S6IL00441_committees:7c2b7d7d2e9c3d8eb43047500cf538044e8e9bdb; raw_extractions:fec_api:candidate_H6IL07412_committees:51603c6f77622d4cc73fe0af0d7fa2ec782db2cb; raw_extractions:fec_api:candidate_H4IL05130_committees:0f42e322ba94ff66efbf35ae2380990b199393a7; raw_extractions:fec_api:candidate_S6IL00672_committees:30059c7632bef34822975bea35e39bf7dee6c7ea; raw_extractions:fec_api:candidate_S6IL00656_committees:2a7c06e19af312013c48ab633295cff74143641e; raw_extractions:fec_api:candidate_S8IL00215_committees:195db46356f0e5368e795990d97e71a8b5af294d; raw_extractions:fec_api:candidate_S6IL00649_committees:fb4bd59b039136a8293de3dbf9d7a8cd16810dd4; raw_extractions:fec_api:candidate_S6IL00615_committees:fb4a7be2d187943506f8f713ebcc6fb7f1759b9a; raw_extractions:fec_api:candidate_S6IL00623_committees:4f219dbc38bd403ab364247414fba4c601baee1c; raw_extractions:fec_api:candidate_S6IL00581_committees:8af685eda4ceda8c9ff24cdc691b5d996ea5a367; ... (+112 more),raw_extractions_payload_scan_union_all_payloads_profiled_first_n_rows_across_feed
fec_api_candidate_committees_json,candidate_ids,yes,,raw_extractions.payload_json,no,,database/federal_fec.py:938,explicitly excluded (not projected into structured FEC table),"Add explicit projection mapping if this key is needed downstream, or document intentional exclusion.",117,no,0.0,"['H4WI02070', 'H4WI04290', 'H6IL07412'] | ['S6IL00672'] | ['S6IL00656']",raw_extractions:fec_api:candidate_H6IL07529_committees:bc9976d87eb18b5e6ce93fd95803a09c06f244ee; raw_extractions:fec_api:candidate_H6IL08337_committees:a2dbe9e92f92c08291bcdc18267e87d27a16058a; raw_extractions:fec_api:candidate_S6IL00441_committees:7c2b7d7d2e9c3d8eb43047500cf538044e8e9bdb; raw_extractions:fec_api:candidate_H6IL07412_committees:51603c6f77622d4cc73fe0af0d7fa2ec782db2cb; raw_extractions:fec_api:candidate_H4IL05130_committees:0f42e322ba94ff66efbf35ae2380990b199393a7; raw_extractions:fec_api:candidate_S6IL00672_committees:30059c7632bef34822975bea35e39bf7dee6c7ea; raw_extractions:fec_api:candidate_S6IL00656_committees:2a7c06e19af312013c48ab633295cff74143641e; raw_extractions:fec_api:candidate_S8IL00215_committees:195db46356f0e5368e795990d97e71a8b5af294d; raw_extractions:fec_api:candidate_S6IL00649_committees:fb4bd59b039136a8293de3dbf9d7a8cd16810dd4; raw_extractions:fec_api:candidate_S6IL00615_committees:fb4a7be2d187943506f8f713ebcc6fb7f1759b9a; raw_extractions:fec_api:candidate_S6IL00623_committees:4f219dbc38bd403ab364247414fba4c601baee1c; raw_extractions:fec_api:candidate_S6IL00581_committees:8af685eda4ceda8c9ff24cdc691b5d996ea5a367; ... (+112 more),raw_extractions_payload_scan_union_all_payloads_profiled_first_n_rows_across_feed
fec_api_candidate_committees_json,city,yes,,raw_extractions.payload_json; fec_candidate_committees.*,yes,database/federal_fec.py; webapp/routes/main.py,,,Keep full raw payload retention and structured projection tests aligned.,117,no,0.0,MILWAUKEE | ALEXANDRIA | CHICAGO,raw_extractions:fec_api:candidate_H6IL07529_committees:bc9976d87eb18b5e6ce93fd95803a09c06f244ee; raw_extractions:fec_api:candidate_H6IL08337_committees:a2dbe9e92f92c08291bcdc18267e87d27a16058a; raw_extractions:fec_api:candidate_S6IL00441_committees:7c2b7d7d2e9c3d8eb43047500cf538044e8e9bdb; raw_extractions:fec_api:candidate_H6IL07412_committees:51603c6f77622d4cc73fe0af0d7fa2ec782db2cb; raw_extractions:fec_api:candidate_H4IL05130_committees:0f42e322ba94ff66efbf35ae2380990b199393a7; raw_extractions:fec_api:candidate_S6IL00672_committees:30059c7632bef34822975bea35e39bf7dee6c7ea; raw_extractions:fec_api:candidate_S6IL00656_committees:2a7c06e19af312013c48ab633295cff74143641e; raw_extractions:fec_api:candidate_S8IL00215_committees:195db46356f0e5368e795990d97e71a8b5af294d; raw_extractions:fec_api:candidate_S6IL00649_committees:fb4bd59b039136a8293de3dbf9d7a8cd16810dd4; raw_extractions:fec_api:candidate_S6IL00615_committees:fb4a7be2d187943506f8f713ebcc6fb7f1759b9a; raw_extractions:fec_api:candidate_S6IL00623_committees:4f219dbc38bd403ab364247414fba4c601baee1c; raw_extractions:fec_api:candidate_S6IL00581_committees:8af685eda4ceda8c9ff24cdc691b5d996ea5a367; ... (+112 more),raw_extractions_payload_scan_union_all_payloads_profiled_first_n_rows_across_feed
fec_api_candidate_committees_json,committee_id,yes,,raw_extractions.payload_json; fec_candidate_committees.*,yes,database/federal_fec.py; webapp/routes/main.py,,,Keep full raw payload retention and structured projection tests aligned.,117,no,0.0,C00881896 | C00921759 | C00920348,raw_extractions:fec_api:candidate_H6IL07529_committees:bc9976d87eb18b5e6ce93fd95803a09c06f244ee; raw_extractions:fec_api:candidate_H6IL08337_committees:a2dbe9e92f92c08291bcdc18267e87d27a16058a; raw_extractions:fec_api:candidate_S6IL00441_committees:7c2b7d7d2e9c3d8eb43047500cf538044e8e9bdb; raw_extractions:fec_api:candidate_H6IL07412_committees:51603c6f77622d4cc73fe0af0d7fa2ec782db2cb; raw_extractions:fec_api:candidate_H4IL05130_committees:0f42e322ba94ff66efbf35ae2380990b199393a7; raw_extractions:fec_api:candidate_S6IL00672_committees:30059c7632bef34822975bea35e39bf7dee6c7ea; raw_extractions:fec_api:candidate_S6IL00656_committees:2a7c06e19af312013c48ab633295cff74143641e; raw_extractions:fec_api:candidate_S8IL00215_committees:195db46356f0e5368e795990d97e71a8b5af294d; raw_extractions:fec_api:candidate_S6IL00649_committees:fb4bd59b039136a8293de3dbf9d7a8cd16810dd4; raw_extractions:fec_api:candidate_S6IL00615_committees:fb4a7be2d187943506f8f713ebcc6fb7f1759b9a; raw_extractions:fec_api:candidate_S6IL00623_committees:4f219dbc38bd403ab364247414fba4c601baee1c; raw_extractions:fec_api:candidate_S6IL00581_committees:8af685eda4ceda8c9ff24cdc691b5d996ea5a367; ... (+112 more),raw_extractions_payload_scan_union_all_payloads_profiled_first_n_rows_across_feed
fec_api_candidate_committees_json,committee_type,yes,,raw_extractions.payload_json; fec_candidate_committees.*,yes,database/federal_fec.py; webapp/routes/main.py,,,Keep full raw payload retention and structured projection tests aligned.,117,no,0.0,O | S | H,raw_extractions:fec_api:candidate_H6IL07529_committees:bc9976d87eb18b5e6ce93fd95803a09c06f244ee; raw_extractions:fec_api:candidate_H6IL08337_committees:a2dbe9e92f92c08291bcdc18267e87d27a16058a; raw_extractions:fec_api:candidate_S6IL00441_committees:7c2b7d7d2e9c3d8eb43047500cf538044e8e9bdb; raw_extractions:fec_api:candidate_H6IL07412_committees:51603c6f77622d4cc73fe0af0d7fa2ec782db2cb; raw_extractions:fec_api:candidate_H4IL05130_committees:0f42e322ba94ff66efbf35ae2380990b199393a7; raw_extractions:fec_api:candidate_S6IL00672_committees:30059c7632bef34822975bea35e39bf7dee6c7ea; raw_extractions:fec_api:candidate_S6IL00656_committees:2a7c06e19af312013c48ab633295cff74143641e; raw_extractions:fec_api:candidate_S8IL00215_committees:195db46356f0e5368e795990d97e71a8b5af294d; raw_extractions:fec_api:candidate_S6IL00649_committees:fb4bd59b039136a8293de3dbf9d7a8cd16810dd4; raw_extractions:fec_api:candidate_S6IL00615_committees:fb4a7be2d187943506f8f713ebcc6fb7f1759b9a; raw_extractions:fec_api:candidate_S6IL00623_committees:4f219dbc38bd403ab364247414fba4c601baee1c; raw_extractions:fec_api:candidate_S6IL00581_committees:8af685eda4ceda8c9ff24cdc691b5d996ea5a367; ... (+112 more),raw_extractions_payload_scan_union_all_payloads_profiled_first_n_rows_across_feed
fec_api_candidate_committees_json,committee_type_full,yes,,raw_extractions.payload_json,no,,database/federal_fec.py:938,explicitly excluded (not projected into structured FEC table),"Add explicit projection mapping if this key is needed downstream, or document intentional exclusion.",117,no,0.0,Super PAC (Independent Expenditure-Only) | Senate | House,raw_extractions:fec_api:candidate_H6IL07529_committees:bc9976d87eb18b5e6ce93fd95803a09c06f244ee; raw_extractions:fec_api:candidate_H6IL08337_committees:a2dbe9e92f92c08291bcdc18267e87d27a16058a; raw_extractions:fec_api:candidate_S6IL00441_committees:7c2b7d7d2e9c3d8eb43047500cf538044e8e9bdb; raw_extractions:fec_api:candidate_H6IL07412_committees:51603c6f77622d4cc73fe0af0d7fa2ec782db2cb; raw_extractions:fec_api:candidate_H4IL05130_committees:0f42e322ba94ff66efbf35ae2380990b199393a7; raw_extractions:fec_api:candidate_S6IL00672_committees:30059c7632bef34822975bea35e39bf7dee6c7ea; raw_extractions:fec_api:candidate_S6IL00656_committees:2a7c06e19af312013c48ab633295cff74143641e; raw_extractions:fec_api:candidate_S8IL00215_committees:195db46356f0e5368e795990d97e71a8b5af294d; raw_extractions:fec_api:candidate_S6IL00649_committees:fb4bd59b039136a8293de3dbf9d7a8cd16810dd4; raw_extractions:fec_api:candidate_S6IL00615_committees:fb4a7be2d187943506f8f713ebcc6fb7f1759b9a; raw_extractions:fec_api:candidate_S6IL00623_committees:4f219dbc38bd403ab364247414fba4c601baee1c; raw_extractions:fec_api:candidate_S6IL00581_committees:8af685eda4ceda8c9ff24cdc691b5d996ea5a367; ... (+112 more),raw_extractions_payload_scan_union_all_payloads_profiled_first_n_rows_across_feed
fec_api_candidate_committees_json,custodian_city,yes,,raw_extractions.payload_json,no,,database/federal_fec.py:938,explicitly excluded (not projected into structured FEC table),"Add explicit projection mapping if this key is needed downstream, or document intentional exclusion.",117,no,0.025,MILWAUKEE | ALEXANDRIA | CHICAGO,raw_extractions:fec_api:candidate_H6IL07529_committees:bc9976d87eb18b5e6ce93fd95803a09c06f244ee; raw_extractions:fec_api:candidate_H6IL08337_committees:a2dbe9e92f92c08291bcdc18267e87d27a16058a; raw_extractions:fec_api:candidate_S6IL00441_committees:7c2b7d7d2e9c3d8eb43047500cf538044e8e9bdb; raw_extractions:fec_api:candidate_H6IL07412_committees:51603c6f77622d4cc73fe0af0d7fa2ec782db2cb; raw_extractions:fec_api:candidate_H4IL05130_committees:0f42e322ba94ff66efbf35ae2380990b199393a7; raw_extractions:fec_api:candidate_S6IL00672_committees:30059c7632bef34822975bea35e39bf7dee6c7ea; raw_extractions:fec_api:candidate_S6IL00656_committees:2a7c06e19af312013c48ab633295cff74143641e; raw_extractions:fec_api:candidate_S8IL00215_committees:195db46356f0e5368e795990d97e71a8b5af294d; raw_extractions:fec_api:candidate_S6IL00649_committees:fb4bd59b039136a8293de3dbf9d7a8cd16810dd4; raw_extractions:fec_api:candidate_S6IL00615_committees:fb4a7be2d187943506f8f713ebcc6fb7f1759b9a; raw_extractions:fec_api:candidate_S6IL00623_committees:4f219dbc38bd403ab364247414fba4c601baee1c; raw_extractions:fec_api:candidate_S6IL00581_committees:8af685eda4ceda8c9ff24cdc691b5d996ea5a367; ... (+112 more),raw_extractions_payload_scan_union_all_payloads_profiled_first_n_rows_across_feed
fec_api_candidate_committees_json,custodian_name_1,yes,,raw_extractions.payload_json,no,,database/federal_fec.py:938,explicitly excluded (not projected into structured FEC table),"Add explicit projection mapping if this key is needed downstream, or document intentional exclusion.",117,no,0.025,BOONIE | BRENDA | STEVE,raw_extractions:fec_api:candidate_H6IL07529_committees:bc9976d87eb18b5e6ce93fd95803a09c06f244ee; raw_extractions:fec_api:candidate_H6IL08337_committees:a2dbe9e92f92c08291bcdc18267e87d27a16058a; raw_extractions:fec_api:candidate_S6IL00441_committees:7c2b7d7d2e9c3d8eb43047500cf538044e8e9bdb; raw_extractions:fec_api:candidate_H6IL07412_committees:51603c6f77622d4cc73fe0af0d7fa2ec782db2cb; raw_extractions:fec_api:candidate_H4IL05130_committees:0f42e322ba94ff66efbf35ae2380990b199393a7; raw_extractions:fec_api:candidate_S6IL00672_committees:30059c7632bef34822975bea35e39bf7dee6c7ea; raw_extractions:fec_api:candidate_S6IL00656_committees:2a7c06e19af312013c48ab633295cff74143641e; raw_extractions:fec_api:candidate_S8IL00215_committees:195db46356f0e5368e795990d97e71a8b5af294d; raw_extractions:fec_api:candidate_S6IL00649_committees:fb4bd59b039136a8293de3dbf9d7a8cd16810dd4; raw_extractions:fec_api:candidate_S6IL00615_committees:fb4a7be2d187943506f8f713ebcc6fb7f1759b9a; raw_extractions:fec_api:candidate_S6IL00623_committees:4f219dbc38bd403ab364247414fba4c601baee1c; raw_extractions:fec_api:candidate_S6IL00581_committees:8af685eda4ceda8c9ff24cdc691b5d996ea5a367; ... (+112 more),raw_extractions_payload_scan_union_all_payloads_profiled_first_n_rows_across_feed
fec_api_candidate_committees_json,custodian_name_2,yes,,raw_extractions.payload_json,no,,database/federal_fec.py:938,explicitly excluded (not projected into structured FEC table),"Add explicit projection mapping if this key is needed downstream, or document intentional exclusion.",117,no,0.025,SHELTONS | HANKINS | BOTSFORD,raw_extractions:fec_api:candidate_H6IL07529_committees:bc9976d87eb18b5e6ce93fd95803a09c06f244ee; raw_extractions:fec_api:candidate_H6IL08337_committees:a2dbe9e92f92c08291bcdc18267e87d27a16058a; raw_extractions:fec_api:candidate_S6IL00441_committees:7c2b7d7d2e9c3d8eb43047500cf538044e8e9bdb; raw_extractions:fec_api:candidate_H6IL07412_committees:51603c6f77622d4cc73fe0af0d7fa2ec782db2cb; raw_extractions:fec_api:candidate_H4IL05130_committees:0f42e322ba94ff66efbf35ae2380990b199393a7; raw_extractions:fec_api:candidate_S6IL00672_committees:30059c7632bef34822975bea35e39bf7dee6c7ea; raw_extractions:fec_api:candidate_S6IL00656_committees:2a7c06e19af312013c48ab633295cff74143641e; raw_extractions:fec_api:candidate_S8IL00215_committees:195db46356f0e5368e795990d97e71a8b5af294d; raw_extractions:fec_api:candidate_S6IL00649_committees:fb4bd59b039136a8293de3dbf9d7a8cd16810dd4; raw_extractions:fec_api:candidate_S6IL00615_committees:fb4a7be2d187943506f8f713ebcc6fb7f1759b9a; raw_extractions:fec_api:candidate_S6IL00623_committees:4f219dbc38bd403ab364247414fba4c601baee1c; raw_extractions:fec_api:candidate_S6IL00581_committees:8af685eda4ceda8c9ff24cdc691b5d996ea5a367; ... (+112 more),raw_extractions_payload_scan_union_all_payloads_profiled_first_n_rows_across_feed
fec_api_candidate_committees_json,custodian_name_full,yes,,raw_extractions.payload_json,no,,database/federal_fec.py:938,explicitly excluded (not projected into structured FEC table),"Add explicit projection mapping if this key is needed downstream, or document intentional exclusion.",117,no,0.025,"SHELTONS, BOONIE LASHAWN MRS | HANKINS, BRENDA | BOTSFORD, STEVE JR.",raw_extractions:fec_api:candidate_H6IL07529_committees:bc9976d87eb18b5e6ce93fd95803a09c06f244ee; raw_extractions:fec_api:candidate_H6IL08337_committees:a2dbe9e92f92c08291bcdc18267e87d27a16058a; raw_extractions:fec_api:candidate_S6IL00441_committees:7c2b7d7d2e9c3d8eb43047500cf538044e8e9bdb; raw_extractions:fec_api:candidate_H6IL07412_committees:51603c6f77622d4cc73fe0af0d7fa2ec782db2cb; raw_extractions:fec_api:candidate_H4IL05130_committees:0f42e322ba94ff66efbf35ae2380990b199393a7; raw_extractions:fec_api:candidate_S6IL00672_committees:30059c7632bef34822975bea35e39bf7dee6c7ea; raw_extractions:fec_api:candidate_S6IL00656_committees:2a7c06e19af312013c48ab633295cff74143641e; raw_extractions:fec_api:candidate_S8IL00215_committees:195db46356f0e5368e795990d97e71a8b5af294d; raw_extractions:fec_api:candidate_S6IL00649_committees:fb4bd59b039136a8293de3dbf9d7a8cd16810dd4; raw_extractions:fec_api:candidate_S6IL00615_committees:fb4a7be2d187943506f8f713ebcc6fb7f1759b9a; raw_extractions:fec_api:candidate_S6IL00623_committees:4f219dbc38bd403ab364247414fba4c601baee1c; raw_extractions:fec_api:candidate_S6IL00581_committees:8af685eda4ceda8c9ff24cdc691b5d996ea5a367; ... (+112 more),raw_extractions_payload_scan_union_all_payloads_profiled_first_n_rows_across_feed
fec_api_candidate_committees_json,custodian_name_middle,yes,,raw_extractions.payload_json,no,,database/federal_fec.py:938,explicitly excluded (not projected into structured FEC table),"Add explicit projection mapping if this key is needed downstream, or document intentional exclusion.",117,no,0.825,LASHAWN | JAMES | M.,raw_extractions:fec_api:candidate_H6IL07529_committees:bc9976d87eb18b5e6ce93fd95803a09c06f244ee; raw_extractions:fec_api:candidate_H6IL08337_committees:a2dbe9e92f92c08291bcdc18267e87d27a16058a; raw_extractions:fec_api:candidate_S6IL00441_committees:7c2b7d7d2e9c3d8eb43047500cf538044e8e9bdb; raw_extractions:fec_api:candidate_H6IL07412_committees:51603c6f77622d4cc73fe0af0d7fa2ec782db2cb; raw_extractions:fec_api:candidate_H4IL05130_committees:0f42e322ba94ff66efbf35ae2380990b199393a7; raw_extractions:fec_api:candidate_S6IL00672_committees:30059c7632bef34822975bea35e39bf7dee6c7ea; raw_extractions:fec_api:candidate_S6IL00656_committees:2a7c06e19af312013c48ab633295cff74143641e; raw_extractions:fec_api:candidate_S8IL00215_committees:195db46356f0e5368e795990d97e71a8b5af294d; raw_extractions:fec_api:candidate_S6IL00649_committees:fb4bd59b039136a8293de3dbf9d7a8cd16810dd4; raw_extractions:fec_api:candidate_S6IL00615_committees:fb4a7be2d187943506f8f713ebcc6fb7f1759b9a; raw_extractions:fec_api:candidate_S6IL00623_committees:4f219dbc38bd403ab364247414fba4c601baee1c; raw_extractions:fec_api:candidate_S6IL00581_committees:8af685eda4ceda8c9ff24cdc691b5d996ea5a367; ... (+112 more),raw_extractions_payload_scan_union_all_payloads_profiled_first_n_rows_across_feed
fec_api_candidate_committees_json,custodian_name_prefix,yes,,raw_extractions.payload_json,no,,database/federal_fec.py:938,explicitly excluded (not projected into structured FEC table),"Add explicit projection mapping if this key is needed downstream, or document intentional exclusion.",117,no,0.933333,MRS | DR. | MS,raw_extractions:fec_api:candidate_H6IL07529_committees:bc9976d87eb18b5e6ce93fd95803a09c06f244ee; raw_extractions:fec_api:candidate_H6IL08337_committees:a2dbe9e92f92c08291bcdc18267e87d27a16058a; raw_extractions:fec_api:candidate_S6IL00441_committees:7c2b7d7d2e9c3d8eb43047500cf538044e8e9bdb; raw_extractions:fec_api:candidate_H6IL07412_committees:51603c6f77622d4cc73fe0af0d7fa2ec782db2cb; raw_extractions:fec_api:candidate_H4IL05130_committees:0f42e322ba94ff66efbf35ae2380990b199393a7; raw_extractions:fec_api:candidate_S6IL00672_committees:30059c7632bef34822975bea35e39bf7dee6c7ea; raw_extractions:fec_api:candidate_S6IL00656_committees:2a7c06e19af312013c48ab633295cff74143641e; raw_extractions:fec_api:candidate_S8IL00215_committees:195db46356f0e5368e795990d97e71a8b5af294d; raw_extractions:fec_api:candidate_S6IL00649_committees:fb4bd59b039136a8293de3dbf9d7a8cd16810dd4; raw_extractions:fec_api:candidate_S6IL00615_committees:fb4a7be2d187943506f8f713ebcc6fb7f1759b9a; raw_extractions:fec_api:candidate_S6IL00623_committees:4f219dbc38bd403ab364247414fba4c601baee1c; raw_extractions:fec_api:candidate_S6IL00581_committees:8af685eda4ceda8c9ff24cdc691b5d996ea5a367; ... (+112 more),raw_extractions_payload_scan_union_all_payloads_profiled_first_n_rows_across_feed
fec_api_candidate_committees_json,custodian_name_suffix,yes,,raw_extractions.payload_json,no,,database/federal_fec.py:938,explicitly excluded (not projected into structured FEC table),"Add explicit projection mapping if this key is needed downstream, or document intentional exclusion.",117,no,0.983333,JR. | II,raw_extractions:fec_api:candidate_H6IL07529_committees:bc9976d87eb18b5e6ce93fd95803a09c06f244ee; raw_extractions:fec_api:candidate_H6IL08337_committees:a2dbe9e92f92c08291bcdc18267e87d27a16058a; raw_extractions:fec_api:candidate_S6IL00441_committees:7c2b7d7d2e9c3d8eb43047500cf538044e8e9bdb; raw_extractions:fec_api:candidate_H6IL07412_committees:51603c6f77622d4cc73fe0af0d7fa2ec782db2cb; raw_extractions:fec_api:candidate_H4IL05130_committees:0f42e322ba94ff66efbf35ae2380990b199393a7; raw_extractions:fec_api:candidate_S6IL00672_committees:30059c7632bef34822975bea35e39bf7dee6c7ea; raw_extractions:fec_api:candidate_S6IL00656_committees:2a7c06e19af312013c48ab633295cff74143641e; raw_extractions:fec_api:candidate_S8IL00215_committees:195db46356f0e5368e795990d97e71a8b5af294d; raw_extractions:fec_api:candidate_S6IL00649_committees:fb4bd59b039136a8293de3dbf9d7a8cd16810dd4; raw_extractions:fec_api:candidate_S6IL00615_committees:fb4a7be2d187943506f8f713ebcc6fb7f1759b9a; raw_extractions:fec_api:candidate_S6IL00623_committees:4f219dbc38bd403ab364247414fba4c601baee1c; raw_extractions:fec_api:candidate_S6IL00581_committees:8af685eda4ceda8c9ff24cdc691b5d996ea5a367; ... (+112 more),raw_extractions_payload_scan_union_all_payloads_profiled_first_n_rows_across_feed
fec_api_candidate_committees_json,custodian_name_title,yes,,raw_extractions.payload_json,no,,database/federal_fec.py:938,explicitly excluded (not projected into structured FEC table),"Add explicit projection mapping if this key is needed downstream, or document intentional exclusion.",117,no,0.025,DESIGNATED AGENT | ASSISTANT TREASURER | TREASURER,raw_extractions:fec_api:candidate_H6IL07529_committees:bc9976d87eb18b5e6ce93fd95803a09c06f244ee; raw_extractions:fec_api:candidate_H6IL08337_committees:a2dbe9e92f92c08291bcdc18267e87d27a16058a; raw_extractions:fec_api:candidate_S6IL00441_committees:7c2b7d7d2e9c3d8eb43047500cf538044e8e9bdb; raw_extractions:fec_api:candidate_H6IL07412_committees:51603c6f77622d4cc73fe0af0d7fa2ec782db2cb; raw_extractions:fec_api:candidate_H4IL05130_committees:0f42e322ba94ff66efbf35ae2380990b199393a7; raw_extractions:fec_api:candidate_S6IL00672_committees:30059c7632bef34822975bea35e39bf7dee6c7ea; raw_extractions:fec_api:candidate_S6IL00656_committees:2a7c06e19af312013c48ab633295cff74143641e; raw_extractions:fec_api:candidate_S8IL00215_committees:195db46356f0e5368e795990d97e71a8b5af294d; raw_extractions:fec_api:candidate_S6IL00649_committees:fb4bd59b039136a8293de3dbf9d7a8cd16810dd4; raw_extractions:fec_api:candidate_S6IL00615_committees:fb4a7be2d187943506f8f713ebcc6fb7f1759b9a; raw_extractions:fec_api:candidate_S6IL00623_committees:4f219dbc38bd403ab364247414fba4c601baee1c; raw_extractions:fec_api:candidate_S6IL00581_committees:8af685eda4ceda8c9ff24cdc691b5d996ea5a367; ... (+112 more),raw_extractions_payload_scan_union_all_payloads_profiled_first_n_rows_across_feed
fec_api_candidate_committees_json,custodian_phone,yes,,raw_extractions.payload_json,no,,database/federal_fec.py:938,explicitly excluded (not projected into structured FEC table),"Add explicit projection mapping if this key is needed downstream, or document intentional exclusion.",117,no,0.133333,4142155025 | 2025480880 | 2243210727,raw_extractions:fec_api:candidate_H6IL07529_committees:bc9976d87eb18b5e6ce93fd95803a09c06f244ee; raw_extractions:fec_api:candidate_H6IL08337_committees:a2dbe9e92f92c08291bcdc18267e87d27a16058a; raw_extractions:fec_api:candidate_S6IL00441_committees:7c2b7d7d2e9c3d8eb43047500cf538044e8e9bdb; raw_extractions:fec_api:candidate_H6IL07412_committees:51603c6f77622d4cc73fe0af0d7fa2ec782db2cb; raw_extractions:fec_api:candidate_H4IL05130_committees:0f42e322ba94ff66efbf35ae2380990b199393a7; raw_extractions:fec_api:candidate_S6IL00672_committees:30059c7632bef34822975bea35e39bf7dee6c7ea; raw_extractions:fec_api:candidate_S6IL00656_committees:2a7c06e19af312013c48ab633295cff74143641e; raw_extractions:fec_api:candidate_S8IL00215_committees:195db46356f0e5368e795990d97e71a8b5af294d; raw_extractions:fec_api:candidate_S6IL00649_committees:fb4bd59b039136a8293de3dbf9d7a8cd16810dd4; raw_extractions:fec_api:candidate_S6IL00615_committees:fb4a7be2d187943506f8f713ebcc6fb7f1759b9a; raw_extractions:fec_api:candidate_S6IL00623_committees:4f219dbc38bd403ab364247414fba4c601baee1c; raw_extractions:fec_api:candidate_S6IL00581_committees:8af685eda4ceda8c9ff24cdc691b5d996ea5a367; ... (+112 more),raw_extractions_payload_scan_union_all_payloads_profiled_first_n_rows_across_feed
fec_api_candidate_committees_json,custodian_state,yes,,raw_extractions.payload_json,no,,database/federal_fec.py:938,explicitly excluded (not projected into structured FEC table),"Add explicit projection mapping if this key is needed downstream, or document intentional exclusion.",117,no,0.025,WI | VA | IL,raw_extractions:fec_api:candidate_H6IL07529_committees:bc9976d87eb18b5e6ce93fd95803a09c06f244ee; raw_extractions:fec_api:candidate_H6IL08337_committees:a2dbe9e92f92c08291bcdc18267e87d27a16058a; raw_extractions:fec_api:candidate_S6IL00441_committees:7c2b7d7d2e9c3d8eb43047500cf538044e8e9bdb; raw_extractions:fec_api:candidate_H6IL07412_committees:51603c6f77622d4cc73fe0af0d7fa2ec782db2cb; raw_extractions:fec_api:candidate_H4IL05130_committees:0f42e322ba94ff66efbf35ae2380990b199393a7; raw_extractions:fec_api:candidate_S6IL00672_committees:30059c7632bef34822975bea35e39bf7dee6c7ea; raw_extractions:fec_api:candidate_S6IL00656_committees:2a7c06e19af312013c48ab633295cff74143641e; raw_extractions:fec_api:candidate_S8IL00215_committees:195db46356f0e5368e795990d97e71a8b5af294d; raw_extractions:fec_api:candidate_S6IL00649_committees:fb4bd59b039136a8293de3dbf9d7a8cd16810dd4; raw_extractions:fec_api:candidate_S6IL00615_committees:fb4a7be2d187943506f8f713ebcc6fb7f1759b9a; raw_extractions:fec_api:candidate_S6IL00623_committees:4f219dbc38bd403ab364247414fba4c601baee1c; raw_extractions:fec_api:candidate_S6IL00581_committees:8af685eda4ceda8c9ff24cdc691b5d996ea5a367; ... (+112 more),raw_extractions_payload_scan_union_all_payloads_profiled_first_n_rows_across_feed
fec_api_candidate_committees_json,custodian_street_1,yes,,raw_extractions.payload_json,no,,database/federal_fec.py:938,explicitly excluded (not projected into structured FEC table),"Add explicit projection mapping if this key is needed downstream, or document intentional exclusion.",117,no,0.025,10154 W KIEHNAU AVE | PO BOX 26141 | PO BOX 14047,raw_extractions:fec_api:candidate_H6IL07529_committees:bc9976d87eb18b5e6ce93fd95803a09c06f244ee; raw_extractions:fec_api:candidate_H6IL08337_committees:a2dbe9e92f92c08291bcdc18267e87d27a16058a; raw_extractions:fec_api:candidate_S6IL00441_committees:7c2b7d7d2e9c3d8eb43047500cf538044e8e9bdb; raw_extractions:fec_api:candidate_H6IL07412_committees:51603c6f77622d4cc73fe0af0d7fa2ec782db2cb; raw_extractions:fec_api:candidate_H4IL05130_committees:0f42e322ba94ff66efbf35ae2380990b199393a7; raw_extractions:fec_api:candidate_S6IL00672_committees:30059c7632bef34822975bea35e39bf7dee6c7ea; raw_extractions:fec_api:candidate_S6IL00656_committees:2a7c06e19af312013c48ab633295cff74143641e; raw_extractions:fec_api:candidate_S8IL00215_committees:195db46356f0e5368e795990d97e71a8b5af294d; raw_extractions:fec_api:candidate_S6IL00649_committees:fb4bd59b039136a8293de3dbf9d7a8cd16810dd4; raw_extractions:fec_api:candidate_S6IL00615_committees:fb4a7be2d187943506f8f713ebcc6fb7f1759b9a; raw_extractions:fec_api:candidate_S6IL00623_committees:4f219dbc38bd403ab364247414fba4c601baee1c; raw_extractions:fec_api:candidate_S6IL00581_committees:8af685eda4ceda8c9ff24cdc691b5d996ea5a367; ... (+112 more),raw_extractions_payload_scan_union_all_payloads_profiled_first_n_rows_across_feed
fec_api_candidate_committees_json,custodian_street_2,yes,,raw_extractions.payload_json,no,,database/federal_fec.py:938,explicitly excluded (not projected into structured FEC table),"Add explicit projection mapping if this key is needed downstream, or document intentional exclusion.",117,no,0.666667,A | #1300 | SUITE 810,raw_extractions:fec_api:candidate_H6IL07529_committees:bc9976d87eb18b5e6ce93fd95803a09c06f244ee; raw_extractions:fec_api:candidate_H6IL08337_committees:a2dbe9e92f92c08291bcdc18267e87d27a16058a; raw_extractions:fec_api:candidate_S6IL00441_committees:7c2b7d7d2e9c3d8eb43047500cf538044e8e9bdb; raw_extractions:fec_api:candidate_H6IL07412_committees:51603c6f77622d4cc73fe0af0d7fa2ec782db2cb; raw_extractions:fec_api:candidate_H4IL05130_committees:0f42e322ba94ff66efbf35ae2380990b199393a7; raw_extractions:fec_api:candidate_S6IL00672_committees:30059c7632bef34822975bea35e39bf7dee6c7ea; raw_extractions:fec_api:candidate_S6IL00656_committees:2a7c06e19af312013c48ab633295cff74143641e; raw_extractions:fec_api:candidate_S8IL00215_committees:195db46356f0e5368e795990d97e71a8b5af294d; raw_extractions:fec_api:candidate_S6IL00649_committees:fb4bd59b039136a8293de3dbf9d7a8cd16810dd4; raw_extractions:fec_api:candidate_S6IL00615_committees:fb4a7be2d187943506f8f713ebcc6fb7f1759b9a; raw_extractions:fec_api:candidate_S6IL00623_committees:4f219dbc38bd403ab364247414fba4c601baee1c; raw_extractions:fec_api:candidate_S6IL00581_committees:8af685eda4ceda8c9ff24cdc691b5d996ea5a367; ... (+112 more),raw_extractions_payload_scan_union_all_payloads_profiled_first_n_rows_across_feed
fec_api_candidate_committees_json,custodian_zip,yes,,raw_extractions.payload_json,no,,database/federal_fec.py:938,explicitly excluded (not projected into structured FEC table),"Add explicit projection mapping if this key is needed downstream, or document intentional exclusion.",117,no,0.025,53224 | 22313 | 60614,raw_extractions:fec_api:candidate_H6IL07529_committees:bc9976d87eb18b5e6ce93fd95803a09c06f244ee; raw_extractions:fec_api:candidate_H6IL08337_committees:a2dbe9e92f92c08291bcdc18267e87d27a16058a; raw_extractions:fec_api:candidate_S6IL00441_committees:7c2b7d7d2e9c3d8eb43047500cf538044e8e9bdb; raw_extractions:fec_api:candidate_H6IL07412_committees:51603c6f77622d4cc73fe0af0d7fa2ec782db2cb; raw_extractions:fec_api:candidate_H4IL05130_committees:0f42e322ba94ff66efbf35ae2380990b199393a7; raw_extractions:fec_api:candidate_S6IL00672_committees:30059c7632bef34822975bea35e39bf7dee6c7ea; raw_extractions:fec_api:candidate_S6IL00656_committees:2a7c06e19af312013c48ab633295cff74143641e; raw_extractions:fec_api:candidate_S8IL00215_committees:195db46356f0e5368e795990d97e71a8b5af294d; raw_extractions:fec_api:candidate_S6IL00649_committees:fb4bd59b039136a8293de3dbf9d7a8cd16810dd4; raw_extractions:fec_api:candidate_S6IL00615_committees:fb4a7be2d187943506f8f713ebcc6fb7f1759b9a; raw_extractions:fec_api:candidate_S6IL00623_committees:4f219dbc38bd403ab364247414fba4c601baee1c; raw_extractions:fec_api:candidate_S6IL00581_committees:8af685eda4ceda8c9ff24cdc691b5d996ea5a367; ... (+112 more),raw_extractions_payload_scan_union_all_payloads_profiled_first_n_rows_across_feed
fec_api_candidate_committees_json,cycles,yes,,raw_extractions.payload_json,no,,database/federal_fec.py:938,explicitly excluded (not projected into structured FEC table),"Add explicit projection mapping if this key is needed downstream, or document intentional exclusion.",117,no,0.0,"[2024, 2026] | [2026] | [2022, 2024, 2026]",raw_extractions:fec_api:candidate_H6IL07529_committees:bc9976d87eb18b5e6ce93fd95803a09c06f244ee; raw_extractions:fec_api:candidate_H6IL08337_committees:a2dbe9e92f92c08291bcdc18267e87d27a16058a; raw_extractions:fec_api:candidate_S6IL00441_committees:7c2b7d7d2e9c3d8eb43047500cf538044e8e9bdb; raw_extractions:fec_api:candidate_H6IL07412_committees:51603c6f77622d4cc73fe0af0d7fa2ec782db2cb; raw_extractions:fec_api:candidate_H4IL05130_committees:0f42e322ba94ff66efbf35ae2380990b199393a7; raw_extractions:fec_api:candidate_S6IL00672_committees:30059c7632bef34822975bea35e39bf7dee6c7ea; raw_extractions:fec_api:candidate_S6IL00656_committees:2a7c06e19af312013c48ab633295cff74143641e; raw_extractions:fec_api:candidate_S8IL00215_committees:195db46356f0e5368e795990d97e71a8b5af294d; raw_extractions:fec_api:candidate_S6IL00649_committees:fb4bd59b039136a8293de3dbf9d7a8cd16810dd4; raw_extractions:fec_api:candidate_S6IL00615_committees:fb4a7be2d187943506f8f713ebcc6fb7f1759b9a; raw_extractions:fec_api:candidate_S6IL00623_committees:4f219dbc38bd403ab364247414fba4c601baee1c; raw_extractions:fec_api:candidate_S6IL00581_committees:8af685eda4ceda8c9ff24cdc691b5d996ea5a367; ... (+112 more),raw_extractions_payload_scan_union_all_payloads_profiled_first_n_rows_across_feed
fec_api_candidate_committees_json,designation,yes,,raw_extractions.payload_json; fec_candidate_committees.*,yes,database/federal_fec.py; webapp/routes/main.py,,,Keep full raw payload retention and structured projection tests aligned.,117,no,0.0,B | P | A,raw_extractions:fec_api:candidate_H6IL07529_committees:bc9976d87eb18b5e6ce93fd95803a09c06f244ee; raw_extractions:fec_api:candidate_H6IL08337_committees:a2dbe9e92f92c08291bcdc18267e87d27a16058a; raw_extractions:fec_api:candidate_S6IL00441_committees:7c2b7d7d2e9c3d8eb43047500cf538044e8e9bdb; raw_extractions:fec_api:candidate_H6IL07412_committees:51603c6f77622d4cc73fe0af0d7fa2ec782db2cb; raw_extractions:fec_api:candidate_H4IL05130_committees:0f42e322ba94ff66efbf35ae2380990b199393a7; raw_extractions:fec_api:candidate_S6IL00672_committees:30059c7632bef34822975bea35e39bf7dee6c7ea; raw_extractions:fec_api:candidate_S6IL00656_committees:2a7c06e19af312013c48ab633295cff74143641e; raw_extractions:fec_api:candidate_S8IL00215_committees:195db46356f0e5368e795990d97e71a8b5af294d; raw_extractions:fec_api:candidate_S6IL00649_committees:fb4bd59b039136a8293de3dbf9d7a8cd16810dd4; raw_extractions:fec_api:candidate_S6IL00615_committees:fb4a7be2d187943506f8f713ebcc6fb7f1759b9a; raw_extractions:fec_api:candidate_S6IL00623_committees:4f219dbc38bd403ab364247414fba4c601baee1c; raw_extractions:fec_api:candidate_S6IL00581_committees:8af685eda4ceda8c9ff24cdc691b5d996ea5a367; ... (+112 more),raw_extractions_payload_scan_union_all_payloads_profiled_first_n_rows_across_feed
fec_api_candidate_committees_json,designation_full,yes,,raw_extractions.payload_json; fec_candidate_committees.*,yes,database/federal_fec.py; webapp/routes/main.py,,,Keep full raw payload retention and structured projection tests aligned.,117,no,0.0,Lobbyist/Registrant PAC | Principal campaign committee | Authorized by a candidate,raw_extractions:fec_api:candidate_H6IL07529_committees:bc9976d87eb18b5e6ce93fd95803a09c06f244ee; raw_extractions:fec_api:candidate_H6IL08337_committees:a2dbe9e92f92c08291bcdc18267e87d27a16058a; raw_extractions:fec_api:candidate_S6IL00441_committees:7c2b7d7d2e9c3d8eb43047500cf538044e8e9bdb; raw_extractions:fec_api:candidate_H6IL07412_committees:51603c6f77622d4cc73fe0af0d7fa2ec782db2cb; raw_extractions:fec_api:candidate_H4IL05130_committees:0f42e322ba94ff66efbf35ae2380990b199393a7; raw_extractions:fec_api:candidate_S6IL00672_committees:30059c7632bef34822975bea35e39bf7dee6c7ea; raw_extractions:fec_api:candidate_S6IL00656_committees:2a7c06e19af312013c48ab633295cff74143641e; raw_extractions:fec_api:candidate_S8IL00215_committees:195db46356f0e5368e795990d97e71a8b5af294d; raw_extractions:fec_api:candidate_S6IL00649_committees:fb4bd59b039136a8293de3dbf9d7a8cd16810dd4; raw_extractions:fec_api:candidate_S6IL00615_committees:fb4a7be2d187943506f8f713ebcc6fb7f1759b9a; raw_extractions:fec_api:candidate_S6IL00623_committees:4f219dbc38bd403ab364247414fba4c601baee1c; raw_extractions:fec_api:candidate_S6IL00581_committees:8af685eda4ceda8c9ff24cdc691b5d996ea5a367; ... (+112 more),raw_extractions_payload_scan_union_all_payloads_profiled_first_n_rows_across_feed
fec_api_candidate_committees_json,email,yes,,raw_extractions.payload_json,no,,database/federal_fec.py:938,explicitly excluded (not projected into structured FEC table),"Add explicit projection mapping if this key is needed downstream, or document intentional exclusion.",117,no,0.0,NATHANEBILLIPSFORUSREP2026@GMAIL.COM;NATHANBILLIPSJR@GMAIL.COM | CHRIS@ELECTIONCFO.COM;EVANS@CC.ELECTIONCFO.COM | COMPLIANCE@KATZCOMPLIANCE.COM,raw_extractions:fec_api:candidate_H6IL07529_committees:bc9976d87eb18b5e6ce93fd95803a09c06f244ee; raw_extractions:fec_api:candidate_H6IL08337_committees:a2dbe9e92f92c08291bcdc18267e87d27a16058a; raw_extractions:fec_api:candidate_S6IL00441_committees:7c2b7d7d2e9c3d8eb43047500cf538044e8e9bdb; raw_extractions:fec_api:candidate_H6IL07412_committees:51603c6f77622d4cc73fe0af0d7fa2ec782db2cb; raw_extractions:fec_api:candidate_H4IL05130_committees:0f42e322ba94ff66efbf35ae2380990b199393a7; raw_extractions:fec_api:candidate_S6IL00672_committees:30059c7632bef34822975bea35e39bf7dee6c7ea; raw_extractions:fec_api:candidate_S6IL00656_committees:2a7c06e19af312013c48ab633295cff74143641e; raw_extractions:fec_api:candidate_S8IL00215_committees:195db46356f0e5368e795990d97e71a8b5af294d; raw_extractions:fec_api:candidate_S6IL00649_committees:fb4bd59b039136a8293de3dbf9d7a8cd16810dd4; raw_extractions:fec_api:candidate_S6IL00615_committees:fb4a7be2d187943506f8f713ebcc6fb7f1759b9a; raw_extractions:fec_api:candidate_S6IL00623_committees:4f219dbc38bd403ab364247414fba4c601baee1c; raw_extractions:fec_api:candidate_S6IL00581_committees:8af685eda4ceda8c9ff24cdc691b5d996ea5a367; ... (+112 more),raw_extractions_payload_scan_union_all_payloads_profiled_first_n_rows_across_feed
fec_api_candidate_committees_json,fax,yes,,raw_extractions.payload_json,no,,database/federal_fec.py:938,explicitly excluded (not projected into structured FEC table),"Add explicit projection mapping if this key is needed downstream, or document intentional exclusion.",117,no,1.0,,raw_extractions:fec_api:candidate_H6IL07529_committees:bc9976d87eb18b5e6ce93fd95803a09c06f244ee; raw_extractions:fec_api:candidate_H6IL08337_committees:a2dbe9e92f92c08291bcdc18267e87d27a16058a; raw_extractions:fec_api:candidate_S6IL00441_committees:7c2b7d7d2e9c3d8eb43047500cf538044e8e9bdb; raw_extractions:fec_api:candidate_H6IL07412_committees:51603c6f77622d4cc73fe0af0d7fa2ec782db2cb; raw_extractions:fec_api:candidate_H4IL05130_committees:0f42e322ba94ff66efbf35ae2380990b199393a7; raw_extractions:fec_api:candidate_S6IL00672_committees:30059c7632bef34822975bea35e39bf7dee6c7ea; raw_extractions:fec_api:candidate_S6IL00656_committees:2a7c06e19af312013c48ab633295cff74143641e; raw_extractions:fec_api:candidate_S8IL00215_committees:195db46356f0e5368e795990d97e71a8b5af294d; raw_extractions:fec_api:candidate_S6IL00649_committees:fb4bd59b039136a8293de3dbf9d7a8cd16810dd4; raw_extractions:fec_api:candidate_S6IL00615_committees:fb4a7be2d187943506f8f713ebcc6fb7f1759b9a; raw_extractions:fec_api:candidate_S6IL00623_committees:4f219dbc38bd403ab364247414fba4c601baee1c; raw_extractions:fec_api:candidate_S6IL00581_committees:8af685eda4ceda8c9ff24cdc691b5d996ea5a367; ... (+112 more),raw_extractions_payload_scan_union_all_payloads_profiled_first_n_rows_across_feed
fec_api_candidate_committees_json,filing_frequency,yes,,raw_extractions.payload_json; fec_candidate_committees.*,yes,database/federal_fec.py; webapp/routes/main.py,,,Keep full raw payload retention and structured projection tests aligned.,117,no,0.0,Q | T | A,raw_extractions:fec_api:candidate_H6IL07529_committees:bc9976d87eb18b5e6ce93fd95803a09c06f244ee; raw_extractions:fec_api:candidate_H6IL08337_committees:a2dbe9e92f92c08291bcdc18267e87d27a16058a; raw_extractions:fec_api:candidate_S6IL00441_committees:7c2b7d7d2e9c3d8eb43047500cf538044e8e9bdb; raw_extractions:fec_api:candidate_H6IL07412_committees:51603c6f77622d4cc73fe0af0d7fa2ec782db2cb; raw_extractions:fec_api:candidate_H4IL05130_committees:0f42e322ba94ff66efbf35ae2380990b199393a7; raw_extractions:fec_api:candidate_S6IL00672_committees:30059c7632bef34822975bea35e39bf7dee6c7ea; raw_extractions:fec_api:candidate_S6IL00656_committees:2a7c06e19af312013c48ab633295cff74143641e; raw_extractions:fec_api:candidate_S8IL00215_committees:195db46356f0e5368e795990d97e71a8b5af294d; raw_extractions:fec_api:candidate_S6IL00649_committees:fb4bd59b039136a8293de3dbf9d7a8cd16810dd4; raw_extractions:fec_api:candidate_S6IL00615_committees:fb4a7be2d187943506f8f713ebcc6fb7f1759b9a; raw_extractions:fec_api:candidate_S6IL00623_committees:4f219dbc38bd403ab364247414fba4c601baee1c; raw_extractions:fec_api:candidate_S6IL00581_committees:8af685eda4ceda8c9ff24cdc691b5d996ea5a367; ... (+112 more),raw_extractions_payload_scan_union_all_payloads_profiled_first_n_rows_across_feed
fec_api_candidate_committees_json,first_f1_date,yes,,raw_extractions.payload_json,no,,database/federal_fec.py:938,explicitly excluded (not projected into structured FEC table),"Add explicit projection mapping if this key is needed downstream, or document intentional exclusion.",117,no,0.0,2024-06-24 | 2025-10-01 | 2025-09-19,raw_extractions:fec_api:candidate_H6IL07529_committees:bc9976d87eb18b5e6ce93fd95803a09c06f244ee; raw_extractions:fec_api:candidate_H6IL08337_committees:a2dbe9e92f92c08291bcdc18267e87d27a16058a; raw_extractions:fec_api:candidate_S6IL00441_committees:7c2b7d7d2e9c3d8eb43047500cf538044e8e9bdb; raw_extractions:fec_api:candidate_H6IL07412_committees:51603c6f77622d4cc73fe0af0d7fa2ec782db2cb; raw_extractions:fec_api:candidate_H4IL05130_committees:0f42e322ba94ff66efbf35ae2380990b199393a7; raw_extractions:fec_api:candidate_S6IL00672_committees:30059c7632bef34822975bea35e39bf7dee6c7ea; raw_extractions:fec_api:candidate_S6IL00656_committees:2a7c06e19af312013c48ab633295cff74143641e; raw_extractions:fec_api:candidate_S8IL00215_committees:195db46356f0e5368e795990d97e71a8b5af294d; raw_extractions:fec_api:candidate_S6IL00649_committees:fb4bd59b039136a8293de3dbf9d7a8cd16810dd4; raw_extractions:fec_api:candidate_S6IL00615_committees:fb4a7be2d187943506f8f713ebcc6fb7f1759b9a; raw_extractions:fec_api:candidate_S6IL00623_committees:4f219dbc38bd403ab364247414fba4c601baee1c; raw_extractions:fec_api:candidate_S6IL00581_committees:8af685eda4ceda8c9ff24cdc691b5d996ea5a367; ... (+112 more),raw_extractions_payload_scan_union_all_payloads_profiled_first_n_rows_across_feed
fec_api_candidate_committees_json,first_file_date,yes,,raw_extractions.payload_json,no,,database/federal_fec.py:938,explicitly excluded (not projected into structured FEC table),"Add explicit projection mapping if this key is needed downstream, or document intentional exclusion.",117,no,0.0,2024-06-24 | 2025-10-01 | 2025-09-19,raw_extractions:fec_api:candidate_H6IL07529_committees:bc9976d87eb18b5e6ce93fd95803a09c06f244ee; raw_extractions:fec_api:candidate_H6IL08337_committees:a2dbe9e92f92c08291bcdc18267e87d27a16058a; raw_extractions:fec_api:candidate_S6IL00441_committees:7c2b7d7d2e9c3d8eb43047500cf538044e8e9bdb; raw_extractions:fec_api:candidate_H6IL07412_committees:51603c6f77622d4cc73fe0af0d7fa2ec782db2cb; raw_extractions:fec_api:candidate_H4IL05130_committees:0f42e322ba94ff66efbf35ae2380990b199393a7; raw_extractions:fec_api:candidate_S6IL00672_committees:30059c7632bef34822975bea35e39bf7dee6c7ea; raw_extractions:fec_api:candidate_S6IL00656_committees:2a7c06e19af312013c48ab633295cff74143641e; raw_extractions:fec_api:candidate_S8IL00215_committees:195db46356f0e5368e795990d97e71a8b5af294d; raw_extractions:fec_api:candidate_S6IL00649_committees:fb4bd59b039136a8293de3dbf9d7a8cd16810dd4; raw_extractions:fec_api:candidate_S6IL00615_committees:fb4a7be2d187943506f8f713ebcc6fb7f1759b9a; raw_extractions:fec_api:candidate_S6IL00623_committees:4f219dbc38bd403ab364247414fba4c601baee1c; raw_extractions:fec_api:candidate_S6IL00581_committees:8af685eda4ceda8c9ff24cdc691b5d996ea5a367; ... (+112 more),raw_extractions_payload_scan_union_all_payloads_profiled_first_n_rows_across_feed
fec_api_candidate_committees_json,form_type,yes,,raw_extractions.payload_json,no,,database/federal_fec.py:938,explicitly excluded (not projected into structured FEC table),"Add explicit projection mapping if this key is needed downstream, or document intentional exclusion.",117,no,0.0,F1,raw_extractions:fec_api:candidate_H6IL07529_committees:bc9976d87eb18b5e6ce93fd95803a09c06f244ee; raw_extractions:fec_api:candidate_H6IL08337_committees:a2dbe9e92f92c08291bcdc18267e87d27a16058a; raw_extractions:fec_api:candidate_S6IL00441_committees:7c2b7d7d2e9c3d8eb43047500cf538044e8e9bdb; raw_extractions:fec_api:candidate_H6IL07412_committees:51603c6f77622d4cc73fe0af0d7fa2ec782db2cb; raw_extractions:fec_api:candidate_H4IL05130_committees:0f42e322ba94ff66efbf35ae2380990b199393a7; raw_extractions:fec_api:candidate_S6IL00672_committees:30059c7632bef34822975bea35e39bf7dee6c7ea; raw_extractions:fec_api:candidate_S6IL00656_committees:2a7c06e19af312013c48ab633295cff74143641e; raw_extractions:fec_api:candidate_S8IL00215_committees:195db46356f0e5368e795990d97e71a8b5af294d; raw_extractions:fec_api:candidate_S6IL00649_committees:fb4bd59b039136a8293de3dbf9d7a8cd16810dd4; raw_extractions:fec_api:candidate_S6IL00615_committees:fb4a7be2d187943506f8f713ebcc6fb7f1759b9a; raw_extractions:fec_api:candidate_S6IL00623_committees:4f219dbc38bd403ab364247414fba4c601baee1c; raw_extractions:fec_api:candidate_S6IL00581_committees:8af685eda4ceda8c9ff24cdc691b5d996ea5a367; ... (+112 more),raw_extractions_payload_scan_union_all_payloads_profiled_first_n_rows_across_feed
fec_api_candidate_committees_json,last_f1_date,yes,,raw_extractions.payload_json,no,,database/federal_fec.py:938,explicitly excluded (not projected into structured FEC table),"Add explicit projection mapping if this key is needed downstream, or document intentional exclusion.",117,no,0.0,2026-02-02 | 2025-10-01 | 2025-09-19,raw_extractions:fec_api:candidate_H6IL07529_committees:bc9976d87eb18b5e6ce93fd95803a09c06f244ee; raw_extractions:fec_api:candidate_H6IL08337_committees:a2dbe9e92f92c08291bcdc18267e87d27a16058a; raw_extractions:fec_api:candidate_S6IL00441_committees:7c2b7d7d2e9c3d8eb43047500cf538044e8e9bdb; raw_extractions:fec_api:candidate_H6IL07412_committees:51603c6f77622d4cc73fe0af0d7fa2ec782db2cb; raw_extractions:fec_api:candidate_H4IL05130_committees:0f42e322ba94ff66efbf35ae2380990b199393a7; raw_extractions:fec_api:candidate_S6IL00672_committees:30059c7632bef34822975bea35e39bf7dee6c7ea; raw_extractions:fec_api:candidate_S6IL00656_committees:2a7c06e19af312013c48ab633295cff74143641e; raw_extractions:fec_api:candidate_S8IL00215_committees:195db46356f0e5368e795990d97e71a8b5af294d; raw_extractions:fec_api:candidate_S6IL00649_committees:fb4bd59b039136a8293de3dbf9d7a8cd16810dd4; raw_extractions:fec_api:candidate_S6IL00615_committees:fb4a7be2d187943506f8f713ebcc6fb7f1759b9a; raw_extractions:fec_api:candidate_S6IL00623_committees:4f219dbc38bd403ab364247414fba4c601baee1c; raw_extractions:fec_api:candidate_S6IL00581_committees:8af685eda4ceda8c9ff24cdc691b5d996ea5a367; ... (+112 more),raw_extractions_payload_scan_union_all_payloads_profiled_first_n_rows_across_feed
fec_api_candidate_committees_json,last_file_date,yes,,raw_extractions.payload_json,no,,database/federal_fec.py:938,explicitly excluded (not projected into structured FEC table),"Add explicit projection mapping if this key is needed downstream, or document intentional exclusion.",117,no,0.0,2026-02-02 | 2026-01-19 | 2026-01-30,raw_extractions:fec_api:candidate_H6IL07529_committees:bc9976d87eb18b5e6ce93fd95803a09c06f244ee; raw_extractions:fec_api:candidate_H6IL08337_committees:a2dbe9e92f92c08291bcdc18267e87d27a16058a; raw_extractions:fec_api:candidate_S6IL00441_committees:7c2b7d7d2e9c3d8eb43047500cf538044e8e9bdb; raw_extractions:fec_api:candidate_H6IL07412_committees:51603c6f77622d4cc73fe0af0d7fa2ec782db2cb; raw_extractions:fec_api:candidate_H4IL05130_committees:0f42e322ba94ff66efbf35ae2380990b199393a7; raw_extractions:fec_api:candidate_S6IL00672_committees:30059c7632bef34822975bea35e39bf7dee6c7ea; raw_extractions:fec_api:candidate_S6IL00656_committees:2a7c06e19af312013c48ab633295cff74143641e; raw_extractions:fec_api:candidate_S8IL00215_committees:195db46356f0e5368e795990d97e71a8b5af294d; raw_extractions:fec_api:candidate_S6IL00649_committees:fb4bd59b039136a8293de3dbf9d7a8cd16810dd4; raw_extractions:fec_api:candidate_S6IL00615_committees:fb4a7be2d187943506f8f713ebcc6fb7f1759b9a; raw_extractions:fec_api:candidate_S6IL00623_committees:4f219dbc38bd403ab364247414fba4c601baee1c; raw_extractions:fec_api:candidate_S6IL00581_committees:8af685eda4ceda8c9ff24cdc691b5d996ea5a367; ... (+112 more),raw_extractions_payload_scan_union_all_payloads_profiled_first_n_rows_across_feed
fec_api_candidate_committees_json,leadership_pac,yes,,raw_extractions.payload_json,no,,database/federal_fec.py:938,explicitly excluded (not projected into structured FEC table),"Add explicit projection mapping if this key is needed downstream, or document intentional exclusion.",117,no,1.0,,raw_extractions:fec_api:candidate_H6IL07529_committees:bc9976d87eb18b5e6ce93fd95803a09c06f244ee; raw_extractions:fec_api:candidate_H6IL08337_committees:a2dbe9e92f92c08291bcdc18267e87d27a16058a; raw_extractions:fec_api:candidate_S6IL00441_committees:7c2b7d7d2e9c3d8eb43047500cf538044e8e9bdb; raw_extractions:fec_api:candidate_H6IL07412_committees:51603c6f77622d4cc73fe0af0d7fa2ec782db2cb; raw_extractions:fec_api:candidate_H4IL05130_committees:0f42e322ba94ff66efbf35ae2380990b199393a7; raw_extractions:fec_api:candidate_S6IL00672_committees:30059c7632bef34822975bea35e39bf7dee6c7ea; raw_extractions:fec_api:candidate_S6IL00656_committees:2a7c06e19af312013c48ab633295cff74143641e; raw_extractions:fec_api:candidate_S8IL00215_committees:195db46356f0e5368e795990d97e71a8b5af294d; raw_extractions:fec_api:candidate_S6IL00649_committees:fb4bd59b039136a8293de3dbf9d7a8cd16810dd4; raw_extractions:fec_api:candidate_S6IL00615_committees:fb4a7be2d187943506f8f713ebcc6fb7f1759b9a; raw_extractions:fec_api:candidate_S6IL00623_committees:4f219dbc38bd403ab364247414fba4c601baee1c; raw_extractions:fec_api:candidate_S6IL00581_committees:8af685eda4ceda8c9ff24cdc691b5d996ea5a367; ... (+112 more),raw_extractions_payload_scan_union_all_payloads_profiled_first_n_rows_across_feed
fec_api_candidate_committees_json,lobbyist_registrant_pac,yes,,raw_extractions.payload_json,no,,database/federal_fec.py:938,explicitly excluded (not projected into structured FEC table),"Add explicit projection mapping if this key is needed downstream, or document intentional exclusion.",117,no,0.991667,G,raw_extractions:fec_api:candidate_H6IL07529_committees:bc9976d87eb18b5e6ce93fd95803a09c06f244ee; raw_extractions:fec_api:candidate_H6IL08337_committees:a2dbe9e92f92c08291bcdc18267e87d27a16058a; raw_extractions:fec_api:candidate_S6IL00441_committees:7c2b7d7d2e9c3d8eb43047500cf538044e8e9bdb; raw_extractions:fec_api:candidate_H6IL07412_committees:51603c6f77622d4cc73fe0af0d7fa2ec782db2cb; raw_extractions:fec_api:candidate_H4IL05130_committees:0f42e322ba94ff66efbf35ae2380990b199393a7; raw_extractions:fec_api:candidate_S6IL00672_committees:30059c7632bef34822975bea35e39bf7dee6c7ea; raw_extractions:fec_api:candidate_S6IL00656_committees:2a7c06e19af312013c48ab633295cff74143641e; raw_extractions:fec_api:candidate_S8IL00215_committees:195db46356f0e5368e795990d97e71a8b5af294d; raw_extractions:fec_api:candidate_S6IL00649_committees:fb4bd59b039136a8293de3dbf9d7a8cd16810dd4; raw_extractions:fec_api:candidate_S6IL00615_committees:fb4a7be2d187943506f8f713ebcc6fb7f1759b9a; raw_extractions:fec_api:candidate_S6IL00623_committees:4f219dbc38bd403ab364247414fba4c601baee1c; raw_extractions:fec_api:candidate_S6IL00581_committees:8af685eda4ceda8c9ff24cdc691b5d996ea5a367; ... (+112 more),raw_extractions_payload_scan_union_all_payloads_profiled_first_n_rows_across_feed
fec_api_candidate_committees_json,name,yes,,raw_extractions.payload_json; fec_candidate_committees.*,yes,database/federal_fec.py; webapp/routes/main.py,,,Keep full raw payload retention and structured projection tests aligned.,117,no,0.0,NATHAN E BILLIPS JR | JEANNIE FOR ILLINOIS | BOTSFORD FOR ILLINOIS,raw_extractions:fec_api:candidate_H6IL07529_committees:bc9976d87eb18b5e6ce93fd95803a09c06f244ee; raw_extractions:fec_api:candidate_H6IL08337_committees:a2dbe9e92f92c08291bcdc18267e87d27a16058a; raw_extractions:fec_api:candidate_S6IL00441_committees:7c2b7d7d2e9c3d8eb43047500cf538044e8e9bdb; raw_extractions:fec_api:candidate_H6IL07412_committees:51603c6f77622d4cc73fe0af0d7fa2ec782db2cb; raw_extractions:fec_api:candidate_H4IL05130_committees:0f42e322ba94ff66efbf35ae2380990b199393a7; raw_extractions:fec_api:candidate_S6IL00672_committees:30059c7632bef34822975bea35e39bf7dee6c7ea; raw_extractions:fec_api:candidate_S6IL00656_committees:2a7c06e19af312013c48ab633295cff74143641e; raw_extractions:fec_api:candidate_S8IL00215_committees:195db46356f0e5368e795990d97e71a8b5af294d; raw_extractions:fec_api:candidate_S6IL00649_committees:fb4bd59b039136a8293de3dbf9d7a8cd16810dd4; raw_extractions:fec_api:candidate_S6IL00615_committees:fb4a7be2d187943506f8f713ebcc6fb7f1759b9a; raw_extractions:fec_api:candidate_S6IL00623_committees:4f219dbc38bd403ab364247414fba4c601baee1c; raw_extractions:fec_api:candidate_S6IL00581_committees:8af685eda4ceda8c9ff24cdc691b5d996ea5a367; ... (+112 more),raw_extractions_payload_scan_union_all_payloads_profiled_first_n_rows_across_feed
fec_api_candidate_committees_json,organization_type,yes,,raw_extractions.payload_json,no,,database/federal_fec.py:938,explicitly excluded (not projected into structured FEC table),"Add explicit projection mapping if this key is needed downstream, or document intentional exclusion.",117,no,1.0,,raw_extractions:fec_api:candidate_H6IL07529_committees:bc9976d87eb18b5e6ce93fd95803a09c06f244ee; raw_extractions:fec_api:candidate_H6IL08337_committees:a2dbe9e92f92c08291bcdc18267e87d27a16058a; raw_extractions:fec_api:candidate_S6IL00441_committees:7c2b7d7d2e9c3d8eb43047500cf538044e8e9bdb; raw_extractions:fec_api:candidate_H6IL07412_committees:51603c6f77622d4cc73fe0af0d7fa2ec782db2cb; raw_extractions:fec_api:candidate_H4IL05130_committees:0f42e322ba94ff66efbf35ae2380990b199393a7; raw_extractions:fec_api:candidate_S6IL00672_committees:30059c7632bef34822975bea35e39bf7dee6c7ea; raw_extractions:fec_api:candidate_S6IL00656_committees:2a7c06e19af312013c48ab633295cff74143641e; raw_extractions:fec_api:candidate_S8IL00215_committees:195db46356f0e5368e795990d97e71a8b5af294d; raw_extractions:fec_api:candidate_S6IL00649_committees:fb4bd59b039136a8293de3dbf9d7a8cd16810dd4; raw_extractions:fec_api:candidate_S6IL00615_committees:fb4a7be2d187943506f8f713ebcc6fb7f1759b9a; raw_extractions:fec_api:candidate_S6IL00623_committees:4f219dbc38bd403ab364247414fba4c601baee1c; raw_extractions:fec_api:candidate_S6IL00581_committees:8af685eda4ceda8c9ff24cdc691b5d996ea5a367; ... (+112 more),raw_extractions_payload_scan_union_all_payloads_profiled_first_n_rows_across_feed
fec_api_candidate_committees_json,organization_type_full,yes,,raw_extractions.payload_json,no,,database/federal_fec.py:938,explicitly excluded (not projected into structured FEC table),"Add explicit projection mapping if this key is needed downstream, or document intentional exclusion.",117,no,1.0,,raw_extractions:fec_api:candidate_H6IL07529_committees:bc9976d87eb18b5e6ce93fd95803a09c06f244ee; raw_extractions:fec_api:candidate_H6IL08337_committees:a2dbe9e92f92c08291bcdc18267e87d27a16058a; raw_extractions:fec_api:candidate_S6IL00441_committees:7c2b7d7d2e9c3d8eb43047500cf538044e8e9bdb; raw_extractions:fec_api:candidate_H6IL07412_committees:51603c6f77622d4cc73fe0af0d7fa2ec782db2cb; raw_extractions:fec_api:candidate_H4IL05130_committees:0f42e322ba94ff66efbf35ae2380990b199393a7; raw_extractions:fec_api:candidate_S6IL00672_committees:30059c7632bef34822975bea35e39bf7dee6c7ea; raw_extractions:fec_api:candidate_S6IL00656_committees:2a7c06e19af312013c48ab633295cff74143641e; raw_extractions:fec_api:candidate_S8IL00215_committees:195db46356f0e5368e795990d97e71a8b5af294d; raw_extractions:fec_api:candidate_S6IL00649_committees:fb4bd59b039136a8293de3dbf9d7a8cd16810dd4; raw_extractions:fec_api:candidate_S6IL00615_committees:fb4a7be2d187943506f8f713ebcc6fb7f1759b9a; raw_extractions:fec_api:candidate_S6IL00623_committees:4f219dbc38bd403ab364247414fba4c601baee1c; raw_extractions:fec_api:candidate_S6IL00581_committees:8af685eda4ceda8c9ff24cdc691b5d996ea5a367; ... (+112 more),raw_extractions_payload_scan_union_all_payloads_profiled_first_n_rows_across_feed
fec_api_candidate_committees_json,party,yes,,raw_extractions.payload_json; fec_candidate_committees.*,yes,database/federal_fec.py; webapp/routes/main.py,,,Keep full raw payload retention and structured projection tests aligned.,117,no,0.0,IND | REP | DEM,raw_extractions:fec_api:candidate_H6IL07529_committees:bc9976d87eb18b5e6ce93fd95803a09c06f244ee; raw_extractions:fec_api:candidate_H6IL08337_committees:a2dbe9e92f92c08291bcdc18267e87d27a16058a; raw_extractions:fec_api:candidate_S6IL00441_committees:7c2b7d7d2e9c3d8eb43047500cf538044e8e9bdb; raw_extractions:fec_api:candidate_H6IL07412_committees:51603c6f77622d4cc73fe0af0d7fa2ec782db2cb; raw_extractions:fec_api:candidate_H4IL05130_committees:0f42e322ba94ff66efbf35ae2380990b199393a7; raw_extractions:fec_api:candidate_S6IL00672_committees:30059c7632bef34822975bea35e39bf7dee6c7ea; raw_extractions:fec_api:candidate_S6IL00656_committees:2a7c06e19af312013c48ab633295cff74143641e; raw_extractions:fec_api:candidate_S8IL00215_committees:195db46356f0e5368e795990d97e71a8b5af294d; raw_extractions:fec_api:candidate_S6IL00649_committees:fb4bd59b039136a8293de3dbf9d7a8cd16810dd4; raw_extractions:fec_api:candidate_S6IL00615_committees:fb4a7be2d187943506f8f713ebcc6fb7f1759b9a; raw_extractions:fec_api:candidate_S6IL00623_committees:4f219dbc38bd403ab364247414fba4c601baee1c; raw_extractions:fec_api:candidate_S6IL00581_committees:8af685eda4ceda8c9ff24cdc691b5d996ea5a367; ... (+112 more),raw_extractions_payload_scan_union_all_payloads_profiled_first_n_rows_across_feed
fec_api_candidate_committees_json,party_full,yes,,raw_extractions.payload_json,no,,database/federal_fec.py:938,explicitly excluded (not projected into structured FEC table),"Add explicit projection mapping if this key is needed downstream, or document intentional exclusion.",117,no,0.0,INDEPENDENT | REPUBLICAN PARTY | DEMOCRATIC PARTY,raw_extractions:fec_api:candidate_H6IL07529_committees:bc9976d87eb18b5e6ce93fd95803a09c06f244ee; raw_extractions:fec_api:candidate_H6IL08337_committees:a2dbe9e92f92c08291bcdc18267e87d27a16058a; raw_extractions:fec_api:candidate_S6IL00441_committees:7c2b7d7d2e9c3d8eb43047500cf538044e8e9bdb; raw_extractions:fec_api:candidate_H6IL07412_committees:51603c6f77622d4cc73fe0af0d7fa2ec782db2cb; raw_extractions:fec_api:candidate_H4IL05130_committees:0f42e322ba94ff66efbf35ae2380990b199393a7; raw_extractions:fec_api:candidate_S6IL00672_committees:30059c7632bef34822975bea35e39bf7dee6c7ea; raw_extractions:fec_api:candidate_S6IL00656_committees:2a7c06e19af312013c48ab633295cff74143641e; raw_extractions:fec_api:candidate_S8IL00215_committees:195db46356f0e5368e795990d97e71a8b5af294d; raw_extractions:fec_api:candidate_S6IL00649_committees:fb4bd59b039136a8293de3dbf9d7a8cd16810dd4; raw_extractions:fec_api:candidate_S6IL00615_committees:fb4a7be2d187943506f8f713ebcc6fb7f1759b9a; raw_extractions:fec_api:candidate_S6IL00623_committees:4f219dbc38bd403ab364247414fba4c601baee1c; raw_extractions:fec_api:candidate_S6IL00581_committees:8af685eda4ceda8c9ff24cdc691b5d996ea5a367; ... (+112 more),raw_extractions_payload_scan_union_all_payloads_profiled_first_n_rows_across_feed
fec_api_candidate_committees_json,party_type,yes,,raw_extractions.payload_json,no,,database/federal_fec.py:938,explicitly excluded (not projected into structured FEC table),"Add explicit projection mapping if this key is needed downstream, or document intentional exclusion.",117,no,1.0,,raw_extractions:fec_api:candidate_H6IL07529_committees:bc9976d87eb18b5e6ce93fd95803a09c06f244ee; raw_extractions:fec_api:candidate_H6IL08337_committees:a2dbe9e92f92c08291bcdc18267e87d27a16058a; raw_extractions:fec_api:candidate_S6IL00441_committees:7c2b7d7d2e9c3d8eb43047500cf538044e8e9bdb; raw_extractions:fec_api:candidate_H6IL07412_committees:51603c6f77622d4cc73fe0af0d7fa2ec782db2cb; raw_extractions:fec_api:candidate_H4IL05130_committees:0f42e322ba94ff66efbf35ae2380990b199393a7; raw_extractions:fec_api:candidate_S6IL00672_committees:30059c7632bef34822975bea35e39bf7dee6c7ea; raw_extractions:fec_api:candidate_S6IL00656_committees:2a7c06e19af312013c48ab633295cff74143641e; raw_extractions:fec_api:candidate_S8IL00215_committees:195db46356f0e5368e795990d97e71a8b5af294d; raw_extractions:fec_api:candidate_S6IL00649_committees:fb4bd59b039136a8293de3dbf9d7a8cd16810dd4; raw_extractions:fec_api:candidate_S6IL00615_committees:fb4a7be2d187943506f8f713ebcc6fb7f1759b9a; raw_extractions:fec_api:candidate_S6IL00623_committees:4f219dbc38bd403ab364247414fba4c601baee1c; raw_extractions:fec_api:candidate_S6IL00581_committees:8af685eda4ceda8c9ff24cdc691b5d996ea5a367; ... (+112 more),raw_extractions_payload_scan_union_all_payloads_profiled_first_n_rows_across_feed
fec_api_candidate_committees_json,party_type_full,yes,,raw_extractions.payload_json,no,,database/federal_fec.py:938,explicitly excluded (not projected into structured FEC table),"Add explicit projection mapping if this key is needed downstream, or document intentional exclusion.",117,no,1.0,,raw_extractions:fec_api:candidate_H6IL07529_committees:bc9976d87eb18b5e6ce93fd95803a09c06f244ee; raw_extractions:fec_api:candidate_H6IL08337_committees:a2dbe9e92f92c08291bcdc18267e87d27a16058a; raw_extractions:fec_api:candidate_S6IL00441_committees:7c2b7d7d2e9c3d8eb43047500cf538044e8e9bdb; raw_extractions:fec_api:candidate_H6IL07412_committees:51603c6f77622d4cc73fe0af0d7fa2ec782db2cb; raw_extractions:fec_api:candidate_H4IL05130_committees:0f42e322ba94ff66efbf35ae2380990b199393a7; raw_extractions:fec_api:candidate_S6IL00672_committees:30059c7632bef34822975bea35e39bf7dee6c7ea; raw_extractions:fec_api:candidate_S6IL00656_committees:2a7c06e19af312013c48ab633295cff74143641e; raw_extractions:fec_api:candidate_S8IL00215_committees:195db46356f0e5368e795990d97e71a8b5af294d; raw_extractions:fec_api:candidate_S6IL00649_committees:fb4bd59b039136a8293de3dbf9d7a8cd16810dd4; raw_extractions:fec_api:candidate_S6IL00615_committees:fb4a7be2d187943506f8f713ebcc6fb7f1759b9a; raw_extractions:fec_api:candidate_S6IL00623_committees:4f219dbc38bd403ab364247414fba4c601baee1c; raw_extractions:fec_api:candidate_S6IL00581_committees:8af685eda4ceda8c9ff24cdc691b5d996ea5a367; ... (+112 more),raw_extractions_payload_scan_union_all_payloads_profiled_first_n_rows_across_feed
fec_api_candidate_committees_json,sponsor_candidate_ids,yes,,raw_extractions.payload_json,no,,database/federal_fec.py:938,explicitly excluded (not projected into structured FEC table),"Add explicit projection mapping if this key is needed downstream, or document intentional exclusion.",117,no,1.0,,raw_extractions:fec_api:candidate_H6IL07529_committees:bc9976d87eb18b5e6ce93fd95803a09c06f244ee; raw_extractions:fec_api:candidate_H6IL08337_committees:a2dbe9e92f92c08291bcdc18267e87d27a16058a; raw_extractions:fec_api:candidate_S6IL00441_committees:7c2b7d7d2e9c3d8eb43047500cf538044e8e9bdb; raw_extractions:fec_api:candidate_H6IL07412_committees:51603c6f77622d4cc73fe0af0d7fa2ec782db2cb; raw_extractions:fec_api:candidate_H4IL05130_committees:0f42e322ba94ff66efbf35ae2380990b199393a7; raw_extractions:fec_api:candidate_S6IL00672_committees:30059c7632bef34822975bea35e39bf7dee6c7ea; raw_extractions:fec_api:candidate_S6IL00656_committees:2a7c06e19af312013c48ab633295cff74143641e; raw_extractions:fec_api:candidate_S8IL00215_committees:195db46356f0e5368e795990d97e71a8b5af294d; raw_extractions:fec_api:candidate_S6IL00649_committees:fb4bd59b039136a8293de3dbf9d7a8cd16810dd4; raw_extractions:fec_api:candidate_S6IL00615_committees:fb4a7be2d187943506f8f713ebcc6fb7f1759b9a; raw_extractions:fec_api:candidate_S6IL00623_committees:4f219dbc38bd403ab364247414fba4c601baee1c; raw_extractions:fec_api:candidate_S6IL00581_committees:8af685eda4ceda8c9ff24cdc691b5d996ea5a367; ... (+112 more),raw_extractions_payload_scan_union_all_payloads_profiled_first_n_rows_across_feed
fec_api_candidate_committees_json,state,yes,,raw_extractions.payload_json; fec_candidate_committees.*,yes,database/federal_fec.py; webapp/routes/main.py,,,Keep full raw payload retention and structured projection tests aligned.,117,no,0.0,WI | VA | IL,raw_extractions:fec_api:candidate_H6IL07529_committees:bc9976d87eb18b5e6ce93fd95803a09c06f244ee; raw_extractions:fec_api:candidate_H6IL08337_committees:a2dbe9e92f92c08291bcdc18267e87d27a16058a; raw_extractions:fec_api:candidate_S6IL00441_committees:7c2b7d7d2e9c3d8eb43047500cf538044e8e9bdb; raw_extractions:fec_api:candidate_H6IL07412_committees:51603c6f77622d4cc73fe0af0d7fa2ec782db2cb; raw_extractions:fec_api:candidate_H4IL05130_committees:0f42e322ba94ff66efbf35ae2380990b199393a7; raw_extractions:fec_api:candidate_S6IL00672_committees:30059c7632bef34822975bea35e39bf7dee6c7ea; raw_extractions:fec_api:candidate_S6IL00656_committees:2a7c06e19af312013c48ab633295cff74143641e; raw_extractions:fec_api:candidate_S8IL00215_committees:195db46356f0e5368e795990d97e71a8b5af294d; raw_extractions:fec_api:candidate_S6IL00649_committees:fb4bd59b039136a8293de3dbf9d7a8cd16810dd4; raw_extractions:fec_api:candidate_S6IL00615_committees:fb4a7be2d187943506f8f713ebcc6fb7f1759b9a; raw_extractions:fec_api:candidate_S6IL00623_committees:4f219dbc38bd403ab364247414fba4c601baee1c; raw_extractions:fec_api:candidate_S6IL00581_committees:8af685eda4ceda8c9ff24cdc691b5d996ea5a367; ... (+112 more),raw_extractions_payload_scan_union_all_payloads_profiled_first_n_rows_across_feed
fec_api_candidate_committees_json,state_full,yes,,raw_extractions.payload_json,no,,database/federal_fec.py:938,explicitly excluded (not projected into structured FEC table),"Add explicit projection mapping if this key is needed downstream, or document intentional exclusion.",117,no,0.0,Wisconsin | Virginia | Illinois,raw_extractions:fec_api:candidate_H6IL07529_committees:bc9976d87eb18b5e6ce93fd95803a09c06f244ee; raw_extractions:fec_api:candidate_H6IL08337_committees:a2dbe9e92f92c08291bcdc18267e87d27a16058a; raw_extractions:fec_api:candidate_S6IL00441_committees:7c2b7d7d2e9c3d8eb43047500cf538044e8e9bdb; raw_extractions:fec_api:candidate_H6IL07412_committees:51603c6f77622d4cc73fe0af0d7fa2ec782db2cb; raw_extractions:fec_api:candidate_H4IL05130_committees:0f42e322ba94ff66efbf35ae2380990b199393a7; raw_extractions:fec_api:candidate_S6IL00672_committees:30059c7632bef34822975bea35e39bf7dee6c7ea; raw_extractions:fec_api:candidate_S6IL00656_committees:2a7c06e19af312013c48ab633295cff74143641e; raw_extractions:fec_api:candidate_S8IL00215_committees:195db46356f0e5368e795990d97e71a8b5af294d; raw_extractions:fec_api:candidate_S6IL00649_committees:fb4bd59b039136a8293de3dbf9d7a8cd16810dd4; raw_extractions:fec_api:candidate_S6IL00615_committees:fb4a7be2d187943506f8f713ebcc6fb7f1759b9a; raw_extractions:fec_api:candidate_S6IL00623_committees:4f219dbc38bd403ab364247414fba4c601baee1c; raw_extractions:fec_api:candidate_S6IL00581_committees:8af685eda4ceda8c9ff24cdc691b5d996ea5a367; ... (+112 more),raw_extractions_payload_scan_union_all_payloads_profiled_first_n_rows_across_feed
fec_api_candidate_committees_json,street_1,yes,,raw_extractions.payload_json,no,,database/federal_fec.py:938,explicitly excluded (not projected into structured FEC table),"Add explicit projection mapping if this key is needed downstream, or document intentional exclusion.",117,no,0.0,10154 W KIEHNAU AVE | PO BOX 26141 | PO BOX 14047,raw_extractions:fec_api:candidate_H6IL07529_committees:bc9976d87eb18b5e6ce93fd95803a09c06f244ee; raw_extractions:fec_api:candidate_H6IL08337_committees:a2dbe9e92f92c08291bcdc18267e87d27a16058a; raw_extractions:fec_api:candidate_S6IL00441_committees:7c2b7d7d2e9c3d8eb43047500cf538044e8e9bdb; raw_extractions:fec_api:candidate_H6IL07412_committees:51603c6f77622d4cc73fe0af0d7fa2ec782db2cb; raw_extractions:fec_api:candidate_H4IL05130_committees:0f42e322ba94ff66efbf35ae2380990b199393a7; raw_extractions:fec_api:candidate_S6IL00672_committees:30059c7632bef34822975bea35e39bf7dee6c7ea; raw_extractions:fec_api:candidate_S6IL00656_committees:2a7c06e19af312013c48ab633295cff74143641e; raw_extractions:fec_api:candidate_S8IL00215_committees:195db46356f0e5368e795990d97e71a8b5af294d; raw_extractions:fec_api:candidate_S6IL00649_committees:fb4bd59b039136a8293de3dbf9d7a8cd16810dd4; raw_extractions:fec_api:candidate_S6IL00615_committees:fb4a7be2d187943506f8f713ebcc6fb7f1759b9a; raw_extractions:fec_api:candidate_S6IL00623_committees:4f219dbc38bd403ab364247414fba4c601baee1c; raw_extractions:fec_api:candidate_S6IL00581_committees:8af685eda4ceda8c9ff24cdc691b5d996ea5a367; ... (+112 more),raw_extractions_payload_scan_union_all_payloads_profiled_first_n_rows_across_feed
fec_api_candidate_committees_json,street_2,yes,,raw_extractions.payload_json,no,,database/federal_fec.py:938,explicitly excluded (not projected into structured FEC table),"Add explicit projection mapping if this key is needed downstream, or document intentional exclusion.",117,no,0.725,A | SUITE 1300 | SUITE 810,raw_extractions:fec_api:candidate_H6IL07529_committees:bc9976d87eb18b5e6ce93fd95803a09c06f244ee; raw_extractions:fec_api:candidate_H6IL08337_committees:a2dbe9e92f92c08291bcdc18267e87d27a16058a; raw_extractions:fec_api:candidate_S6IL00441_committees:7c2b7d7d2e9c3d8eb43047500cf538044e8e9bdb; raw_extractions:fec_api:candidate_H6IL07412_committees:51603c6f77622d4cc73fe0af0d7fa2ec782db2cb; raw_extractions:fec_api:candidate_H4IL05130_committees:0f42e322ba94ff66efbf35ae2380990b199393a7; raw_extractions:fec_api:candidate_S6IL00672_committees:30059c7632bef34822975bea35e39bf7dee6c7ea; raw_extractions:fec_api:candidate_S6IL00656_committees:2a7c06e19af312013c48ab633295cff74143641e; raw_extractions:fec_api:candidate_S8IL00215_committees:195db46356f0e5368e795990d97e71a8b5af294d; raw_extractions:fec_api:candidate_S6IL00649_committees:fb4bd59b039136a8293de3dbf9d7a8cd16810dd4; raw_extractions:fec_api:candidate_S6IL00615_committees:fb4a7be2d187943506f8f713ebcc6fb7f1759b9a; raw_extractions:fec_api:candidate_S6IL00623_committees:4f219dbc38bd403ab364247414fba4c601baee1c; raw_extractions:fec_api:candidate_S6IL00581_committees:8af685eda4ceda8c9ff24cdc691b5d996ea5a367; ... (+112 more),raw_extractions_payload_scan_union_all_payloads_profiled_first_n_rows_across_feed
fec_api_candidate_committees_json,treasurer_city,yes,,raw_extractions.payload_json,no,,database/federal_fec.py:938,explicitly excluded (not projected into structured FEC table),"Add explicit projection mapping if this key is needed downstream, or document intentional exclusion.",117,no,0.025,MILWAUKEE | ALEXANDRIA | CHICAGO,raw_extractions:fec_api:candidate_H6IL07529_committees:bc9976d87eb18b5e6ce93fd95803a09c06f244ee; raw_extractions:fec_api:candidate_H6IL08337_committees:a2dbe9e92f92c08291bcdc18267e87d27a16058a; raw_extractions:fec_api:candidate_S6IL00441_committees:7c2b7d7d2e9c3d8eb43047500cf538044e8e9bdb; raw_extractions:fec_api:candidate_H6IL07412_committees:51603c6f77622d4cc73fe0af0d7fa2ec782db2cb; raw_extractions:fec_api:candidate_H4IL05130_committees:0f42e322ba94ff66efbf35ae2380990b199393a7; raw_extractions:fec_api:candidate_S6IL00672_committees:30059c7632bef34822975bea35e39bf7dee6c7ea; raw_extractions:fec_api:candidate_S6IL00656_committees:2a7c06e19af312013c48ab633295cff74143641e; raw_extractions:fec_api:candidate_S8IL00215_committees:195db46356f0e5368e795990d97e71a8b5af294d; raw_extractions:fec_api:candidate_S6IL00649_committees:fb4bd59b039136a8293de3dbf9d7a8cd16810dd4; raw_extractions:fec_api:candidate_S6IL00615_committees:fb4a7be2d187943506f8f713ebcc6fb7f1759b9a; raw_extractions:fec_api:candidate_S6IL00623_committees:4f219dbc38bd403ab364247414fba4c601baee1c; raw_extractions:fec_api:candidate_S6IL00581_committees:8af685eda4ceda8c9ff24cdc691b5d996ea5a367; ... (+112 more),raw_extractions_payload_scan_union_all_payloads_profiled_first_n_rows_across_feed
fec_api_candidate_committees_json,treasurer_name,yes,,raw_extractions.payload_json,no,,database/federal_fec.py:938,explicitly excluded (not projected into structured FEC table),"Add explicit projection mapping if this key is needed downstream, or document intentional exclusion.",117,no,0.0,"SHELTON, BONNIE LASHAWN MRS | MARSTON, CHRIS | BOTSFORD, STEVE JR.",raw_extractions:fec_api:candidate_H6IL07529_committees:bc9976d87eb18b5e6ce93fd95803a09c06f244ee; raw_extractions:fec_api:candidate_H6IL08337_committees:a2dbe9e92f92c08291bcdc18267e87d27a16058a; raw_extractions:fec_api:candidate_S6IL00441_committees:7c2b7d7d2e9c3d8eb43047500cf538044e8e9bdb; raw_extractions:fec_api:candidate_H6IL07412_committees:51603c6f77622d4cc73fe0af0d7fa2ec782db2cb; raw_extractions:fec_api:candidate_H4IL05130_committees:0f42e322ba94ff66efbf35ae2380990b199393a7; raw_extractions:fec_api:candidate_S6IL00672_committees:30059c7632bef34822975bea35e39bf7dee6c7ea; raw_extractions:fec_api:candidate_S6IL00656_committees:2a7c06e19af312013c48ab633295cff74143641e; raw_extractions:fec_api:candidate_S8IL00215_committees:195db46356f0e5368e795990d97e71a8b5af294d; raw_extractions:fec_api:candidate_S6IL00649_committees:fb4bd59b039136a8293de3dbf9d7a8cd16810dd4; raw_extractions:fec_api:candidate_S6IL00615_committees:fb4a7be2d187943506f8f713ebcc6fb7f1759b9a; raw_extractions:fec_api:candidate_S6IL00623_committees:4f219dbc38bd403ab364247414fba4c601baee1c; raw_extractions:fec_api:candidate_S6IL00581_committees:8af685eda4ceda8c9ff24cdc691b5d996ea5a367; ... (+112 more),raw_extractions_payload_scan_union_all_payloads_profiled_first_n_rows_across_feed
fec_api_candidate_committees_json,treasurer_name_1,yes,,raw_extractions.payload_json,no,,database/federal_fec.py:938,explicitly excluded (not projected into structured FEC table),"Add explicit projection mapping if this key is needed downstream, or document intentional exclusion.",117,no,0.025,BONNIE | CHRIS | STEVE,raw_extractions:fec_api:candidate_H6IL07529_committees:bc9976d87eb18b5e6ce93fd95803a09c06f244ee; raw_extractions:fec_api:candidate_H6IL08337_committees:a2dbe9e92f92c08291bcdc18267e87d27a16058a; raw_extractions:fec_api:candidate_S6IL00441_committees:7c2b7d7d2e9c3d8eb43047500cf538044e8e9bdb; raw_extractions:fec_api:candidate_H6IL07412_committees:51603c6f77622d4cc73fe0af0d7fa2ec782db2cb; raw_extractions:fec_api:candidate_H4IL05130_committees:0f42e322ba94ff66efbf35ae2380990b199393a7; raw_extractions:fec_api:candidate_S6IL00672_committees:30059c7632bef34822975bea35e39bf7dee6c7ea; raw_extractions:fec_api:candidate_S6IL00656_committees:2a7c06e19af312013c48ab633295cff74143641e; raw_extractions:fec_api:candidate_S8IL00215_committees:195db46356f0e5368e795990d97e71a8b5af294d; raw_extractions:fec_api:candidate_S6IL00649_committees:fb4bd59b039136a8293de3dbf9d7a8cd16810dd4; raw_extractions:fec_api:candidate_S6IL00615_committees:fb4a7be2d187943506f8f713ebcc6fb7f1759b9a; raw_extractions:fec_api:candidate_S6IL00623_committees:4f219dbc38bd403ab364247414fba4c601baee1c; raw_extractions:fec_api:candidate_S6IL00581_committees:8af685eda4ceda8c9ff24cdc691b5d996ea5a367; ... (+112 more),raw_extractions_payload_scan_union_all_payloads_profiled_first_n_rows_across_feed
fec_api_candidate_committees_json,treasurer_name_2,yes,,raw_extractions.payload_json,no,,database/federal_fec.py:938,explicitly excluded (not projected into structured FEC table),"Add explicit projection mapping if this key is needed downstream, or document intentional exclusion.",117,no,0.025,SHELTON | MARSTON | BOTSFORD,raw_extractions:fec_api:candidate_H6IL07529_committees:bc9976d87eb18b5e6ce93fd95803a09c06f244ee; raw_extractions:fec_api:candidate_H6IL08337_committees:a2dbe9e92f92c08291bcdc18267e87d27a16058a; raw_extractions:fec_api:candidate_S6IL00441_committees:7c2b7d7d2e9c3d8eb43047500cf538044e8e9bdb; raw_extractions:fec_api:candidate_H6IL07412_committees:51603c6f77622d4cc73fe0af0d7fa2ec782db2cb; raw_extractions:fec_api:candidate_H4IL05130_committees:0f42e322ba94ff66efbf35ae2380990b199393a7; raw_extractions:fec_api:candidate_S6IL00672_committees:30059c7632bef34822975bea35e39bf7dee6c7ea; raw_extractions:fec_api:candidate_S6IL00656_committees:2a7c06e19af312013c48ab633295cff74143641e; raw_extractions:fec_api:candidate_S8IL00215_committees:195db46356f0e5368e795990d97e71a8b5af294d; raw_extractions:fec_api:candidate_S6IL00649_committees:fb4bd59b039136a8293de3dbf9d7a8cd16810dd4; raw_extractions:fec_api:candidate_S6IL00615_committees:fb4a7be2d187943506f8f713ebcc6fb7f1759b9a; raw_extractions:fec_api:candidate_S6IL00623_committees:4f219dbc38bd403ab364247414fba4c601baee1c; raw_extractions:fec_api:candidate_S6IL00581_committees:8af685eda4ceda8c9ff24cdc691b5d996ea5a367; ... (+112 more),raw_extractions_payload_scan_union_all_payloads_profiled_first_n_rows_across_feed
fec_api_candidate_committees_json,treasurer_name_middle,yes,,raw_extractions.payload_json,no,,database/federal_fec.py:938,explicitly excluded (not projected into structured FEC table),"Add explicit projection mapping if this key is needed downstream, or document intentional exclusion.",117,no,0.85,LASHAWN | JAMES | P.,raw_extractions:fec_api:candidate_H6IL07529_committees:bc9976d87eb18b5e6ce93fd95803a09c06f244ee; raw_extractions:fec_api:candidate_H6IL08337_committees:a2dbe9e92f92c08291bcdc18267e87d27a16058a; raw_extractions:fec_api:candidate_S6IL00441_committees:7c2b7d7d2e9c3d8eb43047500cf538044e8e9bdb; raw_extractions:fec_api:candidate_H6IL07412_committees:51603c6f77622d4cc73fe0af0d7fa2ec782db2cb; raw_extractions:fec_api:candidate_H4IL05130_committees:0f42e322ba94ff66efbf35ae2380990b199393a7; raw_extractions:fec_api:candidate_S6IL00672_committees:30059c7632bef34822975bea35e39bf7dee6c7ea; raw_extractions:fec_api:candidate_S6IL00656_committees:2a7c06e19af312013c48ab633295cff74143641e; raw_extractions:fec_api:candidate_S8IL00215_committees:195db46356f0e5368e795990d97e71a8b5af294d; raw_extractions:fec_api:candidate_S6IL00649_committees:fb4bd59b039136a8293de3dbf9d7a8cd16810dd4; raw_extractions:fec_api:candidate_S6IL00615_committees:fb4a7be2d187943506f8f713ebcc6fb7f1759b9a; raw_extractions:fec_api:candidate_S6IL00623_committees:4f219dbc38bd403ab364247414fba4c601baee1c; raw_extractions:fec_api:candidate_S6IL00581_committees:8af685eda4ceda8c9ff24cdc691b5d996ea5a367; ... (+112 more),raw_extractions_payload_scan_union_all_payloads_profiled_first_n_rows_across_feed
fec_api_candidate_committees_json,treasurer_name_prefix,yes,,raw_extractions.payload_json,no,,database/federal_fec.py:938,explicitly excluded (not projected into structured FEC table),"Add explicit projection mapping if this key is needed downstream, or document intentional exclusion.",117,no,0.95,MRS | MS | MRS.,raw_extractions:fec_api:candidate_H6IL07529_committees:bc9976d87eb18b5e6ce93fd95803a09c06f244ee; raw_extractions:fec_api:candidate_H6IL08337_committees:a2dbe9e92f92c08291bcdc18267e87d27a16058a; raw_extractions:fec_api:candidate_S6IL00441_committees:7c2b7d7d2e9c3d8eb43047500cf538044e8e9bdb; raw_extractions:fec_api:candidate_H6IL07412_committees:51603c6f77622d4cc73fe0af0d7fa2ec782db2cb; raw_extractions:fec_api:candidate_H4IL05130_committees:0f42e322ba94ff66efbf35ae2380990b199393a7; raw_extractions:fec_api:candidate_S6IL00672_committees:30059c7632bef34822975bea35e39bf7dee6c7ea; raw_extractions:fec_api:candidate_S6IL00656_committees:2a7c06e19af312013c48ab633295cff74143641e; raw_extractions:fec_api:candidate_S8IL00215_committees:195db46356f0e5368e795990d97e71a8b5af294d; raw_extractions:fec_api:candidate_S6IL00649_committees:fb4bd59b039136a8293de3dbf9d7a8cd16810dd4; raw_extractions:fec_api:candidate_S6IL00615_committees:fb4a7be2d187943506f8f713ebcc6fb7f1759b9a; raw_extractions:fec_api:candidate_S6IL00623_committees:4f219dbc38bd403ab364247414fba4c601baee1c; raw_extractions:fec_api:candidate_S6IL00581_committees:8af685eda4ceda8c9ff24cdc691b5d996ea5a367; ... (+112 more),raw_extractions_payload_scan_union_all_payloads_profiled_first_n_rows_across_feed
fec_api_candidate_committees_json,treasurer_name_suffix,yes,,raw_extractions.payload_json,no,,database/federal_fec.py:938,explicitly excluded (not projected into structured FEC table),"Add explicit projection mapping if this key is needed downstream, or document intentional exclusion.",117,no,0.983333,JR. | II,raw_extractions:fec_api:candidate_H6IL07529_committees:bc9976d87eb18b5e6ce93fd95803a09c06f244ee; raw_extractions:fec_api:candidate_H6IL08337_committees:a2dbe9e92f92c08291bcdc18267e87d27a16058a; raw_extractions:fec_api:candidate_S6IL00441_committees:7c2b7d7d2e9c3d8eb43047500cf538044e8e9bdb; raw_extractions:fec_api:candidate_H6IL07412_committees:51603c6f77622d4cc73fe0af0d7fa2ec782db2cb; raw_extractions:fec_api:candidate_H4IL05130_committees:0f42e322ba94ff66efbf35ae2380990b199393a7; raw_extractions:fec_api:candidate_S6IL00672_committees:30059c7632bef34822975bea35e39bf7dee6c7ea; raw_extractions:fec_api:candidate_S6IL00656_committees:2a7c06e19af312013c48ab633295cff74143641e; raw_extractions:fec_api:candidate_S8IL00215_committees:195db46356f0e5368e795990d97e71a8b5af294d; raw_extractions:fec_api:candidate_S6IL00649_committees:fb4bd59b039136a8293de3dbf9d7a8cd16810dd4; raw_extractions:fec_api:candidate_S6IL00615_committees:fb4a7be2d187943506f8f713ebcc6fb7f1759b9a; raw_extractions:fec_api:candidate_S6IL00623_committees:4f219dbc38bd403ab364247414fba4c601baee1c; raw_extractions:fec_api:candidate_S6IL00581_committees:8af685eda4ceda8c9ff24cdc691b5d996ea5a367; ... (+112 more),raw_extractions_payload_scan_union_all_payloads_profiled_first_n_rows_across_feed
fec_api_candidate_committees_json,treasurer_name_title,yes,,raw_extractions.payload_json,no,,database/federal_fec.py:938,explicitly excluded (not projected into structured FEC table),"Add explicit projection mapping if this key is needed downstream, or document intentional exclusion.",117,no,0.3,DESIGNATED AGENT | TREASURER | TEMP.,raw_extractions:fec_api:candidate_H6IL07529_committees:bc9976d87eb18b5e6ce93fd95803a09c06f244ee; raw_extractions:fec_api:candidate_H6IL08337_committees:a2dbe9e92f92c08291bcdc18267e87d27a16058a; raw_extractions:fec_api:candidate_S6IL00441_committees:7c2b7d7d2e9c3d8eb43047500cf538044e8e9bdb; raw_extractions:fec_api:candidate_H6IL07412_committees:51603c6f77622d4cc73fe0af0d7fa2ec782db2cb; raw_extractions:fec_api:candidate_H4IL05130_committees:0f42e322ba94ff66efbf35ae2380990b199393a7; raw_extractions:fec_api:candidate_S6IL00672_committees:30059c7632bef34822975bea35e39bf7dee6c7ea; raw_extractions:fec_api:candidate_S6IL00656_committees:2a7c06e19af312013c48ab633295cff74143641e; raw_extractions:fec_api:candidate_S8IL00215_committees:195db46356f0e5368e795990d97e71a8b5af294d; raw_extractions:fec_api:candidate_S6IL00649_committees:fb4bd59b039136a8293de3dbf9d7a8cd16810dd4; raw_extractions:fec_api:candidate_S6IL00615_committees:fb4a7be2d187943506f8f713ebcc6fb7f1759b9a; raw_extractions:fec_api:candidate_S6IL00623_committees:4f219dbc38bd403ab364247414fba4c601baee1c; raw_extractions:fec_api:candidate_S6IL00581_committees:8af685eda4ceda8c9ff24cdc691b5d996ea5a367; ... (+112 more),raw_extractions_payload_scan_union_all_payloads_profiled_first_n_rows_across_feed
fec_api_candidate_committees_json,treasurer_phone,yes,,raw_extractions.payload_json,no,,database/federal_fec.py:938,explicitly excluded (not projected into structured FEC table),"Add explicit projection mapping if this key is needed downstream, or document intentional exclusion.",117,no,0.058333,4142155025 | 2025480880 | 2243210727,raw_extractions:fec_api:candidate_H6IL07529_committees:bc9976d87eb18b5e6ce93fd95803a09c06f244ee; raw_extractions:fec_api:candidate_H6IL08337_committees:a2dbe9e92f92c08291bcdc18267e87d27a16058a; raw_extractions:fec_api:candidate_S6IL00441_committees:7c2b7d7d2e9c3d8eb43047500cf538044e8e9bdb; raw_extractions:fec_api:candidate_H6IL07412_committees:51603c6f77622d4cc73fe0af0d7fa2ec782db2cb; raw_extractions:fec_api:candidate_H4IL05130_committees:0f42e322ba94ff66efbf35ae2380990b199393a7; raw_extractions:fec_api:candidate_S6IL00672_committees:30059c7632bef34822975bea35e39bf7dee6c7ea; raw_extractions:fec_api:candidate_S6IL00656_committees:2a7c06e19af312013c48ab633295cff74143641e; raw_extractions:fec_api:candidate_S8IL00215_committees:195db46356f0e5368e795990d97e71a8b5af294d; raw_extractions:fec_api:candidate_S6IL00649_committees:fb4bd59b039136a8293de3dbf9d7a8cd16810dd4; raw_extractions:fec_api:candidate_S6IL00615_committees:fb4a7be2d187943506f8f713ebcc6fb7f1759b9a; raw_extractions:fec_api:candidate_S6IL00623_committees:4f219dbc38bd403ab364247414fba4c601baee1c; raw_extractions:fec_api:candidate_S6IL00581_committees:8af685eda4ceda8c9ff24cdc691b5d996ea5a367; ... (+112 more),raw_extractions_payload_scan_union_all_payloads_profiled_first_n_rows_across_feed
fec_api_candidate_committees_json,treasurer_state,yes,,raw_extractions.payload_json,no,,database/federal_fec.py:938,explicitly excluded (not projected into structured FEC table),"Add explicit projection mapping if this key is needed downstream, or document intentional exclusion.",117,no,0.025,WI | VA | IL,raw_extractions:fec_api:candidate_H6IL07529_committees:bc9976d87eb18b5e6ce93fd95803a09c06f244ee; raw_extractions:fec_api:candidate_H6IL08337_committees:a2dbe9e92f92c08291bcdc18267e87d27a16058a; raw_extractions:fec_api:candidate_S6IL00441_committees:7c2b7d7d2e9c3d8eb43047500cf538044e8e9bdb; raw_extractions:fec_api:candidate_H6IL07412_committees:51603c6f77622d4cc73fe0af0d7fa2ec782db2cb; raw_extractions:fec_api:candidate_H4IL05130_committees:0f42e322ba94ff66efbf35ae2380990b199393a7; raw_extractions:fec_api:candidate_S6IL00672_committees:30059c7632bef34822975bea35e39bf7dee6c7ea; raw_extractions:fec_api:candidate_S6IL00656_committees:2a7c06e19af312013c48ab633295cff74143641e; raw_extractions:fec_api:candidate_S8IL00215_committees:195db46356f0e5368e795990d97e71a8b5af294d; raw_extractions:fec_api:candidate_S6IL00649_committees:fb4bd59b039136a8293de3dbf9d7a8cd16810dd4; raw_extractions:fec_api:candidate_S6IL00615_committees:fb4a7be2d187943506f8f713ebcc6fb7f1759b9a; raw_extractions:fec_api:candidate_S6IL00623_committees:4f219dbc38bd403ab364247414fba4c601baee1c; raw_extractions:fec_api:candidate_S6IL00581_committees:8af685eda4ceda8c9ff24cdc691b5d996ea5a367; ... (+112 more),raw_extractions_payload_scan_union_all_payloads_profiled_first_n_rows_across_feed
fec_api_candidate_committees_json,treasurer_street_1,yes,,raw_extractions.payload_json,no,,database/federal_fec.py:938,explicitly excluded (not projected into structured FEC table),"Add explicit projection mapping if this key is needed downstream, or document intentional exclusion.",117,no,0.025,10154 W KIEHNAU AVE | PO BOX 26141 | PO BOX 14047,raw_extractions:fec_api:candidate_H6IL07529_committees:bc9976d87eb18b5e6ce93fd95803a09c06f244ee; raw_extractions:fec_api:candidate_H6IL08337_committees:a2dbe9e92f92c08291bcdc18267e87d27a16058a; raw_extractions:fec_api:candidate_S6IL00441_committees:7c2b7d7d2e9c3d8eb43047500cf538044e8e9bdb; raw_extractions:fec_api:candidate_H6IL07412_committees:51603c6f77622d4cc73fe0af0d7fa2ec782db2cb; raw_extractions:fec_api:candidate_H4IL05130_committees:0f42e322ba94ff66efbf35ae2380990b199393a7; raw_extractions:fec_api:candidate_S6IL00672_committees:30059c7632bef34822975bea35e39bf7dee6c7ea; raw_extractions:fec_api:candidate_S6IL00656_committees:2a7c06e19af312013c48ab633295cff74143641e; raw_extractions:fec_api:candidate_S8IL00215_committees:195db46356f0e5368e795990d97e71a8b5af294d; raw_extractions:fec_api:candidate_S6IL00649_committees:fb4bd59b039136a8293de3dbf9d7a8cd16810dd4; raw_extractions:fec_api:candidate_S6IL00615_committees:fb4a7be2d187943506f8f713ebcc6fb7f1759b9a; raw_extractions:fec_api:candidate_S6IL00623_committees:4f219dbc38bd403ab364247414fba4c601baee1c; raw_extractions:fec_api:candidate_S6IL00581_committees:8af685eda4ceda8c9ff24cdc691b5d996ea5a367; ... (+112 more),raw_extractions_payload_scan_union_all_payloads_profiled_first_n_rows_across_feed
fec_api_candidate_committees_json,treasurer_street_2,yes,,raw_extractions.payload_json,no,,database/federal_fec.py:938,explicitly excluded (not projected into structured FEC table),"Add explicit projection mapping if this key is needed downstream, or document intentional exclusion.",117,no,0.7,A | #1300 | SUITE 810,raw_extractions:fec_api:candidate_H6IL07529_committees:bc9976d87eb18b5e6ce93fd95803a09c06f244ee; raw_extractions:fec_api:candidate_H6IL08337_committees:a2dbe9e92f92c08291bcdc18267e87d27a16058a; raw_extractions:fec_api:candidate_S6IL00441_committees:7c2b7d7d2e9c3d8eb43047500cf538044e8e9bdb; raw_extractions:fec_api:candidate_H6IL07412_committees:51603c6f77622d4cc73fe0af0d7fa2ec782db2cb; raw_extractions:fec_api:candidate_H4IL05130_committees:0f42e322ba94ff66efbf35ae2380990b199393a7; raw_extractions:fec_api:candidate_S6IL00672_committees:30059c7632bef34822975bea35e39bf7dee6c7ea; raw_extractions:fec_api:candidate_S6IL00656_committees:2a7c06e19af312013c48ab633295cff74143641e; raw_extractions:fec_api:candidate_S8IL00215_committees:195db46356f0e5368e795990d97e71a8b5af294d; raw_extractions:fec_api:candidate_S6IL00649_committees:fb4bd59b039136a8293de3dbf9d7a8cd16810dd4; raw_extractions:fec_api:candidate_S6IL00615_committees:fb4a7be2d187943506f8f713ebcc6fb7f1759b9a; raw_extractions:fec_api:candidate_S6IL00623_committees:4f219dbc38bd403ab364247414fba4c601baee1c; raw_extractions:fec_api:candidate_S6IL00581_committees:8af685eda4ceda8c9ff24cdc691b5d996ea5a367; ... (+112 more),raw_extractions_payload_scan_union_all_payloads_profiled_first_n_rows_across_feed
fec_api_candidate_committees_json,treasurer_zip,yes,,raw_extractions.payload_json,no,,database/federal_fec.py:938,explicitly excluded (not projected into structured FEC table),"Add explicit projection mapping if this key is needed downstream, or document intentional exclusion.",117,no,0.025,53224 | 22313 | 60614,raw_extractions:fec_api:candidate_H6IL07529_committees:bc9976d87eb18b5e6ce93fd95803a09c06f244ee; raw_extractions:fec_api:candidate_H6IL08337_committees:a2dbe9e92f92c08291bcdc18267e87d27a16058a; raw_extractions:fec_api:candidate_S6IL00441_committees:7c2b7d7d2e9c3d8eb43047500cf538044e8e9bdb; raw_extractions:fec_api:candidate_H6IL07412_committees:51603c6f77622d4cc73fe0af0d7fa2ec782db2cb; raw_extractions:fec_api:candidate_H4IL05130_committees:0f42e322ba94ff66efbf35ae2380990b199393a7; raw_extractions:fec_api:candidate_S6IL00672_committees:30059c7632bef34822975bea35e39bf7dee6c7ea; raw_extractions:fec_api:candidate_S6IL00656_committees:2a7c06e19af312013c48ab633295cff74143641e; raw_extractions:fec_api:candidate_S8IL00215_committees:195db46356f0e5368e795990d97e71a8b5af294d; raw_extractions:fec_api:candidate_S6IL00649_committees:fb4bd59b039136a8293de3dbf9d7a8cd16810dd4; raw_extractions:fec_api:candidate_S6IL00615_committees:fb4a7be2d187943506f8f713ebcc6fb7f1759b9a; raw_extractions:fec_api:candidate_S6IL00623_committees:4f219dbc38bd403ab364247414fba4c601baee1c; raw_extractions:fec_api:candidate_S6IL00581_committees:8af685eda4ceda8c9ff24cdc691b5d996ea5a367; ... (+112 more),raw_extractions_payload_scan_union_all_payloads_profiled_first_n_rows_across_feed
fec_api_candidate_committees_json,website,yes,,raw_extractions.payload_json,no,,database/federal_fec.py:938,explicitly excluded (not projected into structured FEC table),"Add explicit projection mapping if this key is needed downstream, or document intentional exclusion.",117,no,0.233333,HTTPS://WWW.CHANGE.ORG/NATHANEBILLIPSUSREP | HTTPS://WWW.JEANNIEEVANS.COM/ | DONTRACYFORIL.COM,raw_extractions:fec_api:candidate_H6IL07529_committees:bc9976d87eb18b5e6ce93fd95803a09c06f244ee; raw_extractions:fec_api:candidate_H6IL08337_committees:a2dbe9e92f92c08291bcdc18267e87d27a16058a; raw_extractions:fec_api:candidate_S6IL00441_committees:7c2b7d7d2e9c3d8eb43047500cf538044e8e9bdb; raw_extractions:fec_api:candidate_H6IL07412_committees:51603c6f77622d4cc73fe0af0d7fa2ec782db2cb; raw_extractions:fec_api:candidate_H4IL05130_committees:0f42e322ba94ff66efbf35ae2380990b199393a7; raw_extractions:fec_api:candidate_S6IL00672_committees:30059c7632bef34822975bea35e39bf7dee6c7ea; raw_extractions:fec_api:candidate_S6IL00656_committees:2a7c06e19af312013c48ab633295cff74143641e; raw_extractions:fec_api:candidate_S8IL00215_committees:195db46356f0e5368e795990d97e71a8b5af294d; raw_extractions:fec_api:candidate_S6IL00649_committees:fb4bd59b039136a8293de3dbf9d7a8cd16810dd4; raw_extractions:fec_api:candidate_S6IL00615_committees:fb4a7be2d187943506f8f713ebcc6fb7f1759b9a; raw_extractions:fec_api:candidate_S6IL00623_committees:4f219dbc38bd403ab364247414fba4c601baee1c; raw_extractions:fec_api:candidate_S6IL00581_committees:8af685eda4ceda8c9ff24cdc691b5d996ea5a367; ... (+112 more),raw_extractions_payload_scan_union_all_payloads_profiled_first_n_rows_across_feed
fec_api_candidate_committees_json,zip,yes,,raw_extractions.payload_json; fec_candidate_committees.*,yes,database/federal_fec.py; webapp/routes/main.py,,,Keep full raw payload retention and structured projection tests aligned.,117,no,0.0,53224 | 22313 | 60614,raw_extractions:fec_api:candidate_H6IL07529_committees:bc9976d87eb18b5e6ce93fd95803a09c06f244ee; raw_extractions:fec_api:candidate_H6IL08337_committees:a2dbe9e92f92c08291bcdc18267e87d27a16058a; raw_extractions:fec_api:candidate_S6IL00441_committees:7c2b7d7d2e9c3d8eb43047500cf538044e8e9bdb; raw_extractions:fec_api:candidate_H6IL07412_committees:51603c6f77622d4cc73fe0af0d7fa2ec782db2cb; raw_extractions:fec_api:candidate_H4IL05130_committees:0f42e322ba94ff66efbf35ae2380990b199393a7; raw_extractions:fec_api:candidate_S6IL00672_committees:30059c7632bef34822975bea35e39bf7dee6c7ea; raw_extractions:fec_api:candidate_S6IL00656_committees:2a7c06e19af312013c48ab633295cff74143641e; raw_extractions:fec_api:candidate_S8IL00215_committees:195db46356f0e5368e795990d97e71a8b5af294d; raw_extractions:fec_api:candidate_S6IL00649_committees:fb4bd59b039136a8293de3dbf9d7a8cd16810dd4; raw_extractions:fec_api:candidate_S6IL00615_committees:fb4a7be2d187943506f8f713ebcc6fb7f1759b9a; raw_extractions:fec_api:candidate_S6IL00623_committees:4f219dbc38bd403ab364247414fba4c601baee1c; raw_extractions:fec_api:candidate_S6IL00581_committees:8af685eda4ceda8c9ff24cdc691b5d996ea5a367; ... (+112 more),raw_extractions_payload_scan_union_all_payloads_profiled_first_n_rows_across_feed
fec_api_candidate_totals_json,all_other_loans,yes,,raw_extractions.payload_json,no,,database/federal_fec.py:1052,explicitly excluded (not projected into structured FEC table),"Add explicit projection mapping if this key is needed downstream, or document intentional exclusion.",95,no,0.0,0.0 | 2500.0 | 2000.0,raw_extractions:fec_api:candidate_S8IL00215_totals:e82fe60fd22067815b5ee870a7299a340578957a; raw_extractions:fec_api:candidate_S6IL00656_totals:06d8956f583907f17a9e1f6b7203c901f04260ff; raw_extractions:fec_api:candidate_S6IL00672_totals:065c619ab702aae9c9486957b522f741e2cd6ff1; raw_extractions:fec_api:candidate_S6IL00649_totals:5c1a52ec69f4fff24604e41865f022afb79002b6; raw_extractions:fec_api:candidate_S6IL00623_totals:561db722620df321be721162f8061666de534732; raw_extractions:fec_api:candidate_S6IL00615_totals:2ba91570f44b39609526d4fa97411c4fafc6d35e; raw_extractions:fec_api:candidate_S6IL00607_totals:a0225a52a39856ed5e16e0d0f02ef850c517a233; raw_extractions:fec_api:candidate_S6IL00581_totals:c7611298fb52b4b64e9b1a5fa2f8174a5b3c4771; raw_extractions:fec_api:candidate_S6IL00565_totals:f614a8bfec00fdedfa5906a6bba550494e295dcf; raw_extractions:fec_api:candidate_S6IL00557_totals:63f2eeba8dec2fd7c8ae89e55817d681c1112fd8; raw_extractions:fec_api:candidate_S6IL00540_totals:7e2e61e9f96892e84ab61185845f2916d8889433; raw_extractions:fec_api:candidate_S6IL00490_totals:dbc7e84a84aa07b5b84753a6a57f76f426e58926; ... (+112 more),raw_extractions_payload_scan_union_all_payloads_profiled_first_n_rows_across_feed
fec_api_candidate_totals_json,candidate_contribution,yes,,raw_extractions.payload_json,no,,database/federal_fec.py:1052,explicitly excluded (not projected into structured FEC table),"Add explicit projection mapping if this key is needed downstream, or document intentional exclusion.",95,no,0.0,353925.31 | 121706.39 | 0.0,raw_extractions:fec_api:candidate_S8IL00215_totals:e82fe60fd22067815b5ee870a7299a340578957a; raw_extractions:fec_api:candidate_S6IL00656_totals:06d8956f583907f17a9e1f6b7203c901f04260ff; raw_extractions:fec_api:candidate_S6IL00672_totals:065c619ab702aae9c9486957b522f741e2cd6ff1; raw_extractions:fec_api:candidate_S6IL00649_totals:5c1a52ec69f4fff24604e41865f022afb79002b6; raw_extractions:fec_api:candidate_S6IL00623_totals:561db722620df321be721162f8061666de534732; raw_extractions:fec_api:candidate_S6IL00615_totals:2ba91570f44b39609526d4fa97411c4fafc6d35e; raw_extractions:fec_api:candidate_S6IL00607_totals:a0225a52a39856ed5e16e0d0f02ef850c517a233; raw_extractions:fec_api:candidate_S6IL00581_totals:c7611298fb52b4b64e9b1a5fa2f8174a5b3c4771; raw_extractions:fec_api:candidate_S6IL00565_totals:f614a8bfec00fdedfa5906a6bba550494e295dcf; raw_extractions:fec_api:candidate_S6IL00557_totals:63f2eeba8dec2fd7c8ae89e55817d681c1112fd8; raw_extractions:fec_api:candidate_S6IL00540_totals:7e2e61e9f96892e84ab61185845f2916d8889433; raw_extractions:fec_api:candidate_S6IL00490_totals:dbc7e84a84aa07b5b84753a6a57f76f426e58926; ... (+112 more),raw_extractions_payload_scan_union_all_payloads_profiled_first_n_rows_across_feed
fec_api_candidate_totals_json,candidate_election_year,yes,,raw_extractions.payload_json,no,,database/federal_fec.py:1052,explicitly excluded (not projected into structured FEC table),"Add explicit projection mapping if this key is needed downstream, or document intentional exclusion.",95,no,0.010526,2026,raw_extractions:fec_api:candidate_S8IL00215_totals:e82fe60fd22067815b5ee870a7299a340578957a; raw_extractions:fec_api:candidate_S6IL00656_totals:06d8956f583907f17a9e1f6b7203c901f04260ff; raw_extractions:fec_api:candidate_S6IL00672_totals:065c619ab702aae9c9486957b522f741e2cd6ff1; raw_extractions:fec_api:candidate_S6IL00649_totals:5c1a52ec69f4fff24604e41865f022afb79002b6; raw_extractions:fec_api:candidate_S6IL00623_totals:561db722620df321be721162f8061666de534732; raw_extractions:fec_api:candidate_S6IL00615_totals:2ba91570f44b39609526d4fa97411c4fafc6d35e; raw_extractions:fec_api:candidate_S6IL00607_totals:a0225a52a39856ed5e16e0d0f02ef850c517a233; raw_extractions:fec_api:candidate_S6IL00581_totals:c7611298fb52b4b64e9b1a5fa2f8174a5b3c4771; raw_extractions:fec_api:candidate_S6IL00565_totals:f614a8bfec00fdedfa5906a6bba550494e295dcf; raw_extractions:fec_api:candidate_S6IL00557_totals:63f2eeba8dec2fd7c8ae89e55817d681c1112fd8; raw_extractions:fec_api:candidate_S6IL00540_totals:7e2e61e9f96892e84ab61185845f2916d8889433; raw_extractions:fec_api:candidate_S6IL00490_totals:dbc7e84a84aa07b5b84753a6a57f76f426e58926; ... (+112 more),raw_extractions_payload_scan_union_all_payloads_profiled_first_n_rows_across_feed
fec_api_candidate_totals_json,candidate_id,yes,,raw_extractions.payload_json,no,,database/federal_fec.py:1052,explicitly excluded (not projected into structured FEC table),"Add explicit projection mapping if this key is needed downstream, or document intentional exclusion.",95,no,0.0,S6IL00656 | S6IL00672 | S6IL00649,raw_extractions:fec_api:candidate_S8IL00215_totals:e82fe60fd22067815b5ee870a7299a340578957a; raw_extractions:fec_api:candidate_S6IL00656_totals:06d8956f583907f17a9e1f6b7203c901f04260ff; raw_extractions:fec_api:candidate_S6IL00672_totals:065c619ab702aae9c9486957b522f741e2cd6ff1; raw_extractions:fec_api:candidate_S6IL00649_totals:5c1a52ec69f4fff24604e41865f022afb79002b6; raw_extractions:fec_api:candidate_S6IL00623_totals:561db722620df321be721162f8061666de534732; raw_extractions:fec_api:candidate_S6IL00615_totals:2ba91570f44b39609526d4fa97411c4fafc6d35e; raw_extractions:fec_api:candidate_S6IL00607_totals:a0225a52a39856ed5e16e0d0f02ef850c517a233; raw_extractions:fec_api:candidate_S6IL00581_totals:c7611298fb52b4b64e9b1a5fa2f8174a5b3c4771; raw_extractions:fec_api:candidate_S6IL00565_totals:f614a8bfec00fdedfa5906a6bba550494e295dcf; raw_extractions:fec_api:candidate_S6IL00557_totals:63f2eeba8dec2fd7c8ae89e55817d681c1112fd8; raw_extractions:fec_api:candidate_S6IL00540_totals:7e2e61e9f96892e84ab61185845f2916d8889433; raw_extractions:fec_api:candidate_S6IL00490_totals:dbc7e84a84aa07b5b84753a6a57f76f426e58926; ... (+112 more),raw_extractions_payload_scan_union_all_payloads_profiled_first_n_rows_across_feed
fec_api_candidate_totals_json,contribution_refunds,yes,,raw_extractions.payload_json,no,,database/federal_fec.py:1052,explicitly excluded (not projected into structured FEC table),"Add explicit projection mapping if this key is needed downstream, or document intentional exclusion.",95,no,0.0,0.0 | 520.51 | 31091.5,raw_extractions:fec_api:candidate_S8IL00215_totals:e82fe60fd22067815b5ee870a7299a340578957a; raw_extractions:fec_api:candidate_S6IL00656_totals:06d8956f583907f17a9e1f6b7203c901f04260ff; raw_extractions:fec_api:candidate_S6IL00672_totals:065c619ab702aae9c9486957b522f741e2cd6ff1; raw_extractions:fec_api:candidate_S6IL00649_totals:5c1a52ec69f4fff24604e41865f022afb79002b6; raw_extractions:fec_api:candidate_S6IL00623_totals:561db722620df321be721162f8061666de534732; raw_extractions:fec_api:candidate_S6IL00615_totals:2ba91570f44b39609526d4fa97411c4fafc6d35e; raw_extractions:fec_api:candidate_S6IL00607_totals:a0225a52a39856ed5e16e0d0f02ef850c517a233; raw_extractions:fec_api:candidate_S6IL00581_totals:c7611298fb52b4b64e9b1a5fa2f8174a5b3c4771; raw_extractions:fec_api:candidate_S6IL00565_totals:f614a8bfec00fdedfa5906a6bba550494e295dcf; raw_extractions:fec_api:candidate_S6IL00557_totals:63f2eeba8dec2fd7c8ae89e55817d681c1112fd8; raw_extractions:fec_api:candidate_S6IL00540_totals:7e2e61e9f96892e84ab61185845f2916d8889433; raw_extractions:fec_api:candidate_S6IL00490_totals:dbc7e84a84aa07b5b84753a6a57f76f426e58926; ... (+112 more),raw_extractions_payload_scan_union_all_payloads_profiled_first_n_rows_across_feed
fec_api_candidate_totals_json,contributions,yes,,raw_extractions.payload_json; fec_candidate_cycle_totals.*,yes,database/federal_fec.py; webapp/routes/main.py; scripts/newsroom_queries.py,,,Keep full raw payload retention and structured projection tests aligned.,95,no,0.0,359170.31 | 203861.39 | 21976.0,raw_extractions:fec_api:candidate_S8IL00215_totals:e82fe60fd22067815b5ee870a7299a340578957a; raw_extractions:fec_api:candidate_S6IL00656_totals:06d8956f583907f17a9e1f6b7203c901f04260ff; raw_extractions:fec_api:candidate_S6IL00672_totals:065c619ab702aae9c9486957b522f741e2cd6ff1; raw_extractions:fec_api:candidate_S6IL00649_totals:5c1a52ec69f4fff24604e41865f022afb79002b6; raw_extractions:fec_api:candidate_S6IL00623_totals:561db722620df321be721162f8061666de534732; raw_extractions:fec_api:candidate_S6IL00615_totals:2ba91570f44b39609526d4fa97411c4fafc6d35e; raw_extractions:fec_api:candidate_S6IL00607_totals:a0225a52a39856ed5e16e0d0f02ef850c517a233; raw_extractions:fec_api:candidate_S6IL00581_totals:c7611298fb52b4b64e9b1a5fa2f8174a5b3c4771; raw_extractions:fec_api:candidate_S6IL00565_totals:f614a8bfec00fdedfa5906a6bba550494e295dcf; raw_extractions:fec_api:candidate_S6IL00557_totals:63f2eeba8dec2fd7c8ae89e55817d681c1112fd8; raw_extractions:fec_api:candidate_S6IL00540_totals:7e2e61e9f96892e84ab61185845f2916d8889433; raw_extractions:fec_api:candidate_S6IL00490_totals:dbc7e84a84aa07b5b84753a6a57f76f426e58926; ... (+112 more),raw_extractions_payload_scan_union_all_payloads_profiled_first_n_rows_across_feed
fec_api_candidate_totals_json,coverage_end_date,yes,,raw_extractions.payload_json; fec_candidate_cycle_totals.*,yes,database/federal_fec.py; webapp/routes/main.py; scripts/newsroom_queries.py,,,Keep full raw payload retention and structured projection tests aligned.,95,no,0.0,2025-12-31T00:00:00 | 2025-09-30T00:00:00 | 2025-04-16T00:00:00,raw_extractions:fec_api:candidate_S8IL00215_totals:e82fe60fd22067815b5ee870a7299a340578957a; raw_extractions:fec_api:candidate_S6IL00656_totals:06d8956f583907f17a9e1f6b7203c901f04260ff; raw_extractions:fec_api:candidate_S6IL00672_totals:065c619ab702aae9c9486957b522f741e2cd6ff1; raw_extractions:fec_api:candidate_S6IL00649_totals:5c1a52ec69f4fff24604e41865f022afb79002b6; raw_extractions:fec_api:candidate_S6IL00623_totals:561db722620df321be721162f8061666de534732; raw_extractions:fec_api:candidate_S6IL00615_totals:2ba91570f44b39609526d4fa97411c4fafc6d35e; raw_extractions:fec_api:candidate_S6IL00607_totals:a0225a52a39856ed5e16e0d0f02ef850c517a233; raw_extractions:fec_api:candidate_S6IL00581_totals:c7611298fb52b4b64e9b1a5fa2f8174a5b3c4771; raw_extractions:fec_api:candidate_S6IL00565_totals:f614a8bfec00fdedfa5906a6bba550494e295dcf; raw_extractions:fec_api:candidate_S6IL00557_totals:63f2eeba8dec2fd7c8ae89e55817d681c1112fd8; raw_extractions:fec_api:candidate_S6IL00540_totals:7e2e61e9f96892e84ab61185845f2916d8889433; raw_extractions:fec_api:candidate_S6IL00490_totals:dbc7e84a84aa07b5b84753a6a57f76f426e58926; ... (+112 more),raw_extractions_payload_scan_union_all_payloads_profiled_first_n_rows_across_feed
fec_api_candidate_totals_json,coverage_start_date,yes,,raw_extractions.payload_json; fec_candidate_cycle_totals.*,yes,database/federal_fec.py; webapp/routes/main.py; scripts/newsroom_queries.py,,,Keep full raw payload retention and structured projection tests aligned.,95,no,0.0,2025-07-01T00:00:00 | 2025-10-01T00:00:00 | 2025-04-01T00:00:00,raw_extractions:fec_api:candidate_S8IL00215_totals:e82fe60fd22067815b5ee870a7299a340578957a; raw_extractions:fec_api:candidate_S6IL00656_totals:06d8956f583907f17a9e1f6b7203c901f04260ff; raw_extractions:fec_api:candidate_S6IL00672_totals:065c619ab702aae9c9486957b522f741e2cd6ff1; raw_extractions:fec_api:candidate_S6IL00649_totals:5c1a52ec69f4fff24604e41865f022afb79002b6; raw_extractions:fec_api:candidate_S6IL00623_totals:561db722620df321be721162f8061666de534732; raw_extractions:fec_api:candidate_S6IL00615_totals:2ba91570f44b39609526d4fa97411c4fafc6d35e; raw_extractions:fec_api:candidate_S6IL00607_totals:a0225a52a39856ed5e16e0d0f02ef850c517a233; raw_extractions:fec_api:candidate_S6IL00581_totals:c7611298fb52b4b64e9b1a5fa2f8174a5b3c4771; raw_extractions:fec_api:candidate_S6IL00565_totals:f614a8bfec00fdedfa5906a6bba550494e295dcf; raw_extractions:fec_api:candidate_S6IL00557_totals:63f2eeba8dec2fd7c8ae89e55817d681c1112fd8; raw_extractions:fec_api:candidate_S6IL00540_totals:7e2e61e9f96892e84ab61185845f2916d8889433; raw_extractions:fec_api:candidate_S6IL00490_totals:dbc7e84a84aa07b5b84753a6a57f76f426e58926; ... (+112 more),raw_extractions_payload_scan_union_all_payloads_profiled_first_n_rows_across_feed
fec_api_candidate_totals_json,cycle,yes,,raw_extractions.payload_json,no,,database/federal_fec.py:1052,explicitly excluded (not projected into structured FEC table),"Add explicit projection mapping if this key is needed downstream, or document intentional exclusion.",95,no,0.0,2026,raw_extractions:fec_api:candidate_S8IL00215_totals:e82fe60fd22067815b5ee870a7299a340578957a; raw_extractions:fec_api:candidate_S6IL00656_totals:06d8956f583907f17a9e1f6b7203c901f04260ff; raw_extractions:fec_api:candidate_S6IL00672_totals:065c619ab702aae9c9486957b522f741e2cd6ff1; raw_extractions:fec_api:candidate_S6IL00649_totals:5c1a52ec69f4fff24604e41865f022afb79002b6; raw_extractions:fec_api:candidate_S6IL00623_totals:561db722620df321be721162f8061666de534732; raw_extractions:fec_api:candidate_S6IL00615_totals:2ba91570f44b39609526d4fa97411c4fafc6d35e; raw_extractions:fec_api:candidate_S6IL00607_totals:a0225a52a39856ed5e16e0d0f02ef850c517a233; raw_extractions:fec_api:candidate_S6IL00581_totals:c7611298fb52b4b64e9b1a5fa2f8174a5b3c4771; raw_extractions:fec_api:candidate_S6IL00565_totals:f614a8bfec00fdedfa5906a6bba550494e295dcf; raw_extractions:fec_api:candidate_S6IL00557_totals:63f2eeba8dec2fd7c8ae89e55817d681c1112fd8; raw_extractions:fec_api:candidate_S6IL00540_totals:7e2e61e9f96892e84ab61185845f2916d8889433; raw_extractions:fec_api:candidate_S6IL00490_totals:dbc7e84a84aa07b5b84753a6a57f76f426e58926; ... (+112 more),raw_extractions_payload_scan_union_all_payloads_profiled_first_n_rows_across_feed
fec_api_candidate_totals_json,disbursements,yes,,raw_extractions.payload_json; fec_candidate_cycle_totals.*,yes,database/federal_fec.py; webapp/routes/main.py; scripts/newsroom_queries.py,,,Keep full raw payload retention and structured projection tests aligned.,95,no,0.0,230990.53 | 212267.81 | 14778.34,raw_extractions:fec_api:candidate_S8IL00215_totals:e82fe60fd22067815b5ee870a7299a340578957a; raw_extractions:fec_api:candidate_S6IL00656_totals:06d8956f583907f17a9e1f6b7203c901f04260ff; raw_extractions:fec_api:candidate_S6IL00672_totals:065c619ab702aae9c9486957b522f741e2cd6ff1; raw_extractions:fec_api:candidate_S6IL00649_totals:5c1a52ec69f4fff24604e41865f022afb79002b6; raw_extractions:fec_api:candidate_S6IL00623_totals:561db722620df321be721162f8061666de534732; raw_extractions:fec_api:candidate_S6IL00615_totals:2ba91570f44b39609526d4fa97411c4fafc6d35e; raw_extractions:fec_api:candidate_S6IL00607_totals:a0225a52a39856ed5e16e0d0f02ef850c517a233; raw_extractions:fec_api:candidate_S6IL00581_totals:c7611298fb52b4b64e9b1a5fa2f8174a5b3c4771; raw_extractions:fec_api:candidate_S6IL00565_totals:f614a8bfec00fdedfa5906a6bba550494e295dcf; raw_extractions:fec_api:candidate_S6IL00557_totals:63f2eeba8dec2fd7c8ae89e55817d681c1112fd8; raw_extractions:fec_api:candidate_S6IL00540_totals:7e2e61e9f96892e84ab61185845f2916d8889433; raw_extractions:fec_api:candidate_S6IL00490_totals:dbc7e84a84aa07b5b84753a6a57f76f426e58926; ... (+112 more),raw_extractions_payload_scan_union_all_payloads_profiled_first_n_rows_across_feed
fec_api_candidate_totals_json,election_full,yes,,raw_extractions.payload_json,no,,database/federal_fec.py:1052,explicitly excluded (not projected into structured FEC table),"Add explicit projection mapping if this key is needed downstream, or document intentional exclusion.",95,no,0.0,False,raw_extractions:fec_api:candidate_S8IL00215_totals:e82fe60fd22067815b5ee870a7299a340578957a; raw_extractions:fec_api:candidate_S6IL00656_totals:06d8956f583907f17a9e1f6b7203c901f04260ff; raw_extractions:fec_api:candidate_S6IL00672_totals:065c619ab702aae9c9486957b522f741e2cd6ff1; raw_extractions:fec_api:candidate_S6IL00649_totals:5c1a52ec69f4fff24604e41865f022afb79002b6; raw_extractions:fec_api:candidate_S6IL00623_totals:561db722620df321be721162f8061666de534732; raw_extractions:fec_api:candidate_S6IL00615_totals:2ba91570f44b39609526d4fa97411c4fafc6d35e; raw_extractions:fec_api:candidate_S6IL00607_totals:a0225a52a39856ed5e16e0d0f02ef850c517a233; raw_extractions:fec_api:candidate_S6IL00581_totals:c7611298fb52b4b64e9b1a5fa2f8174a5b3c4771; raw_extractions:fec_api:candidate_S6IL00565_totals:f614a8bfec00fdedfa5906a6bba550494e295dcf; raw_extractions:fec_api:candidate_S6IL00557_totals:63f2eeba8dec2fd7c8ae89e55817d681c1112fd8; raw_extractions:fec_api:candidate_S6IL00540_totals:7e2e61e9f96892e84ab61185845f2916d8889433; raw_extractions:fec_api:candidate_S6IL00490_totals:dbc7e84a84aa07b5b84753a6a57f76f426e58926; ... (+112 more),raw_extractions_payload_scan_union_all_payloads_profiled_first_n_rows_across_feed
fec_api_candidate_totals_json,exempt_legal_accounting_disbursement,yes,,raw_extractions.payload_json,no,,database/federal_fec.py:1052,explicitly excluded (not projected into structured FEC table),"Add explicit projection mapping if this key is needed downstream, or document intentional exclusion.",95,no,0.0,0.0,raw_extractions:fec_api:candidate_S8IL00215_totals:e82fe60fd22067815b5ee870a7299a340578957a; raw_extractions:fec_api:candidate_S6IL00656_totals:06d8956f583907f17a9e1f6b7203c901f04260ff; raw_extractions:fec_api:candidate_S6IL00672_totals:065c619ab702aae9c9486957b522f741e2cd6ff1; raw_extractions:fec_api:candidate_S6IL00649_totals:5c1a52ec69f4fff24604e41865f022afb79002b6; raw_extractions:fec_api:candidate_S6IL00623_totals:561db722620df321be721162f8061666de534732; raw_extractions:fec_api:candidate_S6IL00615_totals:2ba91570f44b39609526d4fa97411c4fafc6d35e; raw_extractions:fec_api:candidate_S6IL00607_totals:a0225a52a39856ed5e16e0d0f02ef850c517a233; raw_extractions:fec_api:candidate_S6IL00581_totals:c7611298fb52b4b64e9b1a5fa2f8174a5b3c4771; raw_extractions:fec_api:candidate_S6IL00565_totals:f614a8bfec00fdedfa5906a6bba550494e295dcf; raw_extractions:fec_api:candidate_S6IL00557_totals:63f2eeba8dec2fd7c8ae89e55817d681c1112fd8; raw_extractions:fec_api:candidate_S6IL00540_totals:7e2e61e9f96892e84ab61185845f2916d8889433; raw_extractions:fec_api:candidate_S6IL00490_totals:dbc7e84a84aa07b5b84753a6a57f76f426e58926; ... (+112 more),raw_extractions_payload_scan_union_all_payloads_profiled_first_n_rows_across_feed
fec_api_candidate_totals_json,federal_funds,yes,,raw_extractions.payload_json,no,,database/federal_fec.py:1052,explicitly excluded (not projected into structured FEC table),"Add explicit projection mapping if this key is needed downstream, or document intentional exclusion.",95,no,0.0,0.0,raw_extractions:fec_api:candidate_S8IL00215_totals:e82fe60fd22067815b5ee870a7299a340578957a; raw_extractions:fec_api:candidate_S6IL00656_totals:06d8956f583907f17a9e1f6b7203c901f04260ff; raw_extractions:fec_api:candidate_S6IL00672_totals:065c619ab702aae9c9486957b522f741e2cd6ff1; raw_extractions:fec_api:candidate_S6IL00649_totals:5c1a52ec69f4fff24604e41865f022afb79002b6; raw_extractions:fec_api:candidate_S6IL00623_totals:561db722620df321be721162f8061666de534732; raw_extractions:fec_api:candidate_S6IL00615_totals:2ba91570f44b39609526d4fa97411c4fafc6d35e; raw_extractions:fec_api:candidate_S6IL00607_totals:a0225a52a39856ed5e16e0d0f02ef850c517a233; raw_extractions:fec_api:candidate_S6IL00581_totals:c7611298fb52b4b64e9b1a5fa2f8174a5b3c4771; raw_extractions:fec_api:candidate_S6IL00565_totals:f614a8bfec00fdedfa5906a6bba550494e295dcf; raw_extractions:fec_api:candidate_S6IL00557_totals:63f2eeba8dec2fd7c8ae89e55817d681c1112fd8; raw_extractions:fec_api:candidate_S6IL00540_totals:7e2e61e9f96892e84ab61185845f2916d8889433; raw_extractions:fec_api:candidate_S6IL00490_totals:dbc7e84a84aa07b5b84753a6a57f76f426e58926; ... (+112 more),raw_extractions_payload_scan_union_all_payloads_profiled_first_n_rows_across_feed
fec_api_candidate_totals_json,fundraising_disbursements,yes,,raw_extractions.payload_json,no,,database/federal_fec.py:1052,explicitly excluded (not projected into structured FEC table),"Add explicit projection mapping if this key is needed downstream, or document intentional exclusion.",95,no,0.0,0.0,raw_extractions:fec_api:candidate_S8IL00215_totals:e82fe60fd22067815b5ee870a7299a340578957a; raw_extractions:fec_api:candidate_S6IL00656_totals:06d8956f583907f17a9e1f6b7203c901f04260ff; raw_extractions:fec_api:candidate_S6IL00672_totals:065c619ab702aae9c9486957b522f741e2cd6ff1; raw_extractions:fec_api:candidate_S6IL00649_totals:5c1a52ec69f4fff24604e41865f022afb79002b6; raw_extractions:fec_api:candidate_S6IL00623_totals:561db722620df321be721162f8061666de534732; raw_extractions:fec_api:candidate_S6IL00615_totals:2ba91570f44b39609526d4fa97411c4fafc6d35e; raw_extractions:fec_api:candidate_S6IL00607_totals:a0225a52a39856ed5e16e0d0f02ef850c517a233; raw_extractions:fec_api:candidate_S6IL00581_totals:c7611298fb52b4b64e9b1a5fa2f8174a5b3c4771; raw_extractions:fec_api:candidate_S6IL00565_totals:f614a8bfec00fdedfa5906a6bba550494e295dcf; raw_extractions:fec_api:candidate_S6IL00557_totals:63f2eeba8dec2fd7c8ae89e55817d681c1112fd8; raw_extractions:fec_api:candidate_S6IL00540_totals:7e2e61e9f96892e84ab61185845f2916d8889433; raw_extractions:fec_api:candidate_S6IL00490_totals:dbc7e84a84aa07b5b84753a6a57f76f426e58926; ... (+112 more),raw_extractions_payload_scan_union_all_payloads_profiled_first_n_rows_across_feed
fec_api_candidate_totals_json,individual_contributions,yes,,raw_extractions.payload_json; fec_candidate_cycle_totals.*,yes,database/federal_fec.py; webapp/routes/main.py; scripts/newsroom_queries.py,,,Keep full raw payload retention and structured projection tests aligned.,95,no,0.0,5245.0 | 82155.0 | 21976.0,raw_extractions:fec_api:candidate_S8IL00215_totals:e82fe60fd22067815b5ee870a7299a340578957a; raw_extractions:fec_api:candidate_S6IL00656_totals:06d8956f583907f17a9e1f6b7203c901f04260ff; raw_extractions:fec_api:candidate_S6IL00672_totals:065c619ab702aae9c9486957b522f741e2cd6ff1; raw_extractions:fec_api:candidate_S6IL00649_totals:5c1a52ec69f4fff24604e41865f022afb79002b6; raw_extractions:fec_api:candidate_S6IL00623_totals:561db722620df321be721162f8061666de534732; raw_extractions:fec_api:candidate_S6IL00615_totals:2ba91570f44b39609526d4fa97411c4fafc6d35e; raw_extractions:fec_api:candidate_S6IL00607_totals:a0225a52a39856ed5e16e0d0f02ef850c517a233; raw_extractions:fec_api:candidate_S6IL00581_totals:c7611298fb52b4b64e9b1a5fa2f8174a5b3c4771; raw_extractions:fec_api:candidate_S6IL00565_totals:f614a8bfec00fdedfa5906a6bba550494e295dcf; raw_extractions:fec_api:candidate_S6IL00557_totals:63f2eeba8dec2fd7c8ae89e55817d681c1112fd8; raw_extractions:fec_api:candidate_S6IL00540_totals:7e2e61e9f96892e84ab61185845f2916d8889433; raw_extractions:fec_api:candidate_S6IL00490_totals:dbc7e84a84aa07b5b84753a6a57f76f426e58926; ... (+112 more),raw_extractions_payload_scan_union_all_payloads_profiled_first_n_rows_across_feed
fec_api_candidate_totals_json,individual_itemized_contributions,yes,,raw_extractions.payload_json,no,,database/federal_fec.py:1052,explicitly excluded (not projected into structured FEC table),"Add explicit projection mapping if this key is needed downstream, or document intentional exclusion.",95,no,0.0,4250.0 | 81500.0 | 20232.0,raw_extractions:fec_api:candidate_S8IL00215_totals:e82fe60fd22067815b5ee870a7299a340578957a; raw_extractions:fec_api:candidate_S6IL00656_totals:06d8956f583907f17a9e1f6b7203c901f04260ff; raw_extractions:fec_api:candidate_S6IL00672_totals:065c619ab702aae9c9486957b522f741e2cd6ff1; raw_extractions:fec_api:candidate_S6IL00649_totals:5c1a52ec69f4fff24604e41865f022afb79002b6; raw_extractions:fec_api:candidate_S6IL00623_totals:561db722620df321be721162f8061666de534732; raw_extractions:fec_api:candidate_S6IL00615_totals:2ba91570f44b39609526d4fa97411c4fafc6d35e; raw_extractions:fec_api:candidate_S6IL00607_totals:a0225a52a39856ed5e16e0d0f02ef850c517a233; raw_extractions:fec_api:candidate_S6IL00581_totals:c7611298fb52b4b64e9b1a5fa2f8174a5b3c4771; raw_extractions:fec_api:candidate_S6IL00565_totals:f614a8bfec00fdedfa5906a6bba550494e295dcf; raw_extractions:fec_api:candidate_S6IL00557_totals:63f2eeba8dec2fd7c8ae89e55817d681c1112fd8; raw_extractions:fec_api:candidate_S6IL00540_totals:7e2e61e9f96892e84ab61185845f2916d8889433; raw_extractions:fec_api:candidate_S6IL00490_totals:dbc7e84a84aa07b5b84753a6a57f76f426e58926; ... (+112 more),raw_extractions_payload_scan_union_all_payloads_profiled_first_n_rows_across_feed
fec_api_candidate_totals_json,individual_unitemized_contributions,yes,,raw_extractions.payload_json,no,,database/federal_fec.py:1052,explicitly excluded (not projected into structured FEC table),"Add explicit projection mapping if this key is needed downstream, or document intentional exclusion.",95,no,0.0,995.0 | 655.0 | 1744.0,raw_extractions:fec_api:candidate_S8IL00215_totals:e82fe60fd22067815b5ee870a7299a340578957a; raw_extractions:fec_api:candidate_S6IL00656_totals:06d8956f583907f17a9e1f6b7203c901f04260ff; raw_extractions:fec_api:candidate_S6IL00672_totals:065c619ab702aae9c9486957b522f741e2cd6ff1; raw_extractions:fec_api:candidate_S6IL00649_totals:5c1a52ec69f4fff24604e41865f022afb79002b6; raw_extractions:fec_api:candidate_S6IL00623_totals:561db722620df321be721162f8061666de534732; raw_extractions:fec_api:candidate_S6IL00615_totals:2ba91570f44b39609526d4fa97411c4fafc6d35e; raw_extractions:fec_api:candidate_S6IL00607_totals:a0225a52a39856ed5e16e0d0f02ef850c517a233; raw_extractions:fec_api:candidate_S6IL00581_totals:c7611298fb52b4b64e9b1a5fa2f8174a5b3c4771; raw_extractions:fec_api:candidate_S6IL00565_totals:f614a8bfec00fdedfa5906a6bba550494e295dcf; raw_extractions:fec_api:candidate_S6IL00557_totals:63f2eeba8dec2fd7c8ae89e55817d681c1112fd8; raw_extractions:fec_api:candidate_S6IL00540_totals:7e2e61e9f96892e84ab61185845f2916d8889433; raw_extractions:fec_api:candidate_S6IL00490_totals:dbc7e84a84aa07b5b84753a6a57f76f426e58926; ... (+112 more),raw_extractions_payload_scan_union_all_payloads_profiled_first_n_rows_across_feed
fec_api_candidate_totals_json,last_beginning_image_number,yes,,raw_extractions.payload_json,no,,database/federal_fec.py:1052,explicitly excluded (not projected into structured FEC table),"Add explicit projection mapping if this key is needed downstream, or document intentional exclusion.",95,no,0.0,202601309794556075 | 202601199794075787 | 202601319795637048,raw_extractions:fec_api:candidate_S8IL00215_totals:e82fe60fd22067815b5ee870a7299a340578957a; raw_extractions:fec_api:candidate_S6IL00656_totals:06d8956f583907f17a9e1f6b7203c901f04260ff; raw_extractions:fec_api:candidate_S6IL00672_totals:065c619ab702aae9c9486957b522f741e2cd6ff1; raw_extractions:fec_api:candidate_S6IL00649_totals:5c1a52ec69f4fff24604e41865f022afb79002b6; raw_extractions:fec_api:candidate_S6IL00623_totals:561db722620df321be721162f8061666de534732; raw_extractions:fec_api:candidate_S6IL00615_totals:2ba91570f44b39609526d4fa97411c4fafc6d35e; raw_extractions:fec_api:candidate_S6IL00607_totals:a0225a52a39856ed5e16e0d0f02ef850c517a233; raw_extractions:fec_api:candidate_S6IL00581_totals:c7611298fb52b4b64e9b1a5fa2f8174a5b3c4771; raw_extractions:fec_api:candidate_S6IL00565_totals:f614a8bfec00fdedfa5906a6bba550494e295dcf; raw_extractions:fec_api:candidate_S6IL00557_totals:63f2eeba8dec2fd7c8ae89e55817d681c1112fd8; raw_extractions:fec_api:candidate_S6IL00540_totals:7e2e61e9f96892e84ab61185845f2916d8889433; raw_extractions:fec_api:candidate_S6IL00490_totals:dbc7e84a84aa07b5b84753a6a57f76f426e58926; ... (+112 more),raw_extractions_payload_scan_union_all_payloads_profiled_first_n_rows_across_feed
fec_api_candidate_totals_json,last_cash_on_hand_end_period,yes,,raw_extractions.payload_json; fec_candidate_cycle_totals.*,yes,database/federal_fec.py; webapp/routes/main.py; scripts/newsroom_queries.py,,,Keep full raw payload retention and structured projection tests aligned.,95,no,0.0,128180.29 | 298594.09 | 7197.66,raw_extractions:fec_api:candidate_S8IL00215_totals:e82fe60fd22067815b5ee870a7299a340578957a; raw_extractions:fec_api:candidate_S6IL00656_totals:06d8956f583907f17a9e1f6b7203c901f04260ff; raw_extractions:fec_api:candidate_S6IL00672_totals:065c619ab702aae9c9486957b522f741e2cd6ff1; raw_extractions:fec_api:candidate_S6IL00649_totals:5c1a52ec69f4fff24604e41865f022afb79002b6; raw_extractions:fec_api:candidate_S6IL00623_totals:561db722620df321be721162f8061666de534732; raw_extractions:fec_api:candidate_S6IL00615_totals:2ba91570f44b39609526d4fa97411c4fafc6d35e; raw_extractions:fec_api:candidate_S6IL00607_totals:a0225a52a39856ed5e16e0d0f02ef850c517a233; raw_extractions:fec_api:candidate_S6IL00581_totals:c7611298fb52b4b64e9b1a5fa2f8174a5b3c4771; raw_extractions:fec_api:candidate_S6IL00565_totals:f614a8bfec00fdedfa5906a6bba550494e295dcf; raw_extractions:fec_api:candidate_S6IL00557_totals:63f2eeba8dec2fd7c8ae89e55817d681c1112fd8; raw_extractions:fec_api:candidate_S6IL00540_totals:7e2e61e9f96892e84ab61185845f2916d8889433; raw_extractions:fec_api:candidate_S6IL00490_totals:dbc7e84a84aa07b5b84753a6a57f76f426e58926; ... (+112 more),raw_extractions_payload_scan_union_all_payloads_profiled_first_n_rows_across_feed
fec_api_candidate_totals_json,last_debts_owed_by_committee,yes,,raw_extractions.payload_json,no,,database/federal_fec.py:1052,explicitly excluded (not projected into structured FEC table),"Add explicit projection mapping if this key is needed downstream, or document intentional exclusion.",95,no,0.0,0.0 | 300000.0 | 46500.0,raw_extractions:fec_api:candidate_S8IL00215_totals:e82fe60fd22067815b5ee870a7299a340578957a; raw_extractions:fec_api:candidate_S6IL00656_totals:06d8956f583907f17a9e1f6b7203c901f04260ff; raw_extractions:fec_api:candidate_S6IL00672_totals:065c619ab702aae9c9486957b522f741e2cd6ff1; raw_extractions:fec_api:candidate_S6IL00649_totals:5c1a52ec69f4fff24604e41865f022afb79002b6; raw_extractions:fec_api:candidate_S6IL00623_totals:561db722620df321be721162f8061666de534732; raw_extractions:fec_api:candidate_S6IL00615_totals:2ba91570f44b39609526d4fa97411c4fafc6d35e; raw_extractions:fec_api:candidate_S6IL00607_totals:a0225a52a39856ed5e16e0d0f02ef850c517a233; raw_extractions:fec_api:candidate_S6IL00581_totals:c7611298fb52b4b64e9b1a5fa2f8174a5b3c4771; raw_extractions:fec_api:candidate_S6IL00565_totals:f614a8bfec00fdedfa5906a6bba550494e295dcf; raw_extractions:fec_api:candidate_S6IL00557_totals:63f2eeba8dec2fd7c8ae89e55817d681c1112fd8; raw_extractions:fec_api:candidate_S6IL00540_totals:7e2e61e9f96892e84ab61185845f2916d8889433; raw_extractions:fec_api:candidate_S6IL00490_totals:dbc7e84a84aa07b5b84753a6a57f76f426e58926; ... (+112 more),raw_extractions_payload_scan_union_all_payloads_profiled_first_n_rows_across_feed
fec_api_candidate_totals_json,last_debts_owed_to_committee,yes,,raw_extractions.payload_json,no,,database/federal_fec.py:1052,explicitly excluded (not projected into structured FEC table),"Add explicit projection mapping if this key is needed downstream, or document intentional exclusion.",95,no,0.0,0.0,raw_extractions:fec_api:candidate_S8IL00215_totals:e82fe60fd22067815b5ee870a7299a340578957a; raw_extractions:fec_api:candidate_S6IL00656_totals:06d8956f583907f17a9e1f6b7203c901f04260ff; raw_extractions:fec_api:candidate_S6IL00672_totals:065c619ab702aae9c9486957b522f741e2cd6ff1; raw_extractions:fec_api:candidate_S6IL00649_totals:5c1a52ec69f4fff24604e41865f022afb79002b6; raw_extractions:fec_api:candidate_S6IL00623_totals:561db722620df321be721162f8061666de534732; raw_extractions:fec_api:candidate_S6IL00615_totals:2ba91570f44b39609526d4fa97411c4fafc6d35e; raw_extractions:fec_api:candidate_S6IL00607_totals:a0225a52a39856ed5e16e0d0f02ef850c517a233; raw_extractions:fec_api:candidate_S6IL00581_totals:c7611298fb52b4b64e9b1a5fa2f8174a5b3c4771; raw_extractions:fec_api:candidate_S6IL00565_totals:f614a8bfec00fdedfa5906a6bba550494e295dcf; raw_extractions:fec_api:candidate_S6IL00557_totals:63f2eeba8dec2fd7c8ae89e55817d681c1112fd8; raw_extractions:fec_api:candidate_S6IL00540_totals:7e2e61e9f96892e84ab61185845f2916d8889433; raw_extractions:fec_api:candidate_S6IL00490_totals:dbc7e84a84aa07b5b84753a6a57f76f426e58926; ... (+112 more),raw_extractions_payload_scan_union_all_payloads_profiled_first_n_rows_across_feed
fec_api_candidate_totals_json,last_net_contributions,yes,,raw_extractions.payload_json,no,,database/federal_fec.py:1052,explicitly excluded (not projected into structured FEC table),"Add explicit projection mapping if this key is needed downstream, or document intentional exclusion.",95,no,0.0,257378.76 | 203861.39 | 16875.0,raw_extractions:fec_api:candidate_S8IL00215_totals:e82fe60fd22067815b5ee870a7299a340578957a; raw_extractions:fec_api:candidate_S6IL00656_totals:06d8956f583907f17a9e1f6b7203c901f04260ff; raw_extractions:fec_api:candidate_S6IL00672_totals:065c619ab702aae9c9486957b522f741e2cd6ff1; raw_extractions:fec_api:candidate_S6IL00649_totals:5c1a52ec69f4fff24604e41865f022afb79002b6; raw_extractions:fec_api:candidate_S6IL00623_totals:561db722620df321be721162f8061666de534732; raw_extractions:fec_api:candidate_S6IL00615_totals:2ba91570f44b39609526d4fa97411c4fafc6d35e; raw_extractions:fec_api:candidate_S6IL00607_totals:a0225a52a39856ed5e16e0d0f02ef850c517a233; raw_extractions:fec_api:candidate_S6IL00581_totals:c7611298fb52b4b64e9b1a5fa2f8174a5b3c4771; raw_extractions:fec_api:candidate_S6IL00565_totals:f614a8bfec00fdedfa5906a6bba550494e295dcf; raw_extractions:fec_api:candidate_S6IL00557_totals:63f2eeba8dec2fd7c8ae89e55817d681c1112fd8; raw_extractions:fec_api:candidate_S6IL00540_totals:7e2e61e9f96892e84ab61185845f2916d8889433; raw_extractions:fec_api:candidate_S6IL00490_totals:dbc7e84a84aa07b5b84753a6a57f76f426e58926; ... (+112 more),raw_extractions_payload_scan_union_all_payloads_profiled_first_n_rows_across_feed
fec_api_candidate_totals_json,last_net_operating_expenditures,yes,,raw_extractions.payload_json,no,,database/federal_fec.py:1052,explicitly excluded (not projected into structured FEC table),"Add explicit projection mapping if this key is needed downstream, or document intentional exclusion.",95,no,0.0,129198.98 | 205267.3 | 12659.01,raw_extractions:fec_api:candidate_S8IL00215_totals:e82fe60fd22067815b5ee870a7299a340578957a; raw_extractions:fec_api:candidate_S6IL00656_totals:06d8956f583907f17a9e1f6b7203c901f04260ff; raw_extractions:fec_api:candidate_S6IL00672_totals:065c619ab702aae9c9486957b522f741e2cd6ff1; raw_extractions:fec_api:candidate_S6IL00649_totals:5c1a52ec69f4fff24604e41865f022afb79002b6; raw_extractions:fec_api:candidate_S6IL00623_totals:561db722620df321be721162f8061666de534732; raw_extractions:fec_api:candidate_S6IL00615_totals:2ba91570f44b39609526d4fa97411c4fafc6d35e; raw_extractions:fec_api:candidate_S6IL00607_totals:a0225a52a39856ed5e16e0d0f02ef850c517a233; raw_extractions:fec_api:candidate_S6IL00581_totals:c7611298fb52b4b64e9b1a5fa2f8174a5b3c4771; raw_extractions:fec_api:candidate_S6IL00565_totals:f614a8bfec00fdedfa5906a6bba550494e295dcf; raw_extractions:fec_api:candidate_S6IL00557_totals:63f2eeba8dec2fd7c8ae89e55817d681c1112fd8; raw_extractions:fec_api:candidate_S6IL00540_totals:7e2e61e9f96892e84ab61185845f2916d8889433; raw_extractions:fec_api:candidate_S6IL00490_totals:dbc7e84a84aa07b5b84753a6a57f76f426e58926; ... (+112 more),raw_extractions_payload_scan_union_all_payloads_profiled_first_n_rows_across_feed
fec_api_candidate_totals_json,last_report_type_full,yes,,raw_extractions.payload_json; fec_candidate_cycle_totals.*,yes,database/federal_fec.py; webapp/routes/main.py; scripts/newsroom_queries.py,,,Keep full raw payload retention and structured projection tests aligned.,95,no,0.0,YEAR-END | OCTOBER QUARTERLY | TERMINATION REPORT,raw_extractions:fec_api:candidate_S8IL00215_totals:e82fe60fd22067815b5ee870a7299a340578957a; raw_extractions:fec_api:candidate_S6IL00656_totals:06d8956f583907f17a9e1f6b7203c901f04260ff; raw_extractions:fec_api:candidate_S6IL00672_totals:065c619ab702aae9c9486957b522f741e2cd6ff1; raw_extractions:fec_api:candidate_S6IL00649_totals:5c1a52ec69f4fff24604e41865f022afb79002b6; raw_extractions:fec_api:candidate_S6IL00623_totals:561db722620df321be721162f8061666de534732; raw_extractions:fec_api:candidate_S6IL00615_totals:2ba91570f44b39609526d4fa97411c4fafc6d35e; raw_extractions:fec_api:candidate_S6IL00607_totals:a0225a52a39856ed5e16e0d0f02ef850c517a233; raw_extractions:fec_api:candidate_S6IL00581_totals:c7611298fb52b4b64e9b1a5fa2f8174a5b3c4771; raw_extractions:fec_api:candidate_S6IL00565_totals:f614a8bfec00fdedfa5906a6bba550494e295dcf; raw_extractions:fec_api:candidate_S6IL00557_totals:63f2eeba8dec2fd7c8ae89e55817d681c1112fd8; raw_extractions:fec_api:candidate_S6IL00540_totals:7e2e61e9f96892e84ab61185845f2916d8889433; raw_extractions:fec_api:candidate_S6IL00490_totals:dbc7e84a84aa07b5b84753a6a57f76f426e58926; ... (+112 more),raw_extractions_payload_scan_union_all_payloads_profiled_first_n_rows_across_feed
fec_api_candidate_totals_json,last_report_year,yes,,raw_extractions.payload_json; fec_candidate_cycle_totals.*,yes,database/federal_fec.py; webapp/routes/main.py; scripts/newsroom_queries.py,,,Keep full raw payload retention and structured projection tests aligned.,95,no,0.0,2025,raw_extractions:fec_api:candidate_S8IL00215_totals:e82fe60fd22067815b5ee870a7299a340578957a; raw_extractions:fec_api:candidate_S6IL00656_totals:06d8956f583907f17a9e1f6b7203c901f04260ff; raw_extractions:fec_api:candidate_S6IL00672_totals:065c619ab702aae9c9486957b522f741e2cd6ff1; raw_extractions:fec_api:candidate_S6IL00649_totals:5c1a52ec69f4fff24604e41865f022afb79002b6; raw_extractions:fec_api:candidate_S6IL00623_totals:561db722620df321be721162f8061666de534732; raw_extractions:fec_api:candidate_S6IL00615_totals:2ba91570f44b39609526d4fa97411c4fafc6d35e; raw_extractions:fec_api:candidate_S6IL00607_totals:a0225a52a39856ed5e16e0d0f02ef850c517a233; raw_extractions:fec_api:candidate_S6IL00581_totals:c7611298fb52b4b64e9b1a5fa2f8174a5b3c4771; raw_extractions:fec_api:candidate_S6IL00565_totals:f614a8bfec00fdedfa5906a6bba550494e295dcf; raw_extractions:fec_api:candidate_S6IL00557_totals:63f2eeba8dec2fd7c8ae89e55817d681c1112fd8; raw_extractions:fec_api:candidate_S6IL00540_totals:7e2e61e9f96892e84ab61185845f2916d8889433; raw_extractions:fec_api:candidate_S6IL00490_totals:dbc7e84a84aa07b5b84753a6a57f76f426e58926; ... (+112 more),raw_extractions_payload_scan_union_all_payloads_profiled_first_n_rows_across_feed
fec_api_candidate_totals_json,loan_repayments,yes,,raw_extractions.payload_json,no,,database/federal_fec.py:1052,explicitly excluded (not projected into structured FEC table),"Add explicit projection mapping if this key is needed downstream, or document intentional exclusion.",95,no,0.0,0.0 | 4547.62 | 2000.0,raw_extractions:fec_api:candidate_S8IL00215_totals:e82fe60fd22067815b5ee870a7299a340578957a; raw_extractions:fec_api:candidate_S6IL00656_totals:06d8956f583907f17a9e1f6b7203c901f04260ff; raw_extractions:fec_api:candidate_S6IL00672_totals:065c619ab702aae9c9486957b522f741e2cd6ff1; raw_extractions:fec_api:candidate_S6IL00649_totals:5c1a52ec69f4fff24604e41865f022afb79002b6; raw_extractions:fec_api:candidate_S6IL00623_totals:561db722620df321be721162f8061666de534732; raw_extractions:fec_api:candidate_S6IL00615_totals:2ba91570f44b39609526d4fa97411c4fafc6d35e; raw_extractions:fec_api:candidate_S6IL00607_totals:a0225a52a39856ed5e16e0d0f02ef850c517a233; raw_extractions:fec_api:candidate_S6IL00581_totals:c7611298fb52b4b64e9b1a5fa2f8174a5b3c4771; raw_extractions:fec_api:candidate_S6IL00565_totals:f614a8bfec00fdedfa5906a6bba550494e295dcf; raw_extractions:fec_api:candidate_S6IL00557_totals:63f2eeba8dec2fd7c8ae89e55817d681c1112fd8; raw_extractions:fec_api:candidate_S6IL00540_totals:7e2e61e9f96892e84ab61185845f2916d8889433; raw_extractions:fec_api:candidate_S6IL00490_totals:dbc7e84a84aa07b5b84753a6a57f76f426e58926; ... (+112 more),raw_extractions_payload_scan_union_all_payloads_profiled_first_n_rows_across_feed
fec_api_candidate_totals_json,loan_repayments_candidate_loans,yes,,raw_extractions.payload_json,no,,database/federal_fec.py:1052,explicitly excluded (not projected into structured FEC table),"Add explicit projection mapping if this key is needed downstream, or document intentional exclusion.",95,no,0.0,0.0 | 2547.62 | 2000.0,raw_extractions:fec_api:candidate_S8IL00215_totals:e82fe60fd22067815b5ee870a7299a340578957a; raw_extractions:fec_api:candidate_S6IL00656_totals:06d8956f583907f17a9e1f6b7203c901f04260ff; raw_extractions:fec_api:candidate_S6IL00672_totals:065c619ab702aae9c9486957b522f741e2cd6ff1; raw_extractions:fec_api:candidate_S6IL00649_totals:5c1a52ec69f4fff24604e41865f022afb79002b6; raw_extractions:fec_api:candidate_S6IL00623_totals:561db722620df321be721162f8061666de534732; raw_extractions:fec_api:candidate_S6IL00615_totals:2ba91570f44b39609526d4fa97411c4fafc6d35e; raw_extractions:fec_api:candidate_S6IL00607_totals:a0225a52a39856ed5e16e0d0f02ef850c517a233; raw_extractions:fec_api:candidate_S6IL00581_totals:c7611298fb52b4b64e9b1a5fa2f8174a5b3c4771; raw_extractions:fec_api:candidate_S6IL00565_totals:f614a8bfec00fdedfa5906a6bba550494e295dcf; raw_extractions:fec_api:candidate_S6IL00557_totals:63f2eeba8dec2fd7c8ae89e55817d681c1112fd8; raw_extractions:fec_api:candidate_S6IL00540_totals:7e2e61e9f96892e84ab61185845f2916d8889433; raw_extractions:fec_api:candidate_S6IL00490_totals:dbc7e84a84aa07b5b84753a6a57f76f426e58926; ... (+112 more),raw_extractions_payload_scan_union_all_payloads_profiled_first_n_rows_across_feed
fec_api_candidate_totals_json,loan_repayments_other_loans,yes,,raw_extractions.payload_json,no,,database/federal_fec.py:1052,explicitly excluded (not projected into structured FEC table),"Add explicit projection mapping if this key is needed downstream, or document intentional exclusion.",95,no,0.0,0.0 | 2000.0,raw_extractions:fec_api:candidate_S8IL00215_totals:e82fe60fd22067815b5ee870a7299a340578957a; raw_extractions:fec_api:candidate_S6IL00656_totals:06d8956f583907f17a9e1f6b7203c901f04260ff; raw_extractions:fec_api:candidate_S6IL00672_totals:065c619ab702aae9c9486957b522f741e2cd6ff1; raw_extractions:fec_api:candidate_S6IL00649_totals:5c1a52ec69f4fff24604e41865f022afb79002b6; raw_extractions:fec_api:candidate_S6IL00623_totals:561db722620df321be721162f8061666de534732; raw_extractions:fec_api:candidate_S6IL00615_totals:2ba91570f44b39609526d4fa97411c4fafc6d35e; raw_extractions:fec_api:candidate_S6IL00607_totals:a0225a52a39856ed5e16e0d0f02ef850c517a233; raw_extractions:fec_api:candidate_S6IL00581_totals:c7611298fb52b4b64e9b1a5fa2f8174a5b3c4771; raw_extractions:fec_api:candidate_S6IL00565_totals:f614a8bfec00fdedfa5906a6bba550494e295dcf; raw_extractions:fec_api:candidate_S6IL00557_totals:63f2eeba8dec2fd7c8ae89e55817d681c1112fd8; raw_extractions:fec_api:candidate_S6IL00540_totals:7e2e61e9f96892e84ab61185845f2916d8889433; raw_extractions:fec_api:candidate_S6IL00490_totals:dbc7e84a84aa07b5b84753a6a57f76f426e58926; ... (+112 more),raw_extractions_payload_scan_union_all_payloads_profiled_first_n_rows_across_feed
fec_api_candidate_totals_json,loans,yes,,raw_extractions.payload_json,no,,database/federal_fec.py:1052,explicitly excluded (not projected into structured FEC table),"Add explicit projection mapping if this key is needed downstream, or document intentional exclusion.",95,no,0.0,0.0 | 300000.0 | 46500.0,raw_extractions:fec_api:candidate_S8IL00215_totals:e82fe60fd22067815b5ee870a7299a340578957a; raw_extractions:fec_api:candidate_S6IL00656_totals:06d8956f583907f17a9e1f6b7203c901f04260ff; raw_extractions:fec_api:candidate_S6IL00672_totals:065c619ab702aae9c9486957b522f741e2cd6ff1; raw_extractions:fec_api:candidate_S6IL00649_totals:5c1a52ec69f4fff24604e41865f022afb79002b6; raw_extractions:fec_api:candidate_S6IL00623_totals:561db722620df321be721162f8061666de534732; raw_extractions:fec_api:candidate_S6IL00615_totals:2ba91570f44b39609526d4fa97411c4fafc6d35e; raw_extractions:fec_api:candidate_S6IL00607_totals:a0225a52a39856ed5e16e0d0f02ef850c517a233; raw_extractions:fec_api:candidate_S6IL00581_totals:c7611298fb52b4b64e9b1a5fa2f8174a5b3c4771; raw_extractions:fec_api:candidate_S6IL00565_totals:f614a8bfec00fdedfa5906a6bba550494e295dcf; raw_extractions:fec_api:candidate_S6IL00557_totals:63f2eeba8dec2fd7c8ae89e55817d681c1112fd8; raw_extractions:fec_api:candidate_S6IL00540_totals:7e2e61e9f96892e84ab61185845f2916d8889433; raw_extractions:fec_api:candidate_S6IL00490_totals:dbc7e84a84aa07b5b84753a6a57f76f426e58926; ... (+112 more),raw_extractions_payload_scan_union_all_payloads_profiled_first_n_rows_across_feed
fec_api_candidate_totals_json,loans_made_by_candidate,yes,,raw_extractions.payload_json,no,,database/federal_fec.py:1052,explicitly excluded (not projected into structured FEC table),"Add explicit projection mapping if this key is needed downstream, or document intentional exclusion.",95,no,0.0,0.0 | 300000.0 | 46500.0,raw_extractions:fec_api:candidate_S8IL00215_totals:e82fe60fd22067815b5ee870a7299a340578957a; raw_extractions:fec_api:candidate_S6IL00656_totals:06d8956f583907f17a9e1f6b7203c901f04260ff; raw_extractions:fec_api:candidate_S6IL00672_totals:065c619ab702aae9c9486957b522f741e2cd6ff1; raw_extractions:fec_api:candidate_S6IL00649_totals:5c1a52ec69f4fff24604e41865f022afb79002b6; raw_extractions:fec_api:candidate_S6IL00623_totals:561db722620df321be721162f8061666de534732; raw_extractions:fec_api:candidate_S6IL00615_totals:2ba91570f44b39609526d4fa97411c4fafc6d35e; raw_extractions:fec_api:candidate_S6IL00607_totals:a0225a52a39856ed5e16e0d0f02ef850c517a233; raw_extractions:fec_api:candidate_S6IL00581_totals:c7611298fb52b4b64e9b1a5fa2f8174a5b3c4771; raw_extractions:fec_api:candidate_S6IL00565_totals:f614a8bfec00fdedfa5906a6bba550494e295dcf; raw_extractions:fec_api:candidate_S6IL00557_totals:63f2eeba8dec2fd7c8ae89e55817d681c1112fd8; raw_extractions:fec_api:candidate_S6IL00540_totals:7e2e61e9f96892e84ab61185845f2916d8889433; raw_extractions:fec_api:candidate_S6IL00490_totals:dbc7e84a84aa07b5b84753a6a57f76f426e58926; ... (+112 more),raw_extractions_payload_scan_union_all_payloads_profiled_first_n_rows_across_feed
fec_api_candidate_totals_json,net_contributions,yes,,raw_extractions.payload_json,no,,database/federal_fec.py:1052,explicitly excluded (not projected into structured FEC table),"Add explicit projection mapping if this key is needed downstream, or document intentional exclusion.",95,no,0.0,359170.31 | 203861.39 | 21976.0,raw_extractions:fec_api:candidate_S8IL00215_totals:e82fe60fd22067815b5ee870a7299a340578957a; raw_extractions:fec_api:candidate_S6IL00656_totals:06d8956f583907f17a9e1f6b7203c901f04260ff; raw_extractions:fec_api:candidate_S6IL00672_totals:065c619ab702aae9c9486957b522f741e2cd6ff1; raw_extractions:fec_api:candidate_S6IL00649_totals:5c1a52ec69f4fff24604e41865f022afb79002b6; raw_extractions:fec_api:candidate_S6IL00623_totals:561db722620df321be721162f8061666de534732; raw_extractions:fec_api:candidate_S6IL00615_totals:2ba91570f44b39609526d4fa97411c4fafc6d35e; raw_extractions:fec_api:candidate_S6IL00607_totals:a0225a52a39856ed5e16e0d0f02ef850c517a233; raw_extractions:fec_api:candidate_S6IL00581_totals:c7611298fb52b4b64e9b1a5fa2f8174a5b3c4771; raw_extractions:fec_api:candidate_S6IL00565_totals:f614a8bfec00fdedfa5906a6bba550494e295dcf; raw_extractions:fec_api:candidate_S6IL00557_totals:63f2eeba8dec2fd7c8ae89e55817d681c1112fd8; raw_extractions:fec_api:candidate_S6IL00540_totals:7e2e61e9f96892e84ab61185845f2916d8889433; raw_extractions:fec_api:candidate_S6IL00490_totals:dbc7e84a84aa07b5b84753a6a57f76f426e58926; ... (+112 more),raw_extractions_payload_scan_union_all_payloads_profiled_first_n_rows_across_feed
fec_api_candidate_totals_json,net_operating_expenditures,yes,,raw_extractions.payload_json,no,,database/federal_fec.py:1052,explicitly excluded (not projected into structured FEC table),"Add explicit projection mapping if this key is needed downstream, or document intentional exclusion.",95,no,0.0,230990.53 | 205267.3 | 14778.34,raw_extractions:fec_api:candidate_S8IL00215_totals:e82fe60fd22067815b5ee870a7299a340578957a; raw_extractions:fec_api:candidate_S6IL00656_totals:06d8956f583907f17a9e1f6b7203c901f04260ff; raw_extractions:fec_api:candidate_S6IL00672_totals:065c619ab702aae9c9486957b522f741e2cd6ff1; raw_extractions:fec_api:candidate_S6IL00649_totals:5c1a52ec69f4fff24604e41865f022afb79002b6; raw_extractions:fec_api:candidate_S6IL00623_totals:561db722620df321be721162f8061666de534732; raw_extractions:fec_api:candidate_S6IL00615_totals:2ba91570f44b39609526d4fa97411c4fafc6d35e; raw_extractions:fec_api:candidate_S6IL00607_totals:a0225a52a39856ed5e16e0d0f02ef850c517a233; raw_extractions:fec_api:candidate_S6IL00581_totals:c7611298fb52b4b64e9b1a5fa2f8174a5b3c4771; raw_extractions:fec_api:candidate_S6IL00565_totals:f614a8bfec00fdedfa5906a6bba550494e295dcf; raw_extractions:fec_api:candidate_S6IL00557_totals:63f2eeba8dec2fd7c8ae89e55817d681c1112fd8; raw_extractions:fec_api:candidate_S6IL00540_totals:7e2e61e9f96892e84ab61185845f2916d8889433; raw_extractions:fec_api:candidate_S6IL00490_totals:dbc7e84a84aa07b5b84753a6a57f76f426e58926; ... (+112 more),raw_extractions_payload_scan_union_all_payloads_profiled_first_n_rows_across_feed
fec_api_candidate_totals_json,offsets_to_fundraising_expenditures,yes,,raw_extractions.payload_json,no,,database/federal_fec.py:1052,explicitly excluded (not projected into structured FEC table),"Add explicit projection mapping if this key is needed downstream, or document intentional exclusion.",95,no,0.0,0.0,raw_extractions:fec_api:candidate_S8IL00215_totals:e82fe60fd22067815b5ee870a7299a340578957a; raw_extractions:fec_api:candidate_S6IL00656_totals:06d8956f583907f17a9e1f6b7203c901f04260ff; raw_extractions:fec_api:candidate_S6IL00672_totals:065c619ab702aae9c9486957b522f741e2cd6ff1; raw_extractions:fec_api:candidate_S6IL00649_totals:5c1a52ec69f4fff24604e41865f022afb79002b6; raw_extractions:fec_api:candidate_S6IL00623_totals:561db722620df321be721162f8061666de534732; raw_extractions:fec_api:candidate_S6IL00615_totals:2ba91570f44b39609526d4fa97411c4fafc6d35e; raw_extractions:fec_api:candidate_S6IL00607_totals:a0225a52a39856ed5e16e0d0f02ef850c517a233; raw_extractions:fec_api:candidate_S6IL00581_totals:c7611298fb52b4b64e9b1a5fa2f8174a5b3c4771; raw_extractions:fec_api:candidate_S6IL00565_totals:f614a8bfec00fdedfa5906a6bba550494e295dcf; raw_extractions:fec_api:candidate_S6IL00557_totals:63f2eeba8dec2fd7c8ae89e55817d681c1112fd8; raw_extractions:fec_api:candidate_S6IL00540_totals:7e2e61e9f96892e84ab61185845f2916d8889433; raw_extractions:fec_api:candidate_S6IL00490_totals:dbc7e84a84aa07b5b84753a6a57f76f426e58926; ... (+112 more),raw_extractions_payload_scan_union_all_payloads_profiled_first_n_rows_across_feed
fec_api_candidate_totals_json,offsets_to_legal_accounting,yes,,raw_extractions.payload_json,no,,database/federal_fec.py:1052,explicitly excluded (not projected into structured FEC table),"Add explicit projection mapping if this key is needed downstream, or document intentional exclusion.",95,no,0.0,0.0,raw_extractions:fec_api:candidate_S8IL00215_totals:e82fe60fd22067815b5ee870a7299a340578957a; raw_extractions:fec_api:candidate_S6IL00656_totals:06d8956f583907f17a9e1f6b7203c901f04260ff; raw_extractions:fec_api:candidate_S6IL00672_totals:065c619ab702aae9c9486957b522f741e2cd6ff1; raw_extractions:fec_api:candidate_S6IL00649_totals:5c1a52ec69f4fff24604e41865f022afb79002b6; raw_extractions:fec_api:candidate_S6IL00623_totals:561db722620df321be721162f8061666de534732; raw_extractions:fec_api:candidate_S6IL00615_totals:2ba91570f44b39609526d4fa97411c4fafc6d35e; raw_extractions:fec_api:candidate_S6IL00607_totals:a0225a52a39856ed5e16e0d0f02ef850c517a233; raw_extractions:fec_api:candidate_S6IL00581_totals:c7611298fb52b4b64e9b1a5fa2f8174a5b3c4771; raw_extractions:fec_api:candidate_S6IL00565_totals:f614a8bfec00fdedfa5906a6bba550494e295dcf; raw_extractions:fec_api:candidate_S6IL00557_totals:63f2eeba8dec2fd7c8ae89e55817d681c1112fd8; raw_extractions:fec_api:candidate_S6IL00540_totals:7e2e61e9f96892e84ab61185845f2916d8889433; raw_extractions:fec_api:candidate_S6IL00490_totals:dbc7e84a84aa07b5b84753a6a57f76f426e58926; ... (+112 more),raw_extractions_payload_scan_union_all_payloads_profiled_first_n_rows_across_feed
fec_api_candidate_totals_json,offsets_to_operating_expenditures,yes,,raw_extractions.payload_json,no,,database/federal_fec.py:1052,explicitly excluded (not projected into structured FEC table),"Add explicit projection mapping if this key is needed downstream, or document intentional exclusion.",95,no,0.0,0.0 | 7000.51 | 500.0,raw_extractions:fec_api:candidate_S8IL00215_totals:e82fe60fd22067815b5ee870a7299a340578957a; raw_extractions:fec_api:candidate_S6IL00656_totals:06d8956f583907f17a9e1f6b7203c901f04260ff; raw_extractions:fec_api:candidate_S6IL00672_totals:065c619ab702aae9c9486957b522f741e2cd6ff1; raw_extractions:fec_api:candidate_S6IL00649_totals:5c1a52ec69f4fff24604e41865f022afb79002b6; raw_extractions:fec_api:candidate_S6IL00623_totals:561db722620df321be721162f8061666de534732; raw_extractions:fec_api:candidate_S6IL00615_totals:2ba91570f44b39609526d4fa97411c4fafc6d35e; raw_extractions:fec_api:candidate_S6IL00607_totals:a0225a52a39856ed5e16e0d0f02ef850c517a233; raw_extractions:fec_api:candidate_S6IL00581_totals:c7611298fb52b4b64e9b1a5fa2f8174a5b3c4771; raw_extractions:fec_api:candidate_S6IL00565_totals:f614a8bfec00fdedfa5906a6bba550494e295dcf; raw_extractions:fec_api:candidate_S6IL00557_totals:63f2eeba8dec2fd7c8ae89e55817d681c1112fd8; raw_extractions:fec_api:candidate_S6IL00540_totals:7e2e61e9f96892e84ab61185845f2916d8889433; raw_extractions:fec_api:candidate_S6IL00490_totals:dbc7e84a84aa07b5b84753a6a57f76f426e58926; ... (+112 more),raw_extractions_payload_scan_union_all_payloads_profiled_first_n_rows_across_feed
fec_api_candidate_totals_json,operating_expenditures,yes,,raw_extractions.payload_json,no,,database/federal_fec.py:1052,explicitly excluded (not projected into structured FEC table),"Add explicit projection mapping if this key is needed downstream, or document intentional exclusion.",95,no,0.0,230990.53 | 212267.81 | 14778.34,raw_extractions:fec_api:candidate_S8IL00215_totals:e82fe60fd22067815b5ee870a7299a340578957a; raw_extractions:fec_api:candidate_S6IL00656_totals:06d8956f583907f17a9e1f6b7203c901f04260ff; raw_extractions:fec_api:candidate_S6IL00672_totals:065c619ab702aae9c9486957b522f741e2cd6ff1; raw_extractions:fec_api:candidate_S6IL00649_totals:5c1a52ec69f4fff24604e41865f022afb79002b6; raw_extractions:fec_api:candidate_S6IL00623_totals:561db722620df321be721162f8061666de534732; raw_extractions:fec_api:candidate_S6IL00615_totals:2ba91570f44b39609526d4fa97411c4fafc6d35e; raw_extractions:fec_api:candidate_S6IL00607_totals:a0225a52a39856ed5e16e0d0f02ef850c517a233; raw_extractions:fec_api:candidate_S6IL00581_totals:c7611298fb52b4b64e9b1a5fa2f8174a5b3c4771; raw_extractions:fec_api:candidate_S6IL00565_totals:f614a8bfec00fdedfa5906a6bba550494e295dcf; raw_extractions:fec_api:candidate_S6IL00557_totals:63f2eeba8dec2fd7c8ae89e55817d681c1112fd8; raw_extractions:fec_api:candidate_S6IL00540_totals:7e2e61e9f96892e84ab61185845f2916d8889433; raw_extractions:fec_api:candidate_S6IL00490_totals:dbc7e84a84aa07b5b84753a6a57f76f426e58926; ... (+112 more),raw_extractions_payload_scan_union_all_payloads_profiled_first_n_rows_across_feed
fec_api_candidate_totals_json,other_disbursements,yes,,raw_extractions.payload_json,no,,database/federal_fec.py:1052,explicitly excluded (not projected into structured FEC table),"Add explicit projection mapping if this key is needed downstream, or document intentional exclusion.",95,no,0.0,0.0 | 1553.67 | 6332.68,raw_extractions:fec_api:candidate_S8IL00215_totals:e82fe60fd22067815b5ee870a7299a340578957a; raw_extractions:fec_api:candidate_S6IL00656_totals:06d8956f583907f17a9e1f6b7203c901f04260ff; raw_extractions:fec_api:candidate_S6IL00672_totals:065c619ab702aae9c9486957b522f741e2cd6ff1; raw_extractions:fec_api:candidate_S6IL00649_totals:5c1a52ec69f4fff24604e41865f022afb79002b6; raw_extractions:fec_api:candidate_S6IL00623_totals:561db722620df321be721162f8061666de534732; raw_extractions:fec_api:candidate_S6IL00615_totals:2ba91570f44b39609526d4fa97411c4fafc6d35e; raw_extractions:fec_api:candidate_S6IL00607_totals:a0225a52a39856ed5e16e0d0f02ef850c517a233; raw_extractions:fec_api:candidate_S6IL00581_totals:c7611298fb52b4b64e9b1a5fa2f8174a5b3c4771; raw_extractions:fec_api:candidate_S6IL00565_totals:f614a8bfec00fdedfa5906a6bba550494e295dcf; raw_extractions:fec_api:candidate_S6IL00557_totals:63f2eeba8dec2fd7c8ae89e55817d681c1112fd8; raw_extractions:fec_api:candidate_S6IL00540_totals:7e2e61e9f96892e84ab61185845f2916d8889433; raw_extractions:fec_api:candidate_S6IL00490_totals:dbc7e84a84aa07b5b84753a6a57f76f426e58926; ... (+112 more),raw_extractions_payload_scan_union_all_payloads_profiled_first_n_rows_across_feed
fec_api_candidate_totals_json,other_political_committee_contributions,yes,,raw_extractions.payload_json,no,,database/federal_fec.py:1052,explicitly excluded (not projected into structured FEC table),"Add explicit projection mapping if this key is needed downstream, or document intentional exclusion.",95,no,0.0,0.0 | 150.0 | 120.0,raw_extractions:fec_api:candidate_S8IL00215_totals:e82fe60fd22067815b5ee870a7299a340578957a; raw_extractions:fec_api:candidate_S6IL00656_totals:06d8956f583907f17a9e1f6b7203c901f04260ff; raw_extractions:fec_api:candidate_S6IL00672_totals:065c619ab702aae9c9486957b522f741e2cd6ff1; raw_extractions:fec_api:candidate_S6IL00649_totals:5c1a52ec69f4fff24604e41865f022afb79002b6; raw_extractions:fec_api:candidate_S6IL00623_totals:561db722620df321be721162f8061666de534732; raw_extractions:fec_api:candidate_S6IL00615_totals:2ba91570f44b39609526d4fa97411c4fafc6d35e; raw_extractions:fec_api:candidate_S6IL00607_totals:a0225a52a39856ed5e16e0d0f02ef850c517a233; raw_extractions:fec_api:candidate_S6IL00581_totals:c7611298fb52b4b64e9b1a5fa2f8174a5b3c4771; raw_extractions:fec_api:candidate_S6IL00565_totals:f614a8bfec00fdedfa5906a6bba550494e295dcf; raw_extractions:fec_api:candidate_S6IL00557_totals:63f2eeba8dec2fd7c8ae89e55817d681c1112fd8; raw_extractions:fec_api:candidate_S6IL00540_totals:7e2e61e9f96892e84ab61185845f2916d8889433; raw_extractions:fec_api:candidate_S6IL00490_totals:dbc7e84a84aa07b5b84753a6a57f76f426e58926; ... (+112 more),raw_extractions_payload_scan_union_all_payloads_profiled_first_n_rows_across_feed
fec_api_candidate_totals_json,other_receipts,yes,,raw_extractions.payload_json,no,,database/federal_fec.py:1052,explicitly excluded (not projected into structured FEC table),"Add explicit projection mapping if this key is needed downstream, or document intentional exclusion.",95,no,0.0,0.51 | 0.0 | 19288.35,raw_extractions:fec_api:candidate_S8IL00215_totals:e82fe60fd22067815b5ee870a7299a340578957a; raw_extractions:fec_api:candidate_S6IL00656_totals:06d8956f583907f17a9e1f6b7203c901f04260ff; raw_extractions:fec_api:candidate_S6IL00672_totals:065c619ab702aae9c9486957b522f741e2cd6ff1; raw_extractions:fec_api:candidate_S6IL00649_totals:5c1a52ec69f4fff24604e41865f022afb79002b6; raw_extractions:fec_api:candidate_S6IL00623_totals:561db722620df321be721162f8061666de534732; raw_extractions:fec_api:candidate_S6IL00615_totals:2ba91570f44b39609526d4fa97411c4fafc6d35e; raw_extractions:fec_api:candidate_S6IL00607_totals:a0225a52a39856ed5e16e0d0f02ef850c517a233; raw_extractions:fec_api:candidate_S6IL00581_totals:c7611298fb52b4b64e9b1a5fa2f8174a5b3c4771; raw_extractions:fec_api:candidate_S6IL00565_totals:f614a8bfec00fdedfa5906a6bba550494e295dcf; raw_extractions:fec_api:candidate_S6IL00557_totals:63f2eeba8dec2fd7c8ae89e55817d681c1112fd8; raw_extractions:fec_api:candidate_S6IL00540_totals:7e2e61e9f96892e84ab61185845f2916d8889433; raw_extractions:fec_api:candidate_S6IL00490_totals:dbc7e84a84aa07b5b84753a6a57f76f426e58926; ... (+112 more),raw_extractions_payload_scan_union_all_payloads_profiled_first_n_rows_across_feed
fec_api_candidate_totals_json,political_party_committee_contributions,yes,,raw_extractions.payload_json,no,,database/federal_fec.py:1052,explicitly excluded (not projected into structured FEC table),"Add explicit projection mapping if this key is needed downstream, or document intentional exclusion.",95,no,0.0,0.0 | 250.0 | 500.0,raw_extractions:fec_api:candidate_S8IL00215_totals:e82fe60fd22067815b5ee870a7299a340578957a; raw_extractions:fec_api:candidate_S6IL00656_totals:06d8956f583907f17a9e1f6b7203c901f04260ff; raw_extractions:fec_api:candidate_S6IL00672_totals:065c619ab702aae9c9486957b522f741e2cd6ff1; raw_extractions:fec_api:candidate_S6IL00649_totals:5c1a52ec69f4fff24604e41865f022afb79002b6; raw_extractions:fec_api:candidate_S6IL00623_totals:561db722620df321be721162f8061666de534732; raw_extractions:fec_api:candidate_S6IL00615_totals:2ba91570f44b39609526d4fa97411c4fafc6d35e; raw_extractions:fec_api:candidate_S6IL00607_totals:a0225a52a39856ed5e16e0d0f02ef850c517a233; raw_extractions:fec_api:candidate_S6IL00581_totals:c7611298fb52b4b64e9b1a5fa2f8174a5b3c4771; raw_extractions:fec_api:candidate_S6IL00565_totals:f614a8bfec00fdedfa5906a6bba550494e295dcf; raw_extractions:fec_api:candidate_S6IL00557_totals:63f2eeba8dec2fd7c8ae89e55817d681c1112fd8; raw_extractions:fec_api:candidate_S6IL00540_totals:7e2e61e9f96892e84ab61185845f2916d8889433; raw_extractions:fec_api:candidate_S6IL00490_totals:dbc7e84a84aa07b5b84753a6a57f76f426e58926; ... (+112 more),raw_extractions_payload_scan_union_all_payloads_profiled_first_n_rows_across_feed
fec_api_candidate_totals_json,receipts,yes,,raw_extractions.payload_json; fec_candidate_cycle_totals.*,yes,database/federal_fec.py; webapp/routes/main.py; scripts/newsroom_queries.py,,,Keep full raw payload retention and structured projection tests aligned.,95,no,0.0,359170.82 | 510861.9 | 21976.0,raw_extractions:fec_api:candidate_S8IL00215_totals:e82fe60fd22067815b5ee870a7299a340578957a; raw_extractions:fec_api:candidate_S6IL00656_totals:06d8956f583907f17a9e1f6b7203c901f04260ff; raw_extractions:fec_api:candidate_S6IL00672_totals:065c619ab702aae9c9486957b522f741e2cd6ff1; raw_extractions:fec_api:candidate_S6IL00649_totals:5c1a52ec69f4fff24604e41865f022afb79002b6; raw_extractions:fec_api:candidate_S6IL00623_totals:561db722620df321be721162f8061666de534732; raw_extractions:fec_api:candidate_S6IL00615_totals:2ba91570f44b39609526d4fa97411c4fafc6d35e; raw_extractions:fec_api:candidate_S6IL00607_totals:a0225a52a39856ed5e16e0d0f02ef850c517a233; raw_extractions:fec_api:candidate_S6IL00581_totals:c7611298fb52b4b64e9b1a5fa2f8174a5b3c4771; raw_extractions:fec_api:candidate_S6IL00565_totals:f614a8bfec00fdedfa5906a6bba550494e295dcf; raw_extractions:fec_api:candidate_S6IL00557_totals:63f2eeba8dec2fd7c8ae89e55817d681c1112fd8; raw_extractions:fec_api:candidate_S6IL00540_totals:7e2e61e9f96892e84ab61185845f2916d8889433; raw_extractions:fec_api:candidate_S6IL00490_totals:dbc7e84a84aa07b5b84753a6a57f76f426e58926; ... (+112 more),raw_extractions_payload_scan_union_all_payloads_profiled_first_n_rows_across_feed
fec_api_candidate_totals_json,refunded_individual_contributions,yes,,raw_extractions.payload_json,no,,database/federal_fec.py:1052,explicitly excluded (not projected into structured FEC table),"Add explicit projection mapping if this key is needed downstream, or document intentional exclusion.",95,no,0.0,0.0 | 520.51 | 31091.5,raw_extractions:fec_api:candidate_S8IL00215_totals:e82fe60fd22067815b5ee870a7299a340578957a; raw_extractions:fec_api:candidate_S6IL00656_totals:06d8956f583907f17a9e1f6b7203c901f04260ff; raw_extractions:fec_api:candidate_S6IL00672_totals:065c619ab702aae9c9486957b522f741e2cd6ff1; raw_extractions:fec_api:candidate_S6IL00649_totals:5c1a52ec69f4fff24604e41865f022afb79002b6; raw_extractions:fec_api:candidate_S6IL00623_totals:561db722620df321be721162f8061666de534732; raw_extractions:fec_api:candidate_S6IL00615_totals:2ba91570f44b39609526d4fa97411c4fafc6d35e; raw_extractions:fec_api:candidate_S6IL00607_totals:a0225a52a39856ed5e16e0d0f02ef850c517a233; raw_extractions:fec_api:candidate_S6IL00581_totals:c7611298fb52b4b64e9b1a5fa2f8174a5b3c4771; raw_extractions:fec_api:candidate_S6IL00565_totals:f614a8bfec00fdedfa5906a6bba550494e295dcf; raw_extractions:fec_api:candidate_S6IL00557_totals:63f2eeba8dec2fd7c8ae89e55817d681c1112fd8; raw_extractions:fec_api:candidate_S6IL00540_totals:7e2e61e9f96892e84ab61185845f2916d8889433; raw_extractions:fec_api:candidate_S6IL00490_totals:dbc7e84a84aa07b5b84753a6a57f76f426e58926; ... (+112 more),raw_extractions_payload_scan_union_all_payloads_profiled_first_n_rows_across_feed
fec_api_candidate_totals_json,refunded_other_political_committee_contributions,yes,,raw_extractions.payload_json,no,,database/federal_fec.py:1052,explicitly excluded (not projected into structured FEC table),"Add explicit projection mapping if this key is needed downstream, or document intentional exclusion.",95,no,0.0,0.0 | 2000.0 | 8500.0,raw_extractions:fec_api:candidate_S8IL00215_totals:e82fe60fd22067815b5ee870a7299a340578957a; raw_extractions:fec_api:candidate_S6IL00656_totals:06d8956f583907f17a9e1f6b7203c901f04260ff; raw_extractions:fec_api:candidate_S6IL00672_totals:065c619ab702aae9c9486957b522f741e2cd6ff1; raw_extractions:fec_api:candidate_S6IL00649_totals:5c1a52ec69f4fff24604e41865f022afb79002b6; raw_extractions:fec_api:candidate_S6IL00623_totals:561db722620df321be721162f8061666de534732; raw_extractions:fec_api:candidate_S6IL00615_totals:2ba91570f44b39609526d4fa97411c4fafc6d35e; raw_extractions:fec_api:candidate_S6IL00607_totals:a0225a52a39856ed5e16e0d0f02ef850c517a233; raw_extractions:fec_api:candidate_S6IL00581_totals:c7611298fb52b4b64e9b1a5fa2f8174a5b3c4771; raw_extractions:fec_api:candidate_S6IL00565_totals:f614a8bfec00fdedfa5906a6bba550494e295dcf; raw_extractions:fec_api:candidate_S6IL00557_totals:63f2eeba8dec2fd7c8ae89e55817d681c1112fd8; raw_extractions:fec_api:candidate_S6IL00540_totals:7e2e61e9f96892e84ab61185845f2916d8889433; raw_extractions:fec_api:candidate_S6IL00490_totals:dbc7e84a84aa07b5b84753a6a57f76f426e58926; ... (+112 more),raw_extractions_payload_scan_union_all_payloads_profiled_first_n_rows_across_feed
fec_api_candidate_totals_json,refunded_political_party_committee_contributions,yes,,raw_extractions.payload_json,no,,database/federal_fec.py:1052,explicitly excluded (not projected into structured FEC table),"Add explicit projection mapping if this key is needed downstream, or document intentional exclusion.",95,no,0.0,0.0,raw_extractions:fec_api:candidate_S8IL00215_totals:e82fe60fd22067815b5ee870a7299a340578957a; raw_extractions:fec_api:candidate_S6IL00656_totals:06d8956f583907f17a9e1f6b7203c901f04260ff; raw_extractions:fec_api:candidate_S6IL00672_totals:065c619ab702aae9c9486957b522f741e2cd6ff1; raw_extractions:fec_api:candidate_S6IL00649_totals:5c1a52ec69f4fff24604e41865f022afb79002b6; raw_extractions:fec_api:candidate_S6IL00623_totals:561db722620df321be721162f8061666de534732; raw_extractions:fec_api:candidate_S6IL00615_totals:2ba91570f44b39609526d4fa97411c4fafc6d35e; raw_extractions:fec_api:candidate_S6IL00607_totals:a0225a52a39856ed5e16e0d0f02ef850c517a233; raw_extractions:fec_api:candidate_S6IL00581_totals:c7611298fb52b4b64e9b1a5fa2f8174a5b3c4771; raw_extractions:fec_api:candidate_S6IL00565_totals:f614a8bfec00fdedfa5906a6bba550494e295dcf; raw_extractions:fec_api:candidate_S6IL00557_totals:63f2eeba8dec2fd7c8ae89e55817d681c1112fd8; raw_extractions:fec_api:candidate_S6IL00540_totals:7e2e61e9f96892e84ab61185845f2916d8889433; raw_extractions:fec_api:candidate_S6IL00490_totals:dbc7e84a84aa07b5b84753a6a57f76f426e58926; ... (+112 more),raw_extractions_payload_scan_union_all_payloads_profiled_first_n_rows_across_feed
fec_api_candidate_totals_json,total_offsets_to_operating_expenditures,yes,,raw_extractions.payload_json,no,,database/federal_fec.py:1052,explicitly excluded (not projected into structured FEC table),"Add explicit projection mapping if this key is needed downstream, or document intentional exclusion.",95,no,0.0,0.0,raw_extractions:fec_api:candidate_S8IL00215_totals:e82fe60fd22067815b5ee870a7299a340578957a; raw_extractions:fec_api:candidate_S6IL00656_totals:06d8956f583907f17a9e1f6b7203c901f04260ff; raw_extractions:fec_api:candidate_S6IL00672_totals:065c619ab702aae9c9486957b522f741e2cd6ff1; raw_extractions:fec_api:candidate_S6IL00649_totals:5c1a52ec69f4fff24604e41865f022afb79002b6; raw_extractions:fec_api:candidate_S6IL00623_totals:561db722620df321be721162f8061666de534732; raw_extractions:fec_api:candidate_S6IL00615_totals:2ba91570f44b39609526d4fa97411c4fafc6d35e; raw_extractions:fec_api:candidate_S6IL00607_totals:a0225a52a39856ed5e16e0d0f02ef850c517a233; raw_extractions:fec_api:candidate_S6IL00581_totals:c7611298fb52b4b64e9b1a5fa2f8174a5b3c4771; raw_extractions:fec_api:candidate_S6IL00565_totals:f614a8bfec00fdedfa5906a6bba550494e295dcf; raw_extractions:fec_api:candidate_S6IL00557_totals:63f2eeba8dec2fd7c8ae89e55817d681c1112fd8; raw_extractions:fec_api:candidate_S6IL00540_totals:7e2e61e9f96892e84ab61185845f2916d8889433; raw_extractions:fec_api:candidate_S6IL00490_totals:dbc7e84a84aa07b5b84753a6a57f76f426e58926; ... (+112 more),raw_extractions_payload_scan_union_all_payloads_profiled_first_n_rows_across_feed
fec_api_candidate_totals_json,transaction_coverage_date,yes,,raw_extractions.payload_json; fec_candidate_cycle_totals.*,yes,database/federal_fec.py; webapp/routes/main.py; scripts/newsroom_queries.py,,,Keep full raw payload retention and structured projection tests aligned.,95,no,0.031579,2025-09-30T00:00:00 | 2025-12-31T00:00:00 | 2025-04-16T00:00:00,raw_extractions:fec_api:candidate_S8IL00215_totals:e82fe60fd22067815b5ee870a7299a340578957a; raw_extractions:fec_api:candidate_S6IL00656_totals:06d8956f583907f17a9e1f6b7203c901f04260ff; raw_extractions:fec_api:candidate_S6IL00672_totals:065c619ab702aae9c9486957b522f741e2cd6ff1; raw_extractions:fec_api:candidate_S6IL00649_totals:5c1a52ec69f4fff24604e41865f022afb79002b6; raw_extractions:fec_api:candidate_S6IL00623_totals:561db722620df321be721162f8061666de534732; raw_extractions:fec_api:candidate_S6IL00615_totals:2ba91570f44b39609526d4fa97411c4fafc6d35e; raw_extractions:fec_api:candidate_S6IL00607_totals:a0225a52a39856ed5e16e0d0f02ef850c517a233; raw_extractions:fec_api:candidate_S6IL00581_totals:c7611298fb52b4b64e9b1a5fa2f8174a5b3c4771; raw_extractions:fec_api:candidate_S6IL00565_totals:f614a8bfec00fdedfa5906a6bba550494e295dcf; raw_extractions:fec_api:candidate_S6IL00557_totals:63f2eeba8dec2fd7c8ae89e55817d681c1112fd8; raw_extractions:fec_api:candidate_S6IL00540_totals:7e2e61e9f96892e84ab61185845f2916d8889433; raw_extractions:fec_api:candidate_S6IL00490_totals:dbc7e84a84aa07b5b84753a6a57f76f426e58926; ... (+112 more),raw_extractions_payload_scan_union_all_payloads_profiled_first_n_rows_across_feed
fec_api_candidate_totals_json,transfers_from_other_authorized_committee,yes,,raw_extractions.payload_json,no,,database/federal_fec.py:1052,explicitly excluded (not projected into structured FEC table),"Add explicit projection mapping if this key is needed downstream, or document intentional exclusion.",95,no,0.0,0.0 | 4205.0 | 19285171.21,raw_extractions:fec_api:candidate_S8IL00215_totals:e82fe60fd22067815b5ee870a7299a340578957a; raw_extractions:fec_api:candidate_S6IL00656_totals:06d8956f583907f17a9e1f6b7203c901f04260ff; raw_extractions:fec_api:candidate_S6IL00672_totals:065c619ab702aae9c9486957b522f741e2cd6ff1; raw_extractions:fec_api:candidate_S6IL00649_totals:5c1a52ec69f4fff24604e41865f022afb79002b6; raw_extractions:fec_api:candidate_S6IL00623_totals:561db722620df321be721162f8061666de534732; raw_extractions:fec_api:candidate_S6IL00615_totals:2ba91570f44b39609526d4fa97411c4fafc6d35e; raw_extractions:fec_api:candidate_S6IL00607_totals:a0225a52a39856ed5e16e0d0f02ef850c517a233; raw_extractions:fec_api:candidate_S6IL00581_totals:c7611298fb52b4b64e9b1a5fa2f8174a5b3c4771; raw_extractions:fec_api:candidate_S6IL00565_totals:f614a8bfec00fdedfa5906a6bba550494e295dcf; raw_extractions:fec_api:candidate_S6IL00557_totals:63f2eeba8dec2fd7c8ae89e55817d681c1112fd8; raw_extractions:fec_api:candidate_S6IL00540_totals:7e2e61e9f96892e84ab61185845f2916d8889433; raw_extractions:fec_api:candidate_S6IL00490_totals:dbc7e84a84aa07b5b84753a6a57f76f426e58926; ... (+112 more),raw_extractions_payload_scan_union_all_payloads_profiled_first_n_rows_across_feed
fec_api_candidate_totals_json,transfers_to_other_authorized_committee,yes,,raw_extractions.payload_json,no,,database/federal_fec.py:1052,explicitly excluded (not projected into structured FEC table),"Add explicit projection mapping if this key is needed downstream, or document intentional exclusion.",95,no,0.0,0.0 | 1000.0 | 2060.0,raw_extractions:fec_api:candidate_S8IL00215_totals:e82fe60fd22067815b5ee870a7299a340578957a; raw_extractions:fec_api:candidate_S6IL00656_totals:06d8956f583907f17a9e1f6b7203c901f04260ff; raw_extractions:fec_api:candidate_S6IL00672_totals:065c619ab702aae9c9486957b522f741e2cd6ff1; raw_extractions:fec_api:candidate_S6IL00649_totals:5c1a52ec69f4fff24604e41865f022afb79002b6; raw_extractions:fec_api:candidate_S6IL00623_totals:561db722620df321be721162f8061666de534732; raw_extractions:fec_api:candidate_S6IL00615_totals:2ba91570f44b39609526d4fa97411c4fafc6d35e; raw_extractions:fec_api:candidate_S6IL00607_totals:a0225a52a39856ed5e16e0d0f02ef850c517a233; raw_extractions:fec_api:candidate_S6IL00581_totals:c7611298fb52b4b64e9b1a5fa2f8174a5b3c4771; raw_extractions:fec_api:candidate_S6IL00565_totals:f614a8bfec00fdedfa5906a6bba550494e295dcf; raw_extractions:fec_api:candidate_S6IL00557_totals:63f2eeba8dec2fd7c8ae89e55817d681c1112fd8; raw_extractions:fec_api:candidate_S6IL00540_totals:7e2e61e9f96892e84ab61185845f2916d8889433; raw_extractions:fec_api:candidate_S6IL00490_totals:dbc7e84a84aa07b5b84753a6a57f76f426e58926; ... (+112 more),raw_extractions_payload_scan_union_all_payloads_profiled_first_n_rows_across_feed
openbook_contracts_search_json,agency_code,yes,,openbook_contracts_raw.agency_code,yes,webapp/routes/openbook.py; webapp/routes/main.py,,,Keep mapped; retain raw snapshot payloads for auditability.,56,yes,0.0,592 | 340 | 108,"raw_extractions:openbook_contracts_search:BLUEGRASS FIRE PROTECTION DIST:contracts:26; raw_extractions:openbook_contracts_search:BLUEDAG LLC:contracts:26; raw_extractions:openbook_contracts_search:BLUECAT NETWORKS:contracts:26; raw_extractions:openbook_contracts_search:BLUEBOLT, INC:contracts:26; raw_extractions:openbook_contracts_search:BLUEAPPLE HEALTH LLC:contracts:26; raw_extractions:openbook_contracts_search:BLUEAPPLE HEALTH:contracts:26; raw_extractions:openbook_contracts_search:BLUE1647NFP:contracts:26; raw_extractions:openbook_contracts_search:BLUE TOWER SOLUTIONS INC:contracts:26; raw_extractions:openbook_contracts_search:BLUE STAR COMPUTER SOLUTION:contracts:26; raw_extractions:openbook_contracts_search:BLUE SKY VINEYARD:contracts:26; raw_extractions:openbook_contracts_search:BLUE SKY NETWORK:contracts:25; raw_extractions:openbook_contracts_search:BLUE SKY MARKETING GROUP LTD:contracts:25; ... (+44 more)",raw_extractions_payload_scan_union_all_payloads_profiled_first_n_rows_across_feed
openbook_contracts_search_json,agency_name,yes,,openbook_contracts_raw.agency_name,yes,webapp/routes/openbook.py; webapp/routes/main.py,,,Keep mapped; retain raw snapshot payloads for auditability.,56,yes,0.0,OFFICE OF THE STATE FIRE MARSH | ATTORNEY GENERAL | LEGISLATIVE INFORMATION SYSTEM,"raw_extractions:openbook_contracts_search:BLUEGRASS FIRE PROTECTION DIST:contracts:26; raw_extractions:openbook_contracts_search:BLUEDAG LLC:contracts:26; raw_extractions:openbook_contracts_search:BLUECAT NETWORKS:contracts:26; raw_extractions:openbook_contracts_search:BLUEBOLT, INC:contracts:26; raw_extractions:openbook_contracts_search:BLUEAPPLE HEALTH LLC:contracts:26; raw_extractions:openbook_contracts_search:BLUEAPPLE HEALTH:contracts:26; raw_extractions:openbook_contracts_search:BLUE1647NFP:contracts:26; raw_extractions:openbook_contracts_search:BLUE TOWER SOLUTIONS INC:contracts:26; raw_extractions:openbook_contracts_search:BLUE STAR COMPUTER SOLUTION:contracts:26; raw_extractions:openbook_contracts_search:BLUE SKY VINEYARD:contracts:26; raw_extractions:openbook_contracts_search:BLUE SKY NETWORK:contracts:25; raw_extractions:openbook_contracts_search:BLUE SKY MARKETING GROUP LTD:contracts:25; ... (+44 more)",raw_extractions_payload_scan_union_all_payloads_profiled_first_n_rows_across_feed
openbook_contracts_search_json,award_amount,yes,,openbook_contracts_raw.award_amount,yes,webapp/routes/openbook.py; webapp/routes/main.py,,,Keep mapped; retain raw snapshot payloads for auditability.,56,yes,0.0,24148.0 | 39142.22 | 61142.23,"raw_extractions:openbook_contracts_search:BLUEGRASS FIRE PROTECTION DIST:contracts:26; raw_extractions:openbook_contracts_search:BLUEDAG LLC:contracts:26; raw_extractions:openbook_contracts_search:BLUECAT NETWORKS:contracts:26; raw_extractions:openbook_contracts_search:BLUEBOLT, INC:contracts:26; raw_extractions:openbook_contracts_search:BLUEAPPLE HEALTH LLC:contracts:26; raw_extractions:openbook_contracts_search:BLUEAPPLE HEALTH:contracts:26; raw_extractions:openbook_contracts_search:BLUE1647NFP:contracts:26; raw_extractions:openbook_contracts_search:BLUE TOWER SOLUTIONS INC:contracts:26; raw_extractions:openbook_contracts_search:BLUE STAR COMPUTER SOLUTION:contracts:26; raw_extractions:openbook_contracts_search:BLUE SKY VINEYARD:contracts:26; raw_extractions:openbook_contracts_search:BLUE SKY NETWORK:contracts:25; raw_extractions:openbook_contracts_search:BLUE SKY MARKETING GROUP LTD:contracts:25; ... (+44 more)",raw_extractions_payload_scan_union_all_payloads_profiled_first_n_rows_across_feed
openbook_contracts_search_json,contract_number,yes,,openbook_contracts_raw.contract_number,yes,webapp/routes/openbook.py; webapp/routes/main.py,,,Keep mapped; retain raw snapshot payloads for auditability.,56,yes,0.0,40000014118 | 584BLUE1148 | 484BLUE1148,"raw_extractions:openbook_contracts_search:BLUEGRASS FIRE PROTECTION DIST:contracts:26; raw_extractions:openbook_contracts_search:BLUEDAG LLC:contracts:26; raw_extractions:openbook_contracts_search:BLUECAT NETWORKS:contracts:26; raw_extractions:openbook_contracts_search:BLUEBOLT, INC:contracts:26; raw_extractions:openbook_contracts_search:BLUEAPPLE HEALTH LLC:contracts:26; raw_extractions:openbook_contracts_search:BLUEAPPLE HEALTH:contracts:26; raw_extractions:openbook_contracts_search:BLUE1647NFP:contracts:26; raw_extractions:openbook_contracts_search:BLUE TOWER SOLUTIONS INC:contracts:26; raw_extractions:openbook_contracts_search:BLUE STAR COMPUTER SOLUTION:contracts:26; raw_extractions:openbook_contracts_search:BLUE SKY VINEYARD:contracts:26; raw_extractions:openbook_contracts_search:BLUE SKY NETWORK:contracts:25; raw_extractions:openbook_contracts_search:BLUE SKY MARKETING GROUP LTD:contracts:25; ... (+44 more)",raw_extractions_payload_scan_union_all_payloads_profiled_first_n_rows_across_feed
openbook_contracts_search_json,detail_url,yes,,openbook_contracts_raw.detail_url,yes,webapp/routes/openbook.py; webapp/routes/main.py,,,Keep mapped; retain raw snapshot payloads for auditability.,56,yes,0.78905,https://office.illinoiscomptroller.gov/get/Enhanced_Ledger_By_vendor/Vendor_Warrant_Listing_Dates_Amounts.cfm?Vendor_Name=BLUEDAG%20LLC%20%20%20%20%20%20%20%20%20%20%20%20%20%20%20%20%20%20%20%20%20&Agency=340&Contract_Number=584BLUE1148&Fiscal_Year=2025 | https://office.illinoiscomptroller.gov/get/Enhanced_Ledger_By_vendor/Vendor_Warrant_Listing_Dates_Amounts.cfm?Vendor_Name=BLUEDAG%20LLC%20%20%20%20%20%20%20%20%20%20%20%20%20%20%20%20%20%20%20%20%20&Agency=340&Contract_Number=484BLUE1148&Fiscal_Year=2024 | https://office.illinoiscomptroller.gov/get/Enhanced_Ledger_By_vendor/Vendor_Warrant_Listing_Dates_Amounts.cfm?Vendor_Name=BLUEAPPLE%20HEALTH%20LLC%20%20%20%20%20%20%20%20%20%20%20%20&Agency=557&Contract_Number=64100199896&Fiscal_Year=2026,"raw_extractions:openbook_contracts_search:BLUEGRASS FIRE PROTECTION DIST:contracts:26; raw_extractions:openbook_contracts_search:BLUEDAG LLC:contracts:26; raw_extractions:openbook_contracts_search:BLUECAT NETWORKS:contracts:26; raw_extractions:openbook_contracts_search:BLUEBOLT, INC:contracts:26; raw_extractions:openbook_contracts_search:BLUEAPPLE HEALTH LLC:contracts:26; raw_extractions:openbook_contracts_search:BLUEAPPLE HEALTH:contracts:26; raw_extractions:openbook_contracts_search:BLUE1647NFP:contracts:26; raw_extractions:openbook_contracts_search:BLUE TOWER SOLUTIONS INC:contracts:26; raw_extractions:openbook_contracts_search:BLUE STAR COMPUTER SOLUTION:contracts:26; raw_extractions:openbook_contracts_search:BLUE SKY VINEYARD:contracts:26; raw_extractions:openbook_contracts_search:BLUE SKY NETWORK:contracts:25; raw_extractions:openbook_contracts_search:BLUE SKY MARKETING GROUP LTD:contracts:25; ... (+44 more)",raw_extractions_payload_scan_union_all_payloads_profiled_first_n_rows_across_feed
openbook_contracts_search_json,fiscal_year,yes,,openbook_contracts_raw.fiscal_year,yes,webapp/routes/openbook.py; webapp/routes/main.py,,,Keep mapped; retain raw snapshot payloads for auditability.,56,yes,0.0,2014 | 2025 | 2024,"raw_extractions:openbook_contracts_search:BLUEGRASS FIRE PROTECTION DIST:contracts:26; raw_extractions:openbook_contracts_search:BLUEDAG LLC:contracts:26; raw_extractions:openbook_contracts_search:BLUECAT NETWORKS:contracts:26; raw_extractions:openbook_contracts_search:BLUEBOLT, INC:contracts:26; raw_extractions:openbook_contracts_search:BLUEAPPLE HEALTH LLC:contracts:26; raw_extractions:openbook_contracts_search:BLUEAPPLE HEALTH:contracts:26; raw_extractions:openbook_contracts_search:BLUE1647NFP:contracts:26; raw_extractions:openbook_contracts_search:BLUE TOWER SOLUTIONS INC:contracts:26; raw_extractions:openbook_contracts_search:BLUE STAR COMPUTER SOLUTION:contracts:26; raw_extractions:openbook_contracts_search:BLUE SKY VINEYARD:contracts:26; raw_extractions:openbook_contracts_search:BLUE SKY NETWORK:contracts:25; raw_extractions:openbook_contracts_search:BLUE SKY MARKETING GROUP LTD:contracts:25; ... (+44 more)",raw_extractions_payload_scan_union_all_payloads_profiled_first_n_rows_across_feed
openbook_contracts_search_json,row_hash,yes,,openbook_contracts_raw.row_hash,yes,webapp/routes/openbook.py; webapp/routes/main.py,,,Keep mapped; retain raw snapshot payloads for auditability.,56,yes,0.0,d33a8a14c1b73f5305c7ff919e92e2d0ce59bf8d | d4076195b161481bd851586f72d8418570a8928a | f49ee05f68e8813b91765b44c5a5549361a8769f,"raw_extractions:openbook_contracts_search:BLUEGRASS FIRE PROTECTION DIST:contracts:26; raw_extractions:openbook_contracts_search:BLUEDAG LLC:contracts:26; raw_extractions:openbook_contracts_search:BLUECAT NETWORKS:contracts:26; raw_extractions:openbook_contracts_search:BLUEBOLT, INC:contracts:26; raw_extractions:openbook_contracts_search:BLUEAPPLE HEALTH LLC:contracts:26; raw_extractions:openbook_contracts_search:BLUEAPPLE HEALTH:contracts:26; raw_extractions:openbook_contracts_search:BLUE1647NFP:contracts:26; raw_extractions:openbook_contracts_search:BLUE TOWER SOLUTIONS INC:contracts:26; raw_extractions:openbook_contracts_search:BLUE STAR COMPUTER SOLUTION:contracts:26; raw_extractions:openbook_contracts_search:BLUE SKY VINEYARD:contracts:26; raw_extractions:openbook_contracts_search:BLUE SKY NETWORK:contracts:25; raw_extractions:openbook_contracts_search:BLUE SKY MARKETING GROUP LTD:contracts:25; ... (+44 more)",raw_extractions_payload_scan_union_all_payloads_profiled_first_n_rows_across_feed
openbook_contracts_search_json,vendor_label,yes,,openbook_contracts_raw.vendor_label,yes,webapp/routes/openbook.py; webapp/routes/main.py,,,Keep mapped; retain raw snapshot payloads for auditability.,56,yes,0.0,BLUEGRASS FIRE PROTECTION DIST | BLUEDAG LLC | BLUECAT NETWORKS,"raw_extractions:openbook_contracts_search:BLUEGRASS FIRE PROTECTION DIST:contracts:26; raw_extractions:openbook_contracts_search:BLUEDAG LLC:contracts:26; raw_extractions:openbook_contracts_search:BLUECAT NETWORKS:contracts:26; raw_extractions:openbook_contracts_search:BLUEBOLT, INC:contracts:26; raw_extractions:openbook_contracts_search:BLUEAPPLE HEALTH LLC:contracts:26; raw_extractions:openbook_contracts_search:BLUEAPPLE HEALTH:contracts:26; raw_extractions:openbook_contracts_search:BLUE1647NFP:contracts:26; raw_extractions:openbook_contracts_search:BLUE TOWER SOLUTIONS INC:contracts:26; raw_extractions:openbook_contracts_search:BLUE STAR COMPUTER SOLUTION:contracts:26; raw_extractions:openbook_contracts_search:BLUE SKY VINEYARD:contracts:26; raw_extractions:openbook_contracts_search:BLUE SKY NETWORK:contracts:25; raw_extractions:openbook_contracts_search:BLUE SKY MARKETING GROUP LTD:contracts:25; ... (+44 more)",raw_extractions_payload_scan_union_all_payloads_profiled_first_n_rows_across_feed
openbook_contributions_tab_json,amount,yes,,openbook_contributions_raw.amount,yes,webapp/routes/openbook.py,,,Keep mapped; retain raw snapshot payloads for auditability.,56,yes,1.0,,"raw_extractions:openbook_contributions_tab:BLUEGRASS FIRE PROTECTION DIST:contributions:26; raw_extractions:openbook_contributions_tab:BLUEDAG LLC:contributions:26; raw_extractions:openbook_contributions_tab:BLUECAT NETWORKS:contributions:26; raw_extractions:openbook_contributions_tab:BLUEBOLT, INC:contributions:26; raw_extractions:openbook_contributions_tab:BLUEAPPLE HEALTH LLC:contributions:26; raw_extractions:openbook_contributions_tab:BLUEAPPLE HEALTH:contributions:26; raw_extractions:openbook_contributions_tab:BLUE1647NFP:contributions:26; raw_extractions:openbook_contributions_tab:BLUE TOWER SOLUTIONS INC:contributions:26; raw_extractions:openbook_contributions_tab:BLUE STAR COMPUTER SOLUTION:contributions:26; raw_extractions:openbook_contributions_tab:BLUE SKY VINEYARD:contributions:26; raw_extractions:openbook_contributions_tab:BLUE SKY NETWORK:contributions:25; raw_extractions:openbook_contributions_tab:BLUE SKY MARKETING GROUP LTD:contributions:25; ... (+44 more)",raw_extractions_payload_scan_union_all_payloads_profiled_first_n_rows_across_feed
openbook_contributions_tab_json,contribution_date,yes,,openbook_contributions_raw.contribution_date,yes,webapp/routes/openbook.py,,,Keep mapped; retain raw snapshot payloads for auditability.,56,yes,0.0,DATE,"raw_extractions:openbook_contributions_tab:BLUEGRASS FIRE PROTECTION DIST:contributions:26; raw_extractions:openbook_contributions_tab:BLUEDAG LLC:contributions:26; raw_extractions:openbook_contributions_tab:BLUECAT NETWORKS:contributions:26; raw_extractions:openbook_contributions_tab:BLUEBOLT, INC:contributions:26; raw_extractions:openbook_contributions_tab:BLUEAPPLE HEALTH LLC:contributions:26; raw_extractions:openbook_contributions_tab:BLUEAPPLE HEALTH:contributions:26; raw_extractions:openbook_contributions_tab:BLUE1647NFP:contributions:26; raw_extractions:openbook_contributions_tab:BLUE TOWER SOLUTIONS INC:contributions:26; raw_extractions:openbook_contributions_tab:BLUE STAR COMPUTER SOLUTION:contributions:26; raw_extractions:openbook_contributions_tab:BLUE SKY VINEYARD:contributions:26; raw_extractions:openbook_contributions_tab:BLUE SKY NETWORK:contributions:25; raw_extractions:openbook_contributions_tab:BLUE SKY MARKETING GROUP LTD:contributions:25; ... (+44 more)",raw_extractions_payload_scan_union_all_payloads_profiled_first_n_rows_across_feed
openbook_contributions_tab_json,contributor_first_name,yes,,openbook_contributions_raw.contributor_first_name,yes,webapp/routes/openbook.py,,,Keep mapped; retain raw snapshot payloads for auditability.,56,yes,1.0,,"raw_extractions:openbook_contributions_tab:BLUEGRASS FIRE PROTECTION DIST:contributions:26; raw_extractions:openbook_contributions_tab:BLUEDAG LLC:contributions:26; raw_extractions:openbook_contributions_tab:BLUECAT NETWORKS:contributions:26; raw_extractions:openbook_contributions_tab:BLUEBOLT, INC:contributions:26; raw_extractions:openbook_contributions_tab:BLUEAPPLE HEALTH LLC:contributions:26; raw_extractions:openbook_contributions_tab:BLUEAPPLE HEALTH:contributions:26; raw_extractions:openbook_contributions_tab:BLUE1647NFP:contributions:26; raw_extractions:openbook_contributions_tab:BLUE TOWER SOLUTIONS INC:contributions:26; raw_extractions:openbook_contributions_tab:BLUE STAR COMPUTER SOLUTION:contributions:26; raw_extractions:openbook_contributions_tab:BLUE SKY VINEYARD:contributions:26; raw_extractions:openbook_contributions_tab:BLUE SKY NETWORK:contributions:25; raw_extractions:openbook_contributions_tab:BLUE SKY MARKETING GROUP LTD:contributions:25; ... (+44 more)",raw_extractions_payload_scan_union_all_payloads_profiled_first_n_rows_across_feed
openbook_contributions_tab_json,contributor_name,yes,,openbook_contributions_raw.contributor_name,yes,webapp/routes/openbook.py,,,Keep mapped; retain raw snapshot payloads for auditability.,56,yes,0.0,&nbsp;,"raw_extractions:openbook_contributions_tab:BLUEGRASS FIRE PROTECTION DIST:contributions:26; raw_extractions:openbook_contributions_tab:BLUEDAG LLC:contributions:26; raw_extractions:openbook_contributions_tab:BLUECAT NETWORKS:contributions:26; raw_extractions:openbook_contributions_tab:BLUEBOLT, INC:contributions:26; raw_extractions:openbook_contributions_tab:BLUEAPPLE HEALTH LLC:contributions:26; raw_extractions:openbook_contributions_tab:BLUEAPPLE HEALTH:contributions:26; raw_extractions:openbook_contributions_tab:BLUE1647NFP:contributions:26; raw_extractions:openbook_contributions_tab:BLUE TOWER SOLUTIONS INC:contributions:26; raw_extractions:openbook_contributions_tab:BLUE STAR COMPUTER SOLUTION:contributions:26; raw_extractions:openbook_contributions_tab:BLUE SKY VINEYARD:contributions:26; raw_extractions:openbook_contributions_tab:BLUE SKY NETWORK:contributions:25; raw_extractions:openbook_contributions_tab:BLUE SKY MARKETING GROUP LTD:contributions:25; ... (+44 more)",raw_extractions_payload_scan_union_all_payloads_profiled_first_n_rows_across_feed
openbook_contributions_tab_json,employer,yes,,openbook_contributions_raw.employer,yes,webapp/routes/openbook.py,,,Keep mapped; retain raw snapshot payloads for auditability.,56,yes,0.0,CONTRIBUTEDBY,"raw_extractions:openbook_contributions_tab:BLUEGRASS FIRE PROTECTION DIST:contributions:26; raw_extractions:openbook_contributions_tab:BLUEDAG LLC:contributions:26; raw_extractions:openbook_contributions_tab:BLUECAT NETWORKS:contributions:26; raw_extractions:openbook_contributions_tab:BLUEBOLT, INC:contributions:26; raw_extractions:openbook_contributions_tab:BLUEAPPLE HEALTH LLC:contributions:26; raw_extractions:openbook_contributions_tab:BLUEAPPLE HEALTH:contributions:26; raw_extractions:openbook_contributions_tab:BLUE1647NFP:contributions:26; raw_extractions:openbook_contributions_tab:BLUE TOWER SOLUTIONS INC:contributions:26; raw_extractions:openbook_contributions_tab:BLUE STAR COMPUTER SOLUTION:contributions:26; raw_extractions:openbook_contributions_tab:BLUE SKY VINEYARD:contributions:26; raw_extractions:openbook_contributions_tab:BLUE SKY NETWORK:contributions:25; raw_extractions:openbook_contributions_tab:BLUE SKY MARKETING GROUP LTD:contributions:25; ... (+44 more)",raw_extractions_payload_scan_union_all_payloads_profiled_first_n_rows_across_feed
openbook_contributions_tab_json,recipient_name,yes,,openbook_contributions_raw.recipient_name,yes,webapp/routes/openbook.py,,,Keep mapped; retain raw snapshot payloads for auditability.,56,yes,0.0,AMOUNT,"raw_extractions:openbook_contributions_tab:BLUEGRASS FIRE PROTECTION DIST:contributions:26; raw_extractions:openbook_contributions_tab:BLUEDAG LLC:contributions:26; raw_extractions:openbook_contributions_tab:BLUECAT NETWORKS:contributions:26; raw_extractions:openbook_contributions_tab:BLUEBOLT, INC:contributions:26; raw_extractions:openbook_contributions_tab:BLUEAPPLE HEALTH LLC:contributions:26; raw_extractions:openbook_contributions_tab:BLUEAPPLE HEALTH:contributions:26; raw_extractions:openbook_contributions_tab:BLUE1647NFP:contributions:26; raw_extractions:openbook_contributions_tab:BLUE TOWER SOLUTIONS INC:contributions:26; raw_extractions:openbook_contributions_tab:BLUE STAR COMPUTER SOLUTION:contributions:26; raw_extractions:openbook_contributions_tab:BLUE SKY VINEYARD:contributions:26; raw_extractions:openbook_contributions_tab:BLUE SKY NETWORK:contributions:25; raw_extractions:openbook_contributions_tab:BLUE SKY MARKETING GROUP LTD:contributions:25; ... (+44 more)",raw_extractions_payload_scan_union_all_payloads_profiled_first_n_rows_across_feed
openbook_contributions_tab_json,row_hash,yes,,openbook_contributions_raw.row_hash,yes,webapp/routes/openbook.py,,,Keep mapped; retain raw snapshot payloads for auditability.,56,yes,0.0,87db55b7bb2939c908bcc42d17278522fc26c16f | a636191ad2466d1728e739fc5f534ba6f56040bc | 8e37713c78df6f3820cb6015b1a72fbf82a34909,"raw_extractions:openbook_contributions_tab:BLUEGRASS FIRE PROTECTION DIST:contributions:26; raw_extractions:openbook_contributions_tab:BLUEDAG LLC:contributions:26; raw_extractions:openbook_contributions_tab:BLUECAT NETWORKS:contributions:26; raw_extractions:openbook_contributions_tab:BLUEBOLT, INC:contributions:26; raw_extractions:openbook_contributions_tab:BLUEAPPLE HEALTH LLC:contributions:26; raw_extractions:openbook_contributions_tab:BLUEAPPLE HEALTH:contributions:26; raw_extractions:openbook_contributions_tab:BLUE1647NFP:contributions:26; raw_extractions:openbook_contributions_tab:BLUE TOWER SOLUTIONS INC:contributions:26; raw_extractions:openbook_contributions_tab:BLUE STAR COMPUTER SOLUTION:contributions:26; raw_extractions:openbook_contributions_tab:BLUE SKY VINEYARD:contributions:26; raw_extractions:openbook_contributions_tab:BLUE SKY NETWORK:contributions:25; raw_extractions:openbook_contributions_tab:BLUE SKY MARKETING GROUP LTD:contributions:25; ... (+44 more)",raw_extractions_payload_scan_union_all_payloads_profiled_first_n_rows_across_feed
openbook_contract_detail_json,contract_number,yes,payload_json,raw_extractions.payload_json,yes,database/federal_fec.py; scraper/openbook_scraper.py,,,Keep mapped; retain raw snapshot payloads for auditability.,80,yes,0.0,484BLUE1148 | 584BLUE1148 | 54100199896,raw_extractions:openbook_contract_detail:BLUEDAG LLC:detail:484BLUE1148:2024:26; raw_extractions:openbook_contract_detail:BLUEDAG LLC:detail:584BLUE1148:2025:26; raw_extractions:openbook_contract_detail:BLUEAPPLE HEALTH LLC:detail:54100199896:2025:26; raw_extractions:openbook_contract_detail:BLUEAPPLE HEALTH LLC:detail:64100199896:2026:26; raw_extractions:openbook_contract_detail:BLUEAPPLE HEALTH:detail:34100111021:2023:26; raw_extractions:openbook_contract_detail:BLUEAPPLE HEALTH:detail:34100113294:2023:26; raw_extractions:openbook_contract_detail:BLUEAPPLE HEALTH:detail:44100111021:2024:26; raw_extractions:openbook_contract_detail:BLUEAPPLE HEALTH:detail:44100113294:2024:26; raw_extractions:openbook_contract_detail:BLUEAPPLE HEALTH:detail:54100111021:2025:26; raw_extractions:openbook_contract_detail:BLUEAPPLE HEALTH:detail:54100199896:2025:26; raw_extractions:openbook_contract_detail:BLUEAPPLE HEALTH:detail:54100113294:2025:26; raw_extractions:openbook_contract_detail:BLUEAPPLE HEALTH:detail:64100199896:2026:26; ... (+68 more),raw_extractions_payload_scan_union_all_payloads_profiled_first_n_rows_across_feed
openbook_contract_detail_json,detail_url,yes,payload_json,raw_extractions.payload_json,yes,database/federal_fec.py; scraper/openbook_scraper.py,,,Keep mapped; retain raw snapshot payloads for auditability.,80,yes,0.0,https://office.illinoiscomptroller.gov/get/Enhanced_Ledger_By_vendor/Vendor_Warrant_Listing_Dates_Amounts.cfm?Vendor_Name=BLUEDAG%20LLC%20%20%20%20%20%20%20%20%20%20%20%20%20%20%20%20%20%20%20%20%20&Agency=340&Contract_Number=484BLUE1148&Fiscal_Year=2024 | https://office.illinoiscomptroller.gov/get/Enhanced_Ledger_By_vendor/Vendor_Warrant_Listing_Dates_Amounts.cfm?Vendor_Name=BLUEDAG%20LLC%20%20%20%20%20%20%20%20%20%20%20%20%20%20%20%20%20%20%20%20%20&Agency=340&Contract_Number=584BLUE1148&Fiscal_Year=2025 | https://office.illinoiscomptroller.gov/get/Enhanced_Ledger_By_vendor/Vendor_Warrant_Listing_Dates_Amounts.cfm?Vendor_Name=BLUEAPPLE%20HEALTH%20LLC%20%20%20%20%20%20%20%20%20%20%20%20&Agency=557&Contract_Number=54100199896&Fiscal_Year=2025,raw_extractions:openbook_contract_detail:BLUEDAG LLC:detail:484BLUE1148:2024:26; raw_extractions:openbook_contract_detail:BLUEDAG LLC:detail:584BLUE1148:2025:26; raw_extractions:openbook_contract_detail:BLUEAPPLE HEALTH LLC:detail:54100199896:2025:26; raw_extractions:openbook_contract_detail:BLUEAPPLE HEALTH LLC:detail:64100199896:2026:26; raw_extractions:openbook_contract_detail:BLUEAPPLE HEALTH:detail:34100111021:2023:26; raw_extractions:openbook_contract_detail:BLUEAPPLE HEALTH:detail:34100113294:2023:26; raw_extractions:openbook_contract_detail:BLUEAPPLE HEALTH:detail:44100111021:2024:26; raw_extractions:openbook_contract_detail:BLUEAPPLE HEALTH:detail:44100113294:2024:26; raw_extractions:openbook_contract_detail:BLUEAPPLE HEALTH:detail:54100111021:2025:26; raw_extractions:openbook_contract_detail:BLUEAPPLE HEALTH:detail:54100199896:2025:26; raw_extractions:openbook_contract_detail:BLUEAPPLE HEALTH:detail:54100113294:2025:26; raw_extractions:openbook_contract_detail:BLUEAPPLE HEALTH:detail:64100199896:2026:26; ... (+68 more),raw_extractions_payload_scan_union_all_payloads_profiled_first_n_rows_across_feed
openbook_contract_detail_json,fiscal_year,yes,payload_json,raw_extractions.payload_json,yes,database/federal_fec.py; scraper/openbook_scraper.py,,,Keep mapped; retain raw snapshot payloads for auditability.,80,yes,0.0,2024 | 2025 | 2026,raw_extractions:openbook_contract_detail:BLUEDAG LLC:detail:484BLUE1148:2024:26; raw_extractions:openbook_contract_detail:BLUEDAG LLC:detail:584BLUE1148:2025:26; raw_extractions:openbook_contract_detail:BLUEAPPLE HEALTH LLC:detail:54100199896:2025:26; raw_extractions:openbook_contract_detail:BLUEAPPLE HEALTH LLC:detail:64100199896:2026:26; raw_extractions:openbook_contract_detail:BLUEAPPLE HEALTH:detail:34100111021:2023:26; raw_extractions:openbook_contract_detail:BLUEAPPLE HEALTH:detail:34100113294:2023:26; raw_extractions:openbook_contract_detail:BLUEAPPLE HEALTH:detail:44100111021:2024:26; raw_extractions:openbook_contract_detail:BLUEAPPLE HEALTH:detail:44100113294:2024:26; raw_extractions:openbook_contract_detail:BLUEAPPLE HEALTH:detail:54100111021:2025:26; raw_extractions:openbook_contract_detail:BLUEAPPLE HEALTH:detail:54100199896:2025:26; raw_extractions:openbook_contract_detail:BLUEAPPLE HEALTH:detail:54100113294:2025:26; raw_extractions:openbook_contract_detail:BLUEAPPLE HEALTH:detail:64100199896:2026:26; ... (+68 more),raw_extractions_payload_scan_union_all_payloads_profiled_first_n_rows_across_feed
openbook_contract_detail_json,vendor_key,yes,payload_json,raw_extractions.payload_json,yes,database/federal_fec.py; scraper/openbook_scraper.py,,,Keep mapped; retain raw snapshot payloads for auditability.,80,yes,0.0,BLUEDAG LLC | BLUEAPPLE HEALTH LLC | BLUEAPPLE HEALTH,raw_extractions:openbook_contract_detail:BLUEDAG LLC:detail:484BLUE1148:2024:26; raw_extractions:openbook_contract_detail:BLUEDAG LLC:detail:584BLUE1148:2025:26; raw_extractions:openbook_contract_detail:BLUEAPPLE HEALTH LLC:detail:54100199896:2025:26; raw_extractions:openbook_contract_detail:BLUEAPPLE HEALTH LLC:detail:64100199896:2026:26; raw_extractions:openbook_contract_detail:BLUEAPPLE HEALTH:detail:34100111021:2023:26; raw_extractions:openbook_contract_detail:BLUEAPPLE HEALTH:detail:34100113294:2023:26; raw_extractions:openbook_contract_detail:BLUEAPPLE HEALTH:detail:44100111021:2024:26; raw_extractions:openbook_contract_detail:BLUEAPPLE HEALTH:detail:44100113294:2024:26; raw_extractions:openbook_contract_detail:BLUEAPPLE HEALTH:detail:54100111021:2025:26; raw_extractions:openbook_contract_detail:BLUEAPPLE HEALTH:detail:54100199896:2025:26; raw_extractions:openbook_contract_detail:BLUEAPPLE HEALTH:detail:54100113294:2025:26; raw_extractions:openbook_contract_detail:BLUEAPPLE HEALTH:detail:64100199896:2026:26; ... (+68 more),raw_extractions_payload_scan_union_all_payloads_profiled_first_n_rows_across_feed
openbook_contract_detail_json,warrant_count,yes,payload_json,raw_extractions.payload_json,yes,database/federal_fec.py; scraper/openbook_scraper.py,,,Keep mapped; retain raw snapshot payloads for auditability.,80,yes,0.0,0,raw_extractions:openbook_contract_detail:BLUEDAG LLC:detail:484BLUE1148:2024:26; raw_extractions:openbook_contract_detail:BLUEDAG LLC:detail:584BLUE1148:2025:26; raw_extractions:openbook_contract_detail:BLUEAPPLE HEALTH LLC:detail:54100199896:2025:26; raw_extractions:openbook_contract_detail:BLUEAPPLE HEALTH LLC:detail:64100199896:2026:26; raw_extractions:openbook_contract_detail:BLUEAPPLE HEALTH:detail:34100111021:2023:26; raw_extractions:openbook_contract_detail:BLUEAPPLE HEALTH:detail:34100113294:2023:26; raw_extractions:openbook_contract_detail:BLUEAPPLE HEALTH:detail:44100111021:2024:26; raw_extractions:openbook_contract_detail:BLUEAPPLE HEALTH:detail:44100113294:2024:26; raw_extractions:openbook_contract_detail:BLUEAPPLE HEALTH:detail:54100111021:2025:26; raw_extractions:openbook_contract_detail:BLUEAPPLE HEALTH:detail:54100199896:2025:26; raw_extractions:openbook_contract_detail:BLUEAPPLE HEALTH:detail:54100113294:2025:26; raw_extractions:openbook_contract_detail:BLUEAPPLE HEALTH:detail:64100199896:2026:26; ... (+68 more),raw_extractions_payload_scan_union_all_payloads_profiled_first_n_rows_across_feed
openbook_contract_detail_json,warrants,yes,payload_json,raw_extractions.payload_json,yes,database/federal_fec.py; scraper/openbook_scraper.py,,,Keep mapped; retain raw snapshot payloads for auditability.,80,yes,0.0,[],raw_extractions:openbook_contract_detail:BLUEDAG LLC:detail:484BLUE1148:2024:26; raw_extractions:openbook_contract_detail:BLUEDAG LLC:detail:584BLUE1148:2025:26; raw_extractions:openbook_contract_detail:BLUEAPPLE HEALTH LLC:detail:54100199896:2025:26; raw_extractions:openbook_contract_detail:BLUEAPPLE HEALTH LLC:detail:64100199896:2026:26; raw_extractions:openbook_contract_detail:BLUEAPPLE HEALTH:detail:34100111021:2023:26; raw_extractions:openbook_contract_detail:BLUEAPPLE HEALTH:detail:34100113294:2023:26; raw_extractions:openbook_contract_detail:BLUEAPPLE HEALTH:detail:44100111021:2024:26; raw_extractions:openbook_contract_detail:BLUEAPPLE HEALTH:detail:44100113294:2024:26; raw_extractions:openbook_contract_detail:BLUEAPPLE HEALTH:detail:54100111021:2025:26; raw_extractions:openbook_contract_detail:BLUEAPPLE HEALTH:detail:54100199896:2025:26; raw_extractions:openbook_contract_detail:BLUEAPPLE HEALTH:detail:54100113294:2025:26; raw_extractions:openbook_contract_detail:BLUEAPPLE HEALTH:detail:64100199896:2026:26; ... (+68 more),raw_extractions_payload_scan_union_all_payloads_profiled_first_n_rows_across_feed
chicago_contracts_socrata_json,purchase_order_description,yes,,chicago_contracts_raw.purchase_order_description,no,,,,Keep mapped; add downstream consumers or retire feed if staging-only is intentional.,1,yes,0.0096,DEMOLITION | JANITORIAL SUPPLIES | MASTER AGREEMENT FOR DEMOLITION SERVICES,https://data.cityofchicago.org/resource/rsxa-ify5.json?%24limit=5000&%24order=%3Aid,socrata_metadata_columns_plus_sample_rows
chicago_contracts_socrata_json,purchase_order_contract_number,yes,,chicago_contracts_raw.purchase_order_contract_number,no,,,,Keep mapped; add downstream consumers or retire feed if staging-only is intentional.,1,yes,0.0,E011442 | T27500 | C02163,https://data.cityofchicago.org/resource/rsxa-ify5.json?%24limit=5000&%24order=%3Aid,socrata_metadata_columns_plus_sample_rows
chicago_contracts_socrata_json,revision_number,yes,,chicago_contracts_raw.revision_number,no,,,,Keep mapped; add downstream consumers or retire feed if staging-only is intentional.,1,yes,0.0,0 | 1 | 7,https://data.cityofchicago.org/resource/rsxa-ify5.json?%24limit=5000&%24order=%3Aid,socrata_metadata_columns_plus_sample_rows
chicago_contracts_socrata_json,specification_number,yes,,chicago_contracts_raw.specification_number,no,,,,Keep mapped; add downstream consumers or retire feed if staging-only is intentional.,1,yes,0.0002,E968020030 | B74851001 | B89683203,https://data.cityofchicago.org/resource/rsxa-ify5.json?%24limit=5000&%24order=%3Aid,socrata_metadata_columns_plus_sample_rows
chicago_contracts_socrata_json,contract_type,yes,,chicago_contracts_raw.contract_type,no,,,,Keep mapped; add downstream consumers or retire feed if staging-only is intentional.,1,yes,0.0054,CONSTRUCTION-GENERAL | WORK SERVICES-SMALL ORDERS | COMMODITIES-SMALL ORDERS,https://data.cityofchicago.org/resource/rsxa-ify5.json?%24limit=5000&%24order=%3Aid,socrata_metadata_columns_plus_sample_rows
chicago_contracts_socrata_json,start_date,yes,,chicago_contracts_raw.start_date,no,,,,Keep mapped; add downstream consumers or retire feed if staging-only is intentional.,1,yes,0.5364,1997-12-01T00:00:00.000 | 2014-03-07T00:00:00.000 | 2012-11-13T00:00:00.000,https://data.cityofchicago.org/resource/rsxa-ify5.json?%24limit=5000&%24order=%3Aid,socrata_metadata_columns_plus_sample_rows
chicago_contracts_socrata_json,end_date,yes,,chicago_contracts_raw.end_date,no,,,,Keep mapped; add downstream consumers or retire feed if staging-only is intentional.,1,yes,0.5808,1999-11-30T00:00:00.000 | 2017-03-06T00:00:00.000 | 2014-11-12T00:00:00.000,https://data.cityofchicago.org/resource/rsxa-ify5.json?%24limit=5000&%24order=%3Aid,socrata_metadata_columns_plus_sample_rows
chicago_contracts_socrata_json,approval_date,yes,,chicago_contracts_raw.approval_date,no,,,,Keep mapped; add downstream consumers or retire feed if staging-only is intentional.,1,yes,0.0024,2014-09-05T00:00:00.000 | 2014-08-28T00:00:00.000 | 2014-08-25T00:00:00.000,https://data.cityofchicago.org/resource/rsxa-ify5.json?%24limit=5000&%24order=%3Aid,socrata_metadata_columns_plus_sample_rows
chicago_contracts_socrata_json,department,yes,,chicago_contracts_raw.department,no,,,,Keep mapped; add downstream consumers or retire feed if staging-only is intentional.,1,yes,0.1304,DEPARTMENT OF BUILDINGS | CHICAGO DEPARTMENT OF TRANSPORTATION | CHICAGO PUBLIC LIBRARY,https://data.cityofchicago.org/resource/rsxa-ify5.json?%24limit=5000&%24order=%3Aid,socrata_metadata_columns_plus_sample_rows
chicago_contracts_socrata_json,vendor_name,yes,,chicago_contracts_raw.vendor_name,no,,,,Keep mapped; add downstream consumers or retire feed if staging-only is intentional.,1,yes,0.0,"MIDWEST WRECKING COMPANY 01 | CHICAGO UNITED INDUSTRIES, LIMITED | DEMOLITION & DEVELOPMENT, LIMITED.",https://data.cityofchicago.org/resource/rsxa-ify5.json?%24limit=5000&%24order=%3Aid,socrata_metadata_columns_plus_sample_rows
chicago_contracts_socrata_json,vendor_id,yes,,chicago_contracts_raw.vendor_id,no,,,,Keep mapped; add downstream consumers or retire feed if staging-only is intentional.,1,yes,0.0,14878414T | 22085024V | 22414299V,https://data.cityofchicago.org/resource/rsxa-ify5.json?%24limit=5000&%24order=%3Aid,socrata_metadata_columns_plus_sample_rows
chicago_contracts_socrata_json,address_1,no,,,no,,database/chicago_loader.py:378,explicitly excluded (Socrata $select projection omits this raw column),Add this column to chicago_loader select_fields + parse/upsert mappings if required.,1,yes,0.0,1950 W HUBBARD ST | 53 W JACKSON BLVD # 1450 | P.0. BOX 10263,https://data.cityofchicago.org/resource/rsxa-ify5.json?%24limit=5000&%24order=%3Aid,socrata_metadata_columns_plus_sample_rows
chicago_contracts_socrata_json,address_2,no,,,no,,database/chicago_loader.py:378,explicitly excluded (Socrata $select projection omits this raw column),Add this column to chicago_loader select_fields + parse/upsert mappings if required.,1,yes,0.8712,3228 S WOOD ST | # 4 | 7950 JOLIET RD STE 200,https://data.cityofchicago.org/resource/rsxa-ify5.json?%24limit=5000&%24order=%3Aid,socrata_metadata_columns_plus_sample_rows
chicago_contracts_socrata_json,city,yes,,chicago_contracts_raw.city,no,,,,Keep mapped; add downstream consumers or retire feed if staging-only is intentional.,1,yes,0.0,CHICAGO | BURLINGTON | GLENVIEW,https://data.cityofchicago.org/resource/rsxa-ify5.json?%24limit=5000&%24order=%3Aid,socrata_metadata_columns_plus_sample_rows
chicago_contracts_socrata_json,state,yes,,chicago_contracts_raw.state,no,,,,Keep mapped; add downstream consumers or retire feed if staging-only is intentional.,1,yes,0.0,IL | MA | NE,https://data.cityofchicago.org/resource/rsxa-ify5.json?%24limit=5000&%24order=%3Aid,socrata_metadata_columns_plus_sample_rows
chicago_contracts_socrata_json,zip,yes,,chicago_contracts_raw.zip,no,,,,Keep mapped; add downstream consumers or retire feed if staging-only is intentional.,1,yes,0.0092,60622 | 60604-3806 | 60610,https://data.cityofchicago.org/resource/rsxa-ify5.json?%24limit=5000&%24order=%3Aid,socrata_metadata_columns_plus_sample_rows
chicago_contracts_socrata_json,award_amount,yes,,chicago_contracts_raw.award_amount,no,,,,Keep mapped; add downstream consumers or retire feed if staging-only is intentional.,1,yes,0.0,17500 | 0 | 7000,https://data.cityofchicago.org/resource/rsxa-ify5.json?%24limit=5000&%24order=%3Aid,socrata_metadata_columns_plus_sample_rows
chicago_contracts_socrata_json,procurement_type,yes,,chicago_contracts_raw.procurement_type,no,,,,Keep mapped; add downstream consumers or retire feed if staging-only is intentional.,1,yes,0.4446,BID | MASTER AGREEMENT | RFQ,https://data.cityofchicago.org/resource/rsxa-ify5.json?%24limit=5000&%24order=%3Aid,socrata_metadata_columns_plus_sample_rows
chicago_contracts_socrata_json,contract_pdf,yes,,chicago_contracts_raw.contract_pdf,no,,,,Keep mapped; add downstream consumers or retire feed if staging-only is intentional.,1,yes,1.0,,https://data.cityofchicago.org/resource/rsxa-ify5.json?%24limit=5000&%24order=%3Aid,socrata_metadata_columns_plus_sample_rows
chicago_payments_socrata_json,voucher_number,yes,,chicago_payments_raw.voucher_number,no,,,,Keep mapped; add downstream consumers or retire feed if staging-only is intentional.,1,yes,0.318,PV81248102104 | CVIP244117202 | PV27252766021,https://data.cityofchicago.org/resource/s4vu-giwb.json?%24limit=5000&%24order=%3Aid,socrata_metadata_columns_plus_sample_rows
chicago_payments_socrata_json,amount,yes,,chicago_payments_raw.amount,no,,,,Keep mapped; add downstream consumers or retire feed if staging-only is intentional.,1,yes,0.0,175 | 69.85 | 38554.81,https://data.cityofchicago.org/resource/s4vu-giwb.json?%24limit=5000&%24order=%3Aid,socrata_metadata_columns_plus_sample_rows
chicago_payments_socrata_json,check_date,yes,check_date_raw,chicago_payments_raw.check_date_raw,no,,,,Keep mapped; add downstream consumers or retire feed if staging-only is intentional.,1,yes,0.0,12/18/2024 | 03/27/2025 | 2021,https://data.cityofchicago.org/resource/s4vu-giwb.json?%24limit=5000&%24order=%3Aid,socrata_metadata_columns_plus_sample_rows
chicago_payments_socrata_json,department_name,yes,,chicago_payments_raw.department_name,no,,,,Keep mapped; add downstream consumers or retire feed if staging-only is intentional.,1,yes,0.66,DEPARTMENT OF WATER MANAGEMENT | CHICAGO DEPARTMENT OF TRANSPORTATION | DEPT OF ASSETS INFORMATION AND SERVICES,https://data.cityofchicago.org/resource/s4vu-giwb.json?%24limit=5000&%24order=%3Aid,socrata_metadata_columns_plus_sample_rows
chicago_payments_socrata_json,contract_number,yes,,chicago_payments_raw.contract_number,no,,,,Keep mapped; add downstream consumers or retire feed if staging-only is intentional.,1,yes,0.0,DV | 241821 | 124392,https://data.cityofchicago.org/resource/s4vu-giwb.json?%24limit=5000&%24order=%3Aid,socrata_metadata_columns_plus_sample_rows
chicago_payments_socrata_json,vendor_name,yes,,chicago_payments_raw.vendor_name,no,,,,Keep mapped; add downstream consumers or retire feed if staging-only is intentional.,1,yes,0.0,THOMAS HEITZMAN | CHRISTIAN COMMUNITY HEALTH CENTER | TRAVELERS & IMMIGRANTS AID'S HEARTLAND ALLIANCE FOR HUMAN NEEDS & HUMAN RIGHTS,https://data.cityofchicago.org/resource/s4vu-giwb.json?%24limit=5000&%24order=%3Aid,socrata_metadata_columns_plus_sample_rows
chicago_lobbyist_contributions_socrata_json,contribution_id,yes,,chicago_lobbyist_contributions_raw.contribution_id,no,,,,Keep mapped; add downstream consumers or retire feed if staging-only is intentional.,1,yes,0.0,997687494 | 1772781085 | 3074589131,https://data.cityofchicago.org/resource/p9p7-vfqc.json?%24limit=5000&%24order=%3Aid,socrata_metadata_columns_plus_sample_rows
chicago_lobbyist_contributions_socrata_json,period_start,yes,,chicago_lobbyist_contributions_raw.period_start,no,,,,Keep mapped; add downstream consumers or retire feed if staging-only is intentional.,1,yes,0.0,2016-01-01T00:00:00.000 | 2019-10-01T00:00:00.000 | 2016-04-01T00:00:00.000,https://data.cityofchicago.org/resource/p9p7-vfqc.json?%24limit=5000&%24order=%3Aid,socrata_metadata_columns_plus_sample_rows
chicago_lobbyist_contributions_socrata_json,period_end,yes,,chicago_lobbyist_contributions_raw.period_end,no,,,,Keep mapped; add downstream consumers or retire feed if staging-only is intentional.,1,yes,0.0,2016-03-31T00:00:00.000 | 2019-12-31T00:00:00.000 | 2016-06-30T00:00:00.000,https://data.cityofchicago.org/resource/p9p7-vfqc.json?%24limit=5000&%24order=%3Aid,socrata_metadata_columns_plus_sample_rows
chicago_lobbyist_contributions_socrata_json,contribution_date,yes,,chicago_lobbyist_contributions_raw.contribution_date,no,,,,Keep mapped; add downstream consumers or retire feed if staging-only is intentional.,1,yes,0.0,2016-01-28T00:00:00.000 | 2019-11-07T00:00:00.000 | 2016-05-23T00:00:00.000,https://data.cityofchicago.org/resource/p9p7-vfqc.json?%24limit=5000&%24order=%3Aid,socrata_metadata_columns_plus_sample_rows
chicago_lobbyist_contributions_socrata_json,recipient,yes,,chicago_lobbyist_contributions_raw.recipient,no,,,,Keep mapped; add downstream consumers or retire feed if staging-only is intentional.,1,yes,0.0,DEMOCRATIC PARTY OF THE 49TH WARD | CHRIS TALIAFERRO | ALD HOPKINS,https://data.cityofchicago.org/resource/p9p7-vfqc.json?%24limit=5000&%24order=%3Aid,socrata_metadata_columns_plus_sample_rows
chicago_lobbyist_contributions_socrata_json,amount,yes,,chicago_lobbyist_contributions_raw.amount,no,,,,Keep mapped; add downstream consumers or retire feed if staging-only is intentional.,1,yes,0.0,1500 | 250 | 500,https://data.cityofchicago.org/resource/p9p7-vfqc.json?%24limit=5000&%24order=%3Aid,socrata_metadata_columns_plus_sample_rows
chicago_lobbyist_contributions_socrata_json,lobbyist_id,yes,,chicago_lobbyist_contributions_raw.lobbyist_id,no,,,,Keep mapped; add downstream consumers or retire feed if staging-only is intentional.,1,yes,0.0,4254 | 18181 | 3912,https://data.cityofchicago.org/resource/p9p7-vfqc.json?%24limit=5000&%24order=%3Aid,socrata_metadata_columns_plus_sample_rows
chicago_lobbyist_contributions_socrata_json,lobbyist_first_name,yes,,chicago_lobbyist_contributions_raw.lobbyist_first_name,no,,,,Keep mapped; add downstream consumers or retire feed if staging-only is intentional.,1,yes,0.0,ARNOLD | JOHN | TERRY,https://data.cityofchicago.org/resource/p9p7-vfqc.json?%24limit=5000&%24order=%3Aid,socrata_metadata_columns_plus_sample_rows
chicago_lobbyist_contributions_socrata_json,lobbyist_last_name,yes,,chicago_lobbyist_contributions_raw.lobbyist_last_name,no,,,,Keep mapped; add downstream consumers or retire feed if staging-only is intentional.,1,yes,0.0,HARRIS | DALEY | GABINSKI,https://data.cityofchicago.org/resource/p9p7-vfqc.json?%24limit=5000&%24order=%3Aid,socrata_metadata_columns_plus_sample_rows
chicago_lobbyist_contributions_socrata_json,created_date,no,,,no,,database/chicago_loader.py:407,explicitly excluded (Socrata $select projection omits this raw column),Add this column to chicago_loader select_fields + parse/upsert mappings if required.,1,yes,0.0,2016-04-19T00:00:00.000 | 2020-01-20T00:00:00.000 | 2017-01-30T00:00:00.000,https://data.cityofchicago.org/resource/p9p7-vfqc.json?%24limit=5000&%24order=%3Aid,socrata_metadata_columns_plus_sample_rows
chicago_lobbying_activity_socrata_json,lobbying_activity_id,yes,,chicago_lobbying_activity_raw.lobbying_activity_id,no,,,,Keep mapped; add downstream consumers or retire feed if staging-only is intentional.,1,yes,0.0,4024574064 | 334762988 | 3913494580,https://data.cityofchicago.org/resource/pahz-egmi.json?%24limit=5000&%24order=%3Aid,socrata_metadata_columns_plus_sample_rows
chicago_lobbying_activity_socrata_json,period_start,yes,,chicago_lobbying_activity_raw.period_start,no,,,,Keep mapped; add downstream consumers or retire feed if staging-only is intentional.,1,yes,0.0,2014-07-01T00:00:00.000 | 2019-10-01T00:00:00.000 | 2016-10-01T00:00:00.000,https://data.cityofchicago.org/resource/pahz-egmi.json?%24limit=5000&%24order=%3Aid,socrata_metadata_columns_plus_sample_rows
chicago_lobbying_activity_socrata_json,period_end,yes,,chicago_lobbying_activity_raw.period_end,no,,,,Keep mapped; add downstream consumers or retire feed if staging-only is intentional.,1,yes,0.0,2014-09-30T00:00:00.000 | 2019-12-31T00:00:00.000 | 2016-12-31T00:00:00.000,https://data.cityofchicago.org/resource/pahz-egmi.json?%24limit=5000&%24order=%3Aid,socrata_metadata_columns_plus_sample_rows
chicago_lobbying_activity_socrata_json,action,yes,,chicago_lobbying_activity_raw.action,no,,,,Keep mapped; add downstream consumers or retire feed if staging-only is intentional.,1,yes,0.0,LEGISLATIVE | BOTH (ADMINISTRATIVE AND LEGISLATIVE) | ADMINISTRATIVE,https://data.cityofchicago.org/resource/pahz-egmi.json?%24limit=5000&%24order=%3Aid,socrata_metadata_columns_plus_sample_rows
chicago_lobbying_activity_socrata_json,action_sought,yes,,chicago_lobbying_activity_raw.action_sought,no,,,,Keep mapped; add downstream consumers or retire feed if staging-only is intentional.,1,yes,0.0,AMENDMENT TO PLANNED DEVELOPMENT | DISCUSSED FY 2020 BUDGET | CONTRACT APPROVAL,https://data.cityofchicago.org/resource/pahz-egmi.json?%24limit=5000&%24order=%3Aid,socrata_metadata_columns_plus_sample_rows
chicago_lobbying_activity_socrata_json,department,yes,,chicago_lobbying_activity_raw.department,no,,,,Keep mapped; add downstream consumers or retire feed if staging-only is intentional.,1,yes,0.0,TRANSPORTATION | MAYORS OFFICE | PROCUREMENT SERVICES,https://data.cityofchicago.org/resource/pahz-egmi.json?%24limit=5000&%24order=%3Aid,socrata_metadata_columns_plus_sample_rows
chicago_lobbying_activity_socrata_json,client_id,yes,,chicago_lobbying_activity_raw.client_id,no,,,,Keep mapped; add downstream consumers or retire feed if staging-only is intentional.,1,yes,0.0,2201517748 | 83073491 | 2367121887,https://data.cityofchicago.org/resource/pahz-egmi.json?%24limit=5000&%24order=%3Aid,socrata_metadata_columns_plus_sample_rows
chicago_lobbying_activity_socrata_json,client_name,yes,,chicago_lobbying_activity_raw.client_name,no,,,,Keep mapped; add downstream consumers or retire feed if staging-only is intentional.,1,yes,0.0,FRIEDMAN PROPERTIES | ILLINOIS RESTAURANT ASSOCIATION | WESTFIELD GROUP,https://data.cityofchicago.org/resource/pahz-egmi.json?%24limit=5000&%24order=%3Aid,socrata_metadata_columns_plus_sample_rows
chicago_lobbying_activity_socrata_json,lobbyist_id,yes,,chicago_lobbying_activity_raw.lobbyist_id,no,,,,Keep mapped; add downstream consumers or retire feed if staging-only is intentional.,1,yes,0.0,6842 | 5201 | 3744,https://data.cityofchicago.org/resource/pahz-egmi.json?%24limit=5000&%24order=%3Aid,socrata_metadata_columns_plus_sample_rows
chicago_lobbying_activity_socrata_json,lobbyist_first_name,yes,,chicago_lobbying_activity_raw.lobbyist_first_name,no,,,,Keep mapped; add downstream consumers or retire feed if staging-only is intentional.,1,yes,0.0,JOHN | SAM | TIMOTHY,https://data.cityofchicago.org/resource/pahz-egmi.json?%24limit=5000&%24order=%3Aid,socrata_metadata_columns_plus_sample_rows
chicago_lobbying_activity_socrata_json,lobbyist_middle_initial,no,,,no,,database/chicago_loader.py:419,explicitly excluded (Socrata $select projection omits this raw column),Add this column to chicago_loader select_fields + parse/upsert mappings if required.,1,yes,0.3962,J | A | S,https://data.cityofchicago.org/resource/pahz-egmi.json?%24limit=5000&%24order=%3Aid,socrata_metadata_columns_plus_sample_rows
chicago_lobbying_activity_socrata_json,lobbyist_last_name,yes,,chicago_lobbying_activity_raw.lobbyist_last_name,no,,,,Keep mapped; add downstream consumers or retire feed if staging-only is intentional.,1,yes,0.0,GEORGE | TOIA | DART,https://data.cityofchicago.org/resource/pahz-egmi.json?%24limit=5000&%24order=%3Aid,socrata_metadata_columns_plus_sample_rows
chicago_lobbying_activity_socrata_json,created_date,no,,,no,,database/chicago_loader.py:419,explicitly excluded (Socrata $select projection omits this raw column),Add this column to chicago_loader select_fields + parse/upsert mappings if required.,1,yes,0.0,2015-01-26T00:00:00.000 | 2020-01-16T00:00:00.000 | 2017-01-04T00:00:00.000,https://data.cityofchicago.org/resource/pahz-egmi.json?%24limit=5000&%24order=%3Aid,socrata_metadata_columns_plus_sample_rows
